idx,id,match_pct,flag,start,end,text,whisper_heard
0,3509fca29bfd,100%,,0.0,4.08,The Genesis Melody,"The Genesis Melody,"
1,a557ade044d8,67%,,4.08,5.78,A Quick Foreword,A quick
2,35fd6ee40418,100%,,5.78,6.36,Hey.,"Hey,"
3,3f6496c4572e,100%,,6.36,7.02,Hi.,hi.
4,c9f8c808b25c,100%,,7.02,11.0,"Before we get started, I wanted to let you know that I love you.","Before we get started, I wanted to let you know that I love you."
5,f40f59be03d0,100%,,11.0,15.54,"Yes, that’s extremely awkward to say in our generation, but it really shouldn’t be.","Yes, that's extremely awkward to say in our generation, but it really shouldn't be."
6,4a3ee51965df,100%,,15.54,18.32,"Of course, I don’t know you, and we’ve never met.","Of course, I don't know you, and we've never met,"
7,ef6806914cb4,100%,,18.32,23.66,"So my love for you is a bit limited, but you are an Image of God like me, so…","so my love for you is a bit limited. But you are an image of God like me, so"
8,1fc92a48da7c,100%,,23.66,25.14,I love you.,I love you.
9,9fe464b80dcc,100%,,25.14,26.22,"Oops, I said it again.","Oops, I said it again."
10,d7d1e33deb36,100%,,26.22,33.26,My goal here is to help you see a pattern in Scripture that I think should be important to your life.,My goal here is to help you see a pattern in Scripture that I think should be important to your life.
11,e57eacbd1f40,100%,,33.26,36.78,We’re going to look mainly at Genesis 1-23.,We're going to look mainly at Genesis 1 through 23.
12,6cf695118c39,100%,,36.78,45.84,"In these chapters God works with his human partners in many ways, but the structure of the text is very carefully designed.","In these chapters, God works with his human partners in many ways, but the structure of the text is very carefully designed."
13,fa411bda3cc8,100%,,45.84,56.22,"God creates and calls, those parts will be fun to study, but he also tests and brings about collapse in response to human partners.",God creates and calls. Those parts will be fun to study. But he also tests and brings about collapse in response to human partners.
14,ccb02126e0e6,97%,,56.22,68.26,"Trying to understand how God is at work even through a collapse should help give you hope and confidence in things yet to come, so those parts should not to be overlooked.","Trying to understand how God is at work, even through a collapse, should help give you hope and confidence in things yet to come, so those parts should not be overlooked."
15,e2f8589e31e4,100%,,68.26,75.46,"This pattern has been woven into all scripture, and the more you study, the more you will see.","This pattern has been woven into all Scripture, and the more you study, the more you will see."
16,acf1f5717ede,100%,,75.46,80.54,Let’s become apprentices together so that we can know|love Him more.,"Let's become apprentices together so that we can know, love him more."
17,9667352b46fd,100%,,84.7,86.82,Introduction and Motivation,Introduction and Motivation
18,7031f7dc1d09,100%,,86.82,91.86,This guide is organized into three main sections:,This guide is organized into three main sections.
19,aad068bdc9b7,100%,,91.86,93.56,Introduction and Motivation,"Introduction and Motivation,"
20,2d62ea1d6123,100%,,93.56,96.34,The part you are about to read.,the part you are about to read.
21,225be6b055cb,100%,,96.34,97.74,Melody Observations,"Melody Observations,"
22,6157668bc9b2,100%,,97.74,103.2,"A detailed look at Genesis 1-22, broken into three parts:","a detailed look at Genesis 1 through 22, broken into three parts."
23,e92bff512c3b,100%,,103.2,107.44,Genesis 1-7: The Template of the Melody,"Genesis 1 through 7, the template of the melody."
24,c13afd5d022f,100%,,107.44,111.98,Genesis 8-11: The Second Round of the Melody,"Genesis 8 through 11, the second round of the melody."
25,80b5e026d22c,73%,,111.98,118.64,Genesis 11:27-22:19: Cycles Three to Seven with Avraham,"Genesis 11, 27 through 22, 19. Cycles 3 to 7 with"
26,b8a90552c9e9,90%,,118.64,126.76,"From there, this guide will pivot when we read the details of the seventh cycle's collapse and re-creation moments.","From there, this guide will pivot. When we read the details of the seventh cycle's collapse and recreation moments,"
27,a36f681cdd18,96%,,126.76,136.4,"We’ll let the story guide us, but something will happen naturally when we read about Avraham's test and the oath that Yahweh makes.","we'll let the story guide us, but something will happen naturally when we read about Abraham's test and the oath that Yahweh makes."
28,02c000cd52f7,100%,,136.4,139.12,The Melody Points to Jesus,The melody points to Jesus.
29,a0df6a906e0e,100%,,139.12,145.48,"When you read the Bible, it’s tempting to read only the parts about Jesus and the early church.","When you read the Bible, it's tempting to read only the parts about Jesus and the early church."
30,4c82c324a12f,100%,,145.48,152.5,"However, God’s grand song is best experienced when the Old Testament paves the way.","However, God's grand song is best experienced when the Old Testament paves the way."
31,3faa463d254e,100%,,152.5,154.24,This guide is the same.,This guide is the same.
32,a5b0952de7df,100%,,154.24,162.1,"You should expect to enjoy the final section about Jesus the most, but do try to read the earlier sections first.","You should expect to enjoy the final section about Jesus the most, but do try to read the earlier sections first."
33,432d826cbc5d,100%,,162.1,167.92,"Think of it like a movie, the climax means more when you haven't skipped the first hour.",Think of it like a movie. The climax means more when you haven't skipped the first hour.
34,9517658c6577,100%,,171.16,175.04,Summary: What is The Genesis Melody?,Summary What is the Genesis Melody?
35,87672d72ca3a,100%,,175.04,178.66,"When you approach the Bible, what do you see there?","When you approach the Bible, what do you see there?"
36,9df242f7d7c2,100%,,178.66,180.7,"Well, what do you expect to see there?","Well, what do you expect to see there?"
37,6c3c09b3cb7a,100%,,180.7,186.08,Over time we have been trained to see only some parts of the Bible.,"Over time, we have been trained to see only some parts of the Bible."
38,4c641b46cbbf,100%,,186.08,192.26,Our expectations are often at odds with our ability to simply receive the message.,Our expectations are often at odds with our ability to simply receive the message.
39,955636f50972,100%,,192.26,198.74,This guide will focus on reading Genesis 1-23 trying to see patterns.,"This guide will focus on reading Genesis 1 through 23, trying to see patterns."
40,b0b1f7e61ab1,100%,,198.74,202.74,The goal is to approach the text as a blank slate.,The goal is to approach the text as a blank slate.
41,f0ae236fa1e4,100%,,202.74,209.6,"To be honest, I’m not capable of doing that either, but it’s important to know the mindset we’d like to have.","To be honest, I'm not capable of doing that either, but it's important to know the mindset we'd like to have."
42,0e973d5ccc5c,100%,,209.6,214.04,Shaping the Bible to meet our expectations is rather pointless.,Shaping the Bible to meet our expectations is rather pointless.
43,9e86a16e7bce,94%,,214.04,219.06,"The goal is to open ourselves up, so that we can be shaped by the Bible.",The goal is to open ourselves up so we can be shaped by the Bible.
44,b314450db25f,100%,,219.06,223.18,I’m really excited to share with you some things I've gotten to see in Genesis.,I'm really excited to share with you some of the things I've gotten to see in Genesis.
45,718caa4a6741,100%,,223.18,232.7,"Through this writing process, I’ve felt the guiding presence of the Spirit myself and I’m just amazed at what these authors have been able to create.","Through this writing process, I've felt the guiding presence of the Spirit myself, and I'm just amazed at what these authors have been able to create."
46,3338d4ae3ceb,100%,,232.7,244.18,"The Hebrew Bible, the Old Testament, was carefully written by humans partnering with the work of the Spirit over the course of hundreds of years to make God known to us.","The Hebrew Bible, the Old Testament, was carefully written by humans partnering with the work of the Spirit over the course of hundreds of years to make God known to us."
47,fd905d70ba48,100%,,244.18,253.64,"As a result, it is a VERY dense, beautiful collection of ancient scrolls with many layers to unpack.","As a result, it is a very dense, beautiful collection of ancient scrolls with many layers to unpack."
48,1889a9d24161,100%,,253.64,261.46,"Readers who start at the beginning, myself included, see only a small fraction of the depth the authors are communicating.","Readers who start at the beginning, myself included, see only a small fraction of the depth the authors are communicating."
49,b18a4bc3daca,100%,,261.46,265.28,"However, the goal of this guide is not to learn everything.","However, the goal of this guide is not to learn everything."
50,086bb10fe705,100%,,265.28,271.36,We’ll choose to focus on just one significant layer that is often overlooked.,We'll choose to focus on just one significant layer that is often overlooked.
51,894dc7558f66,100%,,271.36,280.02,"There is a clear, repeated creation melody that runs throughout the Hebrew Bible and into the New Testament.","There is a clear, repeated, creation melody that runs throughout the Hebrew Bible and into the New Testament."
52,3b0c686d7a5b,100%,,280.02,289.24,"Once you have eyes to see and ears to hear how the authors replay the notes, you won’t be able to miss them as you continue to read the Bible.","Once you have eyes to see and ears to hear how the authors replay the notes, you won't be able to miss them as you continue to read the Bible."
53,a94171f4706d,100%,,289.24,295.0,"This song starts with God bringing about creation, life, and blessing.","This song starts with God bringing about creation, life, and blessing."
54,ac37f2acf6ff,100%,,295.0,300.26,He then calls human partners to share in the work.,He then calls human partners to share in the work.
55,055ccaa23838,100%,,300.26,308.98,Often characteristic human choices lead to the division of relationships causing things to come to a head in a collapse.,"Often, characteristic human choices lead to the division of relationships, causing things to come to a head in a collapse."
56,44efea263d0d,100%,,308.98,316.26,"At other times, pattern breakers step in who choose to trust and obey God.","At other times, pattern breakers step in who choose to trust and obey God."
57,b76a0e0e2d0f,100%,,316.26,325.32,"Strangely, the collapse often falls on them just the same, but they go through the collapse with God.","Strangely, the collapse often falls on them just the same, but they go through the collapse with God."
58,23aa21e9f150,100%,,325.32,342.32,"Much like the rain, which falls on the just and the unjust alike, they too experience genuine suffering, but through them God can once again bring about creation, life, and blessing from the non-life.","Much like the rain, which falls on the just and the unjust alike, they too experience genuine suffering. But through them, God can once again bring about creation, life, and blessing from the non -life."
59,ff1a8d0bcf54,100%,,342.32,351.62,"Understanding how God continually brings about and sustains life is foundational not just in the Bible, but in our own lives as well.","Understanding how God continually brings about and sustains life is foundational, not just in the Bible, but in our own lives as well."
60,5709954feb7c,100%,,351.62,360.94,"So the authors of the Bible provide a decoder ring, beginning on page one, to unlock the rest of the story.","So the authors of the Bible provide a decoder ring, beginning on page one, to unlock the rest of the story."
61,6e5996a00394,100%,,360.94,364.28,"Before we get started, I should explain the title.","Before we get started, I should explain the title."
62,4cfc657be313,100%,,364.28,374.76,"The word genesis means two things to us: first, it refers to the scroll of Genesis, but it also simply means what the word means.","The word Genesis means two things to us. First, it refers to the scroll of Genesis. But it also simply means what the word means."
63,6d419e9d5185,87%,,374.76,384.6,"The word genesis comes from the Greek γένεσις (génesis), meaning ""origin, source, beginning, or birth”.","The word Genesis comes from the Greek genesis, meaning origin, source, beginning, or birth."
64,91fe22ee9ee9,88%,,384.6,387.36,Matthew liked this word and so do I.,"Matthew liked this word, so do I."
65,41056a95bfe3,100%,,387.36,400.5,"So when choosing a title for a repeated creation pattern, a genesis, that is easily seen in the scroll of Genesis, it seemed only fitting to call it The Genesis Melody.","So when choosing a title for a repeated creation pattern, a Genesis, that is easily seen in the scroll of Genesis, it seemed only fitting to call it the Genesis Melody."
66,27c7f2e94178,100%,,400.5,402.06,"However, don’t be fooled!","However, don't be fooled."
67,15a69bf075bc,100%,,402.06,409.7,The author of life keeps creating well beyond the pages of Genesis.,The author of life keeps creating well beyond the pages of Genesis.
68,c136186f5614,100%,,409.7,411.7,Background,Background.
69,a3ac4cd861cb,94%,,411.7,421.22,"The melody is discussed at length in the BibleProject Genesis Classroom series, namely, these five courses:","The melody is discussed at length in the Bible Project Genesis Classroom series, namely these five courses."
70,bc928157368f,100%,,421.22,422.64,Heaven and Earth,"Heaven and Earth,"
71,f1715a42d7eb,100%,,422.64,424.3,Adam to Noah,"Adam to Noah,"
72,981cb832a0da,100%,,424.3,426.4,Noah to Abraham,"Noah to Abraham,"
73,cd0eed7cff00,100%,,426.4,427.76,Abraham,"Abraham,"
74,b9a4d659dbd6,100%,,427.76,429.1,Jacob,Jacob.
75,3ca49ff25f3f,98%,,429.1,450.62,"From these courses the most succinct summaries of what Tim Mackie calls “The Melody” are found in session 11 of the Abraham class, titled The Genesis 1-11 Melody Repeats, or sessions 2 and 3 of the Jacob class, The Thematic Melody of Genesis 1-9 and Abraham Replays the Melody.","From these courses, the most succinct summaries of what Tim Mackey calls the melody are found in session 11 of the Abraham class, titled The Genesis 1 -11 Melody Repeats, or sessions 2 and 3 of the Jacob class, The Thematic Melody of Genesis 1 -9 and Abraham Replays the Melody."
76,091ea0bdaef1,100%,,450.62,456.18,"However, if you are new to the melody concept, it’s best to start from the beginning.","However, if you are new to the melody concept, it's best to start from the beginning."
77,957fa8921166,100%,,456.18,466.48,"Through his studies, Tim began to see how the authors replayed similar concepts, often in the same order, that felt like the melody of a song.","Through his studies, Tim began to see how the authors replayed similar concepts, often in the same order, that felt like the melody of a song."
78,dc4ed2b745c6,100%,,466.48,474.58,"It emerged after years of teaching, exploring commentaries, and discussing the text with reading communities.","It emerged after years of teaching, exploring commentaries, and discussing the text with reading communities."
79,ea2ba906e03d,100%,,474.58,488.76,"These concepts have become so important to Tim that he starts nearly every course with a recap of The Melody, see the Joseph class, The Thematic Melody of the Hebrew Bible, or the Ezekiel class, The Main Themes of the Torah.","These concepts have become so important to Tim that he starts nearly every course with a recap of the melody. See the Joseph class, the thematic melody of the Hebrew Bible, or the Ezekiel class, the main themes of the Torah."
80,148b82b477a4,100%,,488.76,492.42,It leads Tim to make statements like:,"It leads Tim to make statements like,"
81,ea462c4698d1,100%,,492.42,497.94,“And that is a way to summarize almost all the narrative cycles of the Hebrew Bible.,And that is a way to summarize almost all the narrative cycles of the Hebrew Bible.
82,55dcba156ba3,100%,,497.94,501.3,It's these stories of God giving a blessing.,"It's these stories of God giving a blessing,"
83,42c8673c1d8b,100%,,501.3,507.96,"And it's great until they're faced with a choice that the blessing puts in front of them, whether they'll trust or not.","and it's great until they're faced with a choice that the blessing puts in front of them, whether they'll trust or not."
84,887a4edc2897,83%,,507.96,513.02,Just a zillion times over in all of these stories and poems.,"Just a zillion times over, and all these stories and poems,"
85,8d497196973e,100%,,513.02,519.62,"Yes, trusting what God said, even when my circumstances look like the opposite of what God said.","yes, trusting what God said, even when my circumstances look like the opposite of what God said."
86,e2f0e0b409e0,100%,,519.62,528.12,"And what if, when my circumstances look like the opposite of what God said, what if I'm in the test?","And what if, when my circumstances look like the opposite of what God said, what if I'm in the test?"
87,c30cca6adf71,87%,,528.12,534.18,He sees the bible as a song that gets more complex as the patterns repeat.,He sees the Bible as a song that gets more complex as the
88,b64dd3cbc19f,94%,,534.18,541.84,Here is a rather extended quote from Tim and Jon for why they call it a melody:,Here is a rather extended quote from Tim and John for why they call it a melody.
89,9b2834bd4383,100%,,541.84,544.16,“Think of the use of melody in music.,"think of the use of melody in music,"
90,23b574442a1b,100%,,544.16,550.18,You can hear an unmistakable progression of notes that form a coherent whole.,you can hear an unmistakable progression of notes that form a coherent whole.
91,eff36ec77c63,100%,,550.18,558.64,"However, in sophisticated music such as orchestral music, that melody will develop with harmonies and innovations.","However, in sophisticated music, such as orchestral music, that melody will develop with harmonies and innovations."
92,2299fda3871e,100%,,558.64,565.46,"However, no matter how much innovation in the melody, the heart of the melody is still present.","However, no matter how much innovation in the melody, the heart of the melody is still present."
93,4e16b7e7a632,100%,,565.46,571.22,"As you listen, the melody gets more interesting, more nuanced, and more beautiful.","As you listen, the melody gets more interesting, more nuanced, and more beautiful."
94,e44d535fb801,100%,,571.22,574.3,This is the same way biblical literature works.,This is the same way biblical literature works.
95,df991f2842b1,100%,,574.3,587.46,"The Bible introduces us to a core set of narrative beats that repeat across the whole Bible, each time with variations but always recognizable as the same pattern.","The Bible introduces us to a core set of narrative beats that repeat across the whole Bible, each time with variations, but always recognizable as the same pattern."
96,3aa881d10b81,100%,,587.46,591.48,Genesis 1-11 establishes the musical notes.,Genesis 1 through 11 establishes the musical notes.
97,50f675692941,84%,,591.48,602.1,"The rest of the Hebrew Bible plays those notes in an escalating series of variations, never identically, always recognizably.","The rest of the Hebrew Bible plays these notes in an escalating series of variations, never identical, always"
98,7af34a02c922,100%,,602.1,605.6,The melody of the Bible is building towards something.,The melody of the Bible is building towards something.
99,48fc48f2f948,100%,,605.6,616.18,"The melody escalates toward a climactic moment in the life, death and resurrection of Jesus and in the people who follow him.","The melody escalates toward a climactic moment in the life, death, and resurrection of Jesus, and in the people who follow him."
100,e04418080106,100%,,616.18,624.0,"This guide builds on those insights, to lay out the melody for you and help us all meditate on the purpose.",This guide builds on those insights to lay out the melody for you and help us all meditate on the purpose.
101,711f08710697,100%,,624.0,629.98,What were these authors communicating by intentionally structuring the text in this way?,What were these authors communicating by intentionally structuring the text in this way?
102,e63b2045008e,100%,,633.3,636.08,Why Study the Melody,Why study the melody?
103,2d7ed341aa32,100%,,636.08,639.52,What is the value in seeing the structure of the melody?,What is the value in seeing the structure of the melody?
104,965afba7ef1f,100%,,639.52,647.66,The main focus in the Genesis courses is how the repeated notes should be ringing in our ears to link parts of the melody.,The main focus in the Genesis courses is how the repeated notes should be ringing in our ears to link parts of the melody.
105,4d3c00afb0cd,100%,,647.66,657.62,"Parallel stories might be separated by many chapters, but with only a few distinct notes the authors can put them side-by-side in your mind.","Parallel stories might be separated by many chapters, but with only a few distinct notes, the authors can put them side by side in your mind."
106,fdcd78c0af9b,100%,,657.62,662.7,"One story informs the other, and both benefit from the connection.","One story informs the other, and both benefit from the connection."
107,54640214bc5c,100%,,662.7,671.5,Let’s take a short but deep dive to consider one specific example: Genesis 3:6-7a.,"Let's take a short, but deep dive to consider one specific example. Genesis 3, 6 through 7a."
108,feafa87b9beb,100%,,671.5,674.24,You probably know this text well.,You probably know this text well.
109,75959f2f2aae,100%,,674.24,679.2,Notice the key words as you read it again.,Notice the key words as you read it again.
110,6e445fc0501b,85%,,679.2,683.72,"3:6 and the woman saw that the tree was good for eating,","And the woman saw that the tree was good for eating,"
111,f9fc635a8312,100%,,683.72,686.48,"and that it was desirable to the eyes,","and that it was desirable to the eyes,"
112,b7d920c8b570,100%,,686.48,690.72,"and that the tree was desirable to make one wise,",and that the tree was desirable to make one wise.
113,59267b5eac85,100%,,690.72,695.06,and she took from its fruit and she ate;,"And she took from its fruit, and she ate."
114,f30600c05cb9,100%,,695.06,700.06,"and she gave also to her husband with her, and he ate.","And she gave also to her husband with her, and he ate."
115,ba200de19882,90%,,700.06,704.0,"7 and the eyes of both of them were opened,",And the eyes of both of them were opened.
116,b7b29e921839,100%,,704.0,711.56,The best way to hear what the authors are communicating in this passage is not to focus on these words alone.,The best way to hear what the authors are communicating in this passage is not to focus on these words alone.
117,347dad935c87,100%,,711.56,721.24,"In isolation, these words have some value, but to fully grasp the verse, you have to spend time thinking about how it connects to the greater narrative.","In isolation, these words have some value. But to fully grasp the verse, you have to spend time thinking about how it connects to the greater narrative."
118,fecf30ab8721,100%,,721.24,727.08,"As we will soon discuss, this verse is a choice in the first round of the melody.","As we will soon discuss, this verse is a choice in the first round of the melody."
119,e72df139defa,95%,,727.08,738.66,"Let's compare it to the choice in melody four, Genesis 16:2-4, by reading the story of Sarai, Avram, and Hagar.","Let's compare it to the choice in melody 4, Genesis 16, 2 through 4, by reading the story of Sarai, Avram, and Hagar."
120,1d3447b04328,100%,,738.66,745.0,"Note, Avram is just an alternative spelling of Abram, who will later be renamed Abraham.","Note, Avram is just an alternative spelling of Abram, who will later be renamed Abraham."
121,3430561612d8,95%,,745.0,754.0,"In the BibleProject translation, you will see a few surprising spellings to help us more faithfully pronounce the original Hebrew names.","In the Bible Project translation, you will see a few surprising spellings to help us more faithfully pronounce the original Hebrew names."
122,9926a59e2e84,100%,,754.0,762.8,"Additionally, Yahweh, God's personal name, is used when appropriate instead of translating it to God or LORD.","Additionally, Yahweh, God's personal name, is used when appropriate, instead of translating it to God or Lord."
123,787b65a8e78e,100%,,762.8,768.38,"If that makes you feel uncomfortable, just replace “Yahweh” with “God” as you read (that's fine).","If that makes you feel uncomfortable, just replace Yahweh with God as you read. That's fine."
124,bcd07c7bd9ba,100%,,768.38,773.42,Notice the repeated words here that echo the Eden passage above.,Notice the repeated words here that echo the Eden passage above.
125,1ba92c9c3f09,78%,,773.42,778.2,"16:2 And Sarai said to Avram, “Look, please!","And Sarai said to Avram, Look, please,"
126,c2e9eed0bb0c,100%,,778.2,780.68,Yahweh has restrained me from giving birth.,Yahweh has restrained me from giving birth.
127,b7fdf45b2140,100%,,780.68,783.68,"Please, go into my slave-girl.",Please go into my slave girl.
128,6490d6f3e02e,100%,,783.68,787.74,Perhaps I can be built up by means of her.”,Perhaps I can be built up by means of her.
129,a6615b20951f,100%,,787.74,791.6,And Avram listened to the voice of Sarai.,And Avram listened to the voice of Sarai.
130,fdaf22257401,97%,,791.6,807.76,"3 And Sarai, the wife of Avram took Hagar, her Egyptian slave-girl, at the end of ten years of Avram dwelling in the land of Canaan, and she gave her to Avram, her husband, as a wife.","And Sarai, the wife of Avram, took Hagar, her Egyptian slave girl, at the end of ten years of Avram dwelling in the land of Canaan, and she gave her to Avram, her husband, as a wife."
131,b16b4ddc3b0b,96%,,807.76,819.58,"4 And he went into Hagar and she became pregnant, and she saw that she was pregnant, and her mistress became cursed in her eyes.","And he went into Hagar, and she became pregnant. And she saw that she was pregnant. And her mistress became cursed in her eyes."
132,a6a9f238ae5b,100%,,819.58,825.02,The reuse pattern goes from taking a piece of fruit to taking an image of God.,The reuse pattern goes from taking a piece of fruit to taking an image of God.
133,7bea31e58137,100%,,825.02,827.14,That escalated quickly!,That escalated quickly.
134,ab6fbdff66fe,100%,,827.14,832.78,"These two choices are separated by 13 chapters, but they are clear hyperlinks.","These two choices are separated by 13 chapters, but they are clear hyperlinks."
135,0fa3065e10df,100%,,832.78,838.24,"If you set them alongside one another, you can see how they are similar and how they are different.","If you set them alongside one another, you can see how they are similar and how they are different."
136,c21e6e56d427,100%,,838.24,854.16,"Additionally, they are both inversions of an earlier choice pattern from Genesis 2:18-22, where God himself sees what is not good, then takes, builds, and gives.","Additionally, they are both inversions of an earlier choice pattern from Genesis 2, 18 through 22, where God himself sees what is not good, then takes, builds, and gives."
137,54b6ededb890,100%,,854.16,859.06,God models correct behavior for us before we face our test.,God models correct behavior for us before we face our test.
138,a15ff6373c49,100%,,859.06,860.74,There’s something to think about there.,There's something to think about there.
139,e154e5ba3e06,100%,,860.74,867.44,Let’s read that story and consider how all three passages inform one another.,Let's read that story and consider how all three passages inform one another.
140,07a47c0a3883,67%,,867.44,869.82,"2:18 and Yahweh God said,","And Yahweh God said,"
141,32be837d70b7,100%,,869.82,874.52,"""It is not good for the human to be alone",It is not good for the human to be alone.
142,335c569901ce,100%,,874.52,877.24,I will make a help-counterpart for him,I will make a help counterpart for him.
143,c906bf2bd9bb,0%,FILLED,877.24,878.12,…,
144,2ec038377c11,96%,,878.12,900.08,"21 and Yahweh caused to fall a deep sleep on the human and he slept and he took one from his sides and he closed the flesh of its place 22 and Yahweh built the side which he took from the human into woman, and he brought her to the human","And Yahweh caused to fall a deep sleep on the human, and he slept. And he took one from his sides, and he closed the flesh of its place. And Yahweh built the side which he took from the human into woman. And he brought her to the human."
145,9922a3e1b5bd,100%,,900.08,906.08,The authors signal connections through both word repetition and shared symbols.,The authors signal connections through both word repetition and shared symbols.
146,0e2d3591ab67,100%,,906.08,909.78,They are clues to help us become better readers.,They are clues to help us become better Bible readers.
147,43bc29b0c5cb,100%,,909.78,919.3,"They seem subtle at first, but with effort, it’s remarkable the depth of understanding your group can reach as you hold repeated stories in your mind.","They seem subtle at first, but with effort, it's remarkable the depth of understanding your group can reach as you hold repeated stories in your mind."
148,0fc0c22db78f,100%,,919.3,927.88,"God saw good, tov, טוב, in Genesis 1 seven times, ending in a “very good.”","God saw good, Tov, in Genesis 1 seven times, ending in a very good."
149,5b26f7f67309,100%,,927.88,946.12,"Humans, however, characteristically see what is good for themselves in their own eyes: we take and eat (an image to consume in this case), then give (send out non-life choices), as shown in 3:6 and 16:3.","Humans, however, characteristically see what is good for themselves in their own eyes. We take and eat, an image to consume in this case, then give, send out non -life choices, as shown in 3 .6 and 16 .3."
150,3775449ee42b,96%,,946.12,958.94,"But God sees what is not good, something in our world that is broken: He takes and builds (multiplies abundance), then gives (sends out life).","But God sees what is not good, something in our world that is broken. He takes and builds, multiplies abundance, and gives, sends out life."
151,5e7c203356c8,88%,,958.94,966.1,Both the similarities and the differences pop out as significant when you compare rounds of the melody.,Both the similarities and the differences pop out of significance when you compare rounds of the melody.
152,e964bb494c03,100%,,966.1,975.82,"Finally, in both human replays, the male character is said to have “listened to the voice of his wife,” instead of trusting God.","Finally, in both human replays, the male character is said to have listened to the voice of his wife instead of trusting God."
153,ac6d573743d5,100%,,975.82,983.22,Who will you trust to receive the knowledge of good and bad?,Who will you trust to receive the knowledge of good and bad?
154,bb5f6da58b05,100%,,983.22,985.1,Structure,Structure.
155,5c0b300884b2,100%,,985.1,1001.82,"There are many notes in the melody as it develops, changes, and repeats, but we’ll focus on only the most fundamental four notes: Creation, Calling (Identity), Testing and Choices, and Collapse.","There are many notes in the melody as it develops, changes, and repeats, but we'll focus on only the most fundamental four notes. Creation, calling, identity, testing, and choices, and collapse."
156,68c33b364cf6,100%,,1001.82,1006.12,The cycle goes around like a circle.,The cycle goes around like a circle.
157,6d2a4719577d,100%,,1006.12,1015.96,"For the purposes of this guide, we will consider how this four-part melody is repeated seven times from Genesis 1 to 22.","For the purposes of this guide, we will consider how this four -part melody is repeated seven times from Genesis 1 to 22."
158,2b195e9e0422,100%,,1015.96,1029.0,"To be clear, the repeated pattern can be broken down in many ways and variations are welcome as we all understand the Biblical authors slightly differently, but the four most central notes of the melody seem to be:","To be clear, the repeated pattern can be broken down in many ways, and variations are welcome, as we all understand the biblical authors slightly differently. But the four most central notes of the melody seem to be"
159,4252591155e8,100%,,1029.0,1031.16,Creation,"creation,"
160,ba036e933ba0,100%,,1031.16,1041.16,"The transition from a state of non-life, chaos, situations-that-don’t-work into a state of life, order, and blessing.","the transition from a state of non -life, chaos, situations that don't work, into a state of life, order, and blessing,"
161,b6cc49b48513,100%,,1041.16,1044.54,The gift of life and blessing to multiply.,the gift of life and blessing to multiply.
162,7e45a74a3bdb,95%,,1044.54,1054.56,"The process starts with the smallest presence of God as ruakh, the Holy Spirit, or the Word of God.","The process starts with the smallest presence of God as Ruach, the Holy Spirit, or the Word of God."
163,05df057e633b,100%,,1054.56,1057.36,Calling / Naming / Identification,"Calling, Naming, Identification"
164,f34c5509022a,100%,,1057.36,1061.64,God chooses to work with partners!,God chooses to work with partners.
165,9dc9a6fd9a11,100%,,1061.64,1069.3,"These chosen humans are named, identified, or called to accomplish work in God’s rescue story.","These chosen humans are named, identified, or called to accomplish work in God's rescue story."
166,f7b13c24dd1e,100%,,1069.3,1075.76,An anointed one or group of chosen people are identified and sent for a purpose.,An anointed one or group of chosen people are identified and sent for a purpose.
167,cd88c9651abc,100%,,1075.76,1078.24,Rise up!,Rise up!
168,162e61e22ba1,100%,,1078.24,1080.02,Testing and Choices,Testing and Choices
169,228ebe6a84a3,100%,,1080.02,1085.2,This phase reveals the heart of the human partners.,This phase reveals the heart of the human partners.
170,29fdeec59021,100%,,1085.2,1092.9,Will they trust God and build life or see what is good in their own eyes to consume.,Will they trust God and build life or see what is good in their own eyes to consume?
171,0c66976002c9,100%,,1092.9,1095.24,Collapse,Collapse
172,3af8c95ede1c,100%,,1095.24,1099.28,"Theoretically speaking, the melody should not require a collapse.","Theoretically speaking, the melody should not require a collapse."
173,d925de4e8e2e,100%,,1099.28,1108.98,Partners with God could always pass the test and use agreed upon healthy rhythms of reset like Sabbath cycles and Jubilee to avoid a collapse.,Partners with God could always pass the test and use agreed upon healthy rhythms of reset like Sabbath cycles and Jubilee to avoid a collapse.
174,68467652c37c,100%,,1108.98,1114.64,"However, practically speaking there is always a collapse.","However, practically speaking, there is always a collapse."
175,a62e7408a548,100%,,1114.64,1119.76,Choices that simply don’t work pile up to a breaking point.,Choices that simply don't work pile up to a breaking point.
176,bed55b5eeeeb,100%,,1119.76,1122.24,Sometimes humans are the spark.,"Sometimes, humans are the spark."
177,1ed95ecbd6d3,100%,,1122.24,1132.02,"At other times, God initiates the collapse to wash away, but always for the purpose of future restoration.","At other times, God initiates the collapse to wash away, but always for the purpose of future restoration."
178,bd1b69092faa,100%,,1132.02,1143.88,"The forest has a fire, the trees suffer, and God chooses not to stop the fire, but to work with partners through it.","The forest has a fire, the trees suffer, and God chooses not to stop the fire, but to work with partners through it."
179,31aec77fcf09,96%,,1143.88,1158.74,"These can be cosmic in scope, like the 10 plagues, the fall of Jerusalem, Exile, or the Flood, or personal, like Hagar, Ruth and Naomi, Stephen, or Jonah.","These can be cosmic in scope like the ten plagues, the fall of Jerusalem, exile, or the flood. Or personal like Hagar, Ruth and Naomi, Stephen, or even Jonah."
180,1fe6fd4d84bf,100%,,1158.74,1165.46,"But in every case, the important part is what happens next.","But in every case, the important part is what happens next."
181,03afdec36d41,90%,,1165.46,1170.76,God’s modus operandi is not a difficult pattern to spot.,God's modus aberandi is not a difficult pattern to spot.
182,14ca31306f54,100%,,1170.76,1175.46,"Even so, there are two perspectives to hold in tension.","Even so, there are two perspectives to hold in tension."
183,fc83a21d0762,100%,,1175.46,1181.72,"One asks, “Why would you fear something that God is fully in control of?”","One asks, why would you fear something that God is fully in control of?"
184,75ab5dd37b28,100%,,1181.72,1187.28,"The other would say, “How can God allow his people to suffer?”","The other would say, how can God allow his people to suffer?"
185,46388ab70315,100%,,1187.28,1197.12,"Both are valid, and Scripture makes room for both, simultaneously trusting God while still crying out.","Both are valid, and scripture makes room for both, simultaneously trusting God while still crying out."
186,ff6cfcd9a367,100%,,1197.12,1206.9,The longest phase of the melody is often Testing and Choices which can be many rounds of accumulating choices over generations.,"The longest phase of the melody is often testing and choices, which can be many rounds of accumulating choices over generations."
187,019b0d2234b5,100%,,1206.9,1212.76,"However, in some chapters it will be just a single really poor choice.","However, in some chapters, it will be just a single really poor choice."
188,e3b20e2d5495,100%,,1212.76,1217.92,Revealing the heart usually takes time and second chances are frequent.,Revealing the heart usually takes time and second chances are frequent.
189,7b3624e49e11,100%,,1217.92,1231.18,"It is supposed to be an opportunity for growth as it happens, but depending on how human partners respond to their calling and make choices the cycle can follow one of two paths.","It is supposed to be an opportunity for growth as it happens. But, depending on how human partners respond to their calling and make choices, the cycle can follow one of two paths."
190,e07c3af13062,97%,,1231.18,1244.48,"The two paths are mentioned through the Bible, for example Matthew 7:13-14: “For wide is the gate and broad is the road that leads to destruction, and many enter through it.","The two paths are mentioned throughout the Bible. For example, Matthew 7, 13 -14, For wide is the gate and broad is the road that leads to destruction and many enter through it."
191,bedaba99e4ea,100%,,1244.48,1251.92,"But small is the gate and narrow the road that leads to life, and only a few find it.”",But small is the gate and narrow the road that leads to life and only a few find it.
192,5bc16d492dc2,93%,,1251.92,1261.16,"In this guide, we’ll call these paths: characteristic human choices or pattern breakers choices.","In this guide, we'll call these paths characteristic human choices or pattern breaker choices."
193,558976a9d82e,96%,,1261.16,1272.1,"On the broad path there is no sense of receiving a calling, the calling is still there, but it is not received, so can be omitted.","On the broad path, there is no sense of receiving a calling. The calling is still there, but it is not received and can be omitted."
194,2299626fd067,100%,,1272.1,1276.88,Then the choices focus on conceiving for yourself what is good.,"Then, the choices focus on conceiving for yourself what is good."
195,9cc4dbe6fda8,100%,,1276.88,1283.46,"This leads to the division of relationships, and necessitates a pending collapse.",This leads to the division of relationships and necessitates a pending collapse.
196,50f2241a1ef6,100%,,1283.46,1288.62,"However, God still works through the collapse.","However, God still works through the collapse."
197,11841174f28e,100%,,1288.62,1299.02,"The notes for the ‘characteristic human’ pattern are actually easier to spot in Genesis 1 to 22, as there are more humans making those choices.",The notes for the characteristic human pattern are actually easier to spot in Genesis 1 to 22 as there are more humans making those choices.
198,0c8942b24dc4,95%,,1299.02,1310.26,"We will hear those notes again and again, so we will track those as the main pattern, but that doesn’t describe everyone.",We will hear those notes again and again so we will track them as the main pattern. But that doesn't describe everyone.
199,1af961c93de8,100%,,1310.26,1312.5,Pattern Breakers!,Pattern breakers.
200,c62d54437684,100%,,1312.5,1316.86,"Now, you might be thinking that this melody seems pretty gloom-and-doom.","Now, you might be thinking that this melody seems pretty gloom and doom."
201,608e5867497e,100%,,1316.86,1319.06,Everything ends in collapse!,Everything ends in a collapse.
202,07c8139fbb1a,100%,,1319.06,1323.68,Is life really an inevitable downward spiral that ends in a collapse?,Is life really an inevitable downward spiral that ends in a collapse?
203,d5136f2bdc78,100%,,1323.68,1325.3,That’s depressing!,That's depressing.
204,3af5b114562e,100%,,1325.3,1327.0,"No, of course not.","No, of course not."
205,ab4aef10045a,100%,,1327.0,1331.34,"That is the characteristic human pattern, NOT the way to life.","That is the characteristic human pattern, not the way to life."
206,e6db3defc185,100%,,1331.34,1336.02,I think these authors love to make patterns just to break them.,I think these authors love to make patterns just to break them.
207,b5b4e300610f,100%,,1336.02,1341.18,Let’s look at Genesis 5 for a moment which uses a very clear pattern.,"Let's look at Genesis 5 for a moment, which uses a very clear pattern."
208,20b2e47c3e3a,100%,,1341.18,1350.86,"The text below is super long, but I bet you can see the point I'm making about pattern breaking in two seconds.","The text below is super long, but I bet you can see the point I'm making about pattern breaking in two seconds."
209,023389835faf,57%,,1350.86,1354.48,"15 And Mahalalel lived sixty-five years,","And Mahalalel lived 65 years,"
210,44f3e3babd35,86%,,1354.48,1357.32,and he caused the birth of Jared.,and he caused the birth of
211,3c4779f86127,62%,,1357.32,1364.68,"16 And Mahalalel lived eight hundred and thirty years after he became the father of Jared,",And Mahalalel lived 830 years after he became the father of
212,e4faeaba8004,100%,,1364.68,1368.0,and he caused the birth of sons and daughters.,And he caused the birth of sons and daughters.
213,76a92e27582d,57%,,1368.0,1373.6,"17 And all the days of Mahalalel were eight hundred and ninety-five years,","And all the days of Mahalalel were 895 years,"
214,ec4a00692eb7,100%,,1373.6,1375.76,and he died.,and he died.
215,66df0937dd4a,30%,LOW,1375.76,1380.02,"18 And Yared lived one hundred and sixty-two years,","And Yered lived 162 years,"
216,3fe920e36373,100%,,1380.02,1382.3,and he caused the birth of Enoch.,and he caused the birth of Enoch.
217,83ea600e8077,71%,,1382.3,1387.48,"19 And Yared lived eight hundred years after he became the father of Enoch,",And Yered lived 800 years after he became the father of Enoch.
218,936ca192c266,100%,,1387.48,1390.56,and he caused the birth of sons and daughters.,And he caused the birth of sons and daughters.
219,a820fa66727c,50%,,1390.56,1395.46,"20 And all the days of Yared were nine hundred and sixty-two years,","And all the days of Yered were 962 years,"
220,140f158c648c,100%,,1395.46,1396.38,and he died.,and he died.
221,3f388feb7532,57%,,1396.38,1400.86,"21 And Enoch lived sixty-five years,","And Enoch lived 65 years,"
222,4280a5f7cbeb,100%,,1400.86,1403.82,"and he caused the birth of Methuselah,",and he caused the birth of Methuselah.
223,7d61c8143ac1,81%,,1403.82,1411.54,"22 and Enoch walked with God three hundred years after he became the father of Methuselah,",And Enoch walked with God 300 years after he became the father of Methuselah.
224,0d4aa775e43e,100%,,1411.54,1414.36,"and he caused the birth of sons and daughters,",And he caused the birth of sons and daughters.
225,464f3680b64c,57%,,1414.36,1419.28,"23 and all the days of Enoch were three hundred and sixty-five years,",And all the days of Enoch were 365 years.
226,0e2818609354,93%,,1419.28,1426.66,"24 and Enoch walked with God; and he was not, for God took him.","And Enoch walked with God, and he was not, for God took him."
227,bc8f5fc1bf5d,100%,,1426.66,1429.58,The point is NOT the pattern.,The point is not the pattern.
228,fd03ad9bfeb5,100%,,1429.58,1432.18,The point is the pattern breaker!,The point is the pattern breaker.
229,15bd575c7980,94%,,1432.18,1439.2,"As we listen for the notes in the melody, be especially on the lookout for pattern breaker moments.","As we listen for the notes and the melody, be especially on the lookout for pattern breaker moments."
230,c7f1a2594f7c,100%,,1439.2,1447.48,"Indeed, God is able to work through characteristic human choices, but see what God can do with the pattern breakers.","Indeed, God is able to work through characteristic human choices, but see what God can do with the pattern breakers."
231,09b226fe2700,100%,,1447.48,1450.9,These choices lead to life.,These choices lead to life.
232,913b56b9792f,100%,,1450.9,1462.66,"The partners who break the characteristic pattern do not avoid the collapse, but rather they receive their calling and go through the collapse with God.","The partners who break the characteristic pattern do not avoid the collapse, but rather they receive their calling and go through the collapse with God."
233,d8782f783bf3,100%,,1462.66,1472.84,"To be clear, it is the characteristic human choices that necessitate the collapse, but this group equally experiences the collapse.","To be clear, it is the characteristic human choices that necessitate the collapse, but this group equally experiences the collapse."
234,49410155a635,100%,,1472.84,1478.76,"In fact, sometimes pattern breakers experience more suffering in this age.","In fact, sometimes pattern breakers experience more suffering in this age."
235,b48fd78d805b,95%,,1478.76,1488.34,"In response to that truth, it seems to me like God had two choices: take away free will or join us.","In response to this truth, it seems to me like God had two choices to make, take away free will or join us."
236,9688d76ed482,94%,,1488.34,1495.06,"However, for some reason we don't deserve, God loves us, so He only had one choice…","However, for some reason we don't deserve, God loves us, so he had only one choice,"
237,eb2517ffe89c,100%,,1495.06,1496.66,Join us!,join us.
238,08db7372f19e,100%,,1496.66,1501.52,"Perhaps, the circle here would look more like this.",Perhaps the circle here would look more like this.
239,50da6dd72fbf,100%,,1501.52,1508.12,"What is impossible for man is possible with God, to go through a collapse.","What is impossible for man is possible with God, to go through a collapse."
240,916614bac411,100%,,1508.12,1520.88,"Pattern breakers listen to God's voice, then get an opportunity to become partners in creation as God renews life not just in Genesis 1-23, but throughout the Bible.","Pattern breakers listen to God's voice, then get an opportunity to become partners in creation as God renews life, not just in Genesis 1 through 23, but throughout the Bible."
241,cbfa437998d5,100%,,1520.88,1523.68,But I’m getting ahead of myself.,But I'm getting ahead of myself.
242,6cf9175971b1,100%,,1523.68,1532.06,"First, we need to make sure we're receiving the Word of God faithfully and representing the source of truth accurately.","First, we need to make sure we're receiving the word of God faithfully and representing the source of truth accurately."
243,22a88421827a,100%,,1532.06,1545.66,"For example, this simple binary model of “some people are bad (characteristic human choices), some people are good (pattern breakers)” almost makes it seem like the pattern breakers have earned salvation.","For example, this simple binary model of some people are bad, characteristic human choices, and some people are good pattern breakers, almost makes it seem like the pattern breakers have earned salvation."
244,ca7bbca4378d,100%,,1545.66,1559.22,"However, when you dive into the details of this text and see the complexity of humans, you will come to realize that God's mercy is the driving factor in genesis, not humans.","However, when you dive into the details of this text and see the complexity of humans, you will come to realize that God's mercy is the driving factor in Genesis, not humans."
245,0eb1954fd8ed,92%,,1559.22,1573.22,"For example, in the fourth collapse it's solely God's chosen partners Avram and Sarai that cause the collapse, and God responds by blessing and renaming Avraham!","For example, in the fourth collapse, it's solely God's chosen partners, Avram and Sarai, that caused the collapse. And God responds by blessing and renaming"
246,1de37d529a64,100%,,1573.22,1580.94,God's radical love results in undeserved mercy which is unexpected and wonderful.,"God's radical love results in undeserved mercy, which is unexpected and wonderful."
247,0ac77d02cf83,88%,,1580.94,1590.26,Perhaps the circle that best captures most of Avraham’s life leading up to the seventh cycle is:,"Perhaps the circle that best captures most of Avram's life, leaning up to the seventh cycle, is..."
248,9f957f0aa172,100%,,1590.26,1596.9,"When your deserve meter hits zero either individually or communally, cry out for mercy.","When your deserve meter hits zero, either individually or communally, cry out for mercy."
249,af879d239836,100%,,1596.9,1601.28,There are no works by which you can save your own life anyway.,There are no works by which you can save your own life anyway.
250,4bae31703b9a,100%,,1601.28,1611.12,"Fortunately, in the melody, there are indeed times when God pulls someone kicking and screaming through the fire and into new life.","Fortunately, in the melody, there are indeed times when God pulls someone kicking and screaming through the fire and into new life."
251,470f459cca8b,94%,,1611.12,1622.0,"Interestingly, though, long term that won't work for people either, there is a necessary partnership in maintaining life.","Interestingly, though, long term, that doesn't work for people either, there is a necessary partnership in maintaining life."
252,d8454f333b07,96%,,1622.0,1635.16,"OK enough guesswork on extracting themes, let's actually start doing Bible study to see if any of this is consistent with the true message God has given us.",enough guesswork on extracting themes. Let's actually start doing Bible study to see if any of this is consistent with the true message God has given us.
253,6f3dbb305246,100%,,1635.16,1637.72,Melody Observations,Melody Observations
254,5acbe36bc7f7,100%,,1637.72,1643.98,"This middle section is the most academic, but also the heart of this guide.","This middle section is the most academic, but also the heart of this guide."
255,d606af8cefca,100%,,1643.98,1650.66,"If you are a person who spends time in biblical scholarship, to you I say “Enjoy!”","If you are a person who spends time in biblical scholarship, to you I say, enjoy."
256,64fe235df9c7,100%,,1650.66,1659.08,"However, if you are a normal person without a rich background in Bible study, then to you I say “You can do it!”","However, if you are a normal person, without a rich background in Bible study, then to you I say, you can do it."
257,bb479af6cbde,100%,,1659.08,1673.7,"Try to be like the people Paul met in Berea in Acts 17:11, “They received the message with great eagerness and examined the Scriptures every day to see if what Paul said was true.”",Try to be like the people Paul met in Berea in Acts 17 .11. They received the message with great eagerness and examined the scriptures every day to see if what Paul said was true.
258,c244f4e87e83,100%,,1673.7,1678.82,Genesis 1-7: The Melody Template,Genesis 1 -7 The Melody Template
259,b325d8cfdc2f,100%,,1678.82,1689.3,"Instead of abstractly describing the characteristics of the notes, let’s look at the template of The Genesis Melody provided in Genesis 1-7.","Instead of abstractly describing the characteristics of the notes, let's look at the template of the Genesis melody provided in Genesis 1 -7."
260,c1305d4c8e85,100%,,1689.3,1699.72,These early chapters of Genesis are intentionally placed at the start of this massive collection as an introduction to the entire work.,These early chapters of Genesis are intentionally placed at the start of this massive collection as an introduction to the entire work.
261,bc640a55edd9,100%,,1699.72,1704.8,They will plant seeds for themes that will take volumes to unpack.,They will plant seeds for themes that will take volumes to unpack.
262,cdeab93a2159,89%,,1704.8,1712.9,"If we allow them to properly shape our imagination and world view, we will become better Bible readers.","If we allow them to properly shape our imagination and worldview, we will become better Bible readers."
263,907be703d770,100%,,1712.9,1726.86,"Through prayer, meditation, study, and time the biblical authors have shared God's message with us, but work is also necessary to receive it today.","Through prayer, meditation, study, and time, the biblical authors have shared God's message with us. But work is also necessary to receive it today."
264,ffeebc462b36,100%,,1726.86,1730.28,How would Jesus have expressed this point?,How would Jesus have expressed this point?
265,c36d60706b3c,100%,,1730.28,1742.32,In John 4:37-38 Jesus quotes an unusual phrase: “Thus the saying ‘One sows and another reaps’ is true...,"In John 4, 37 -38, Jesus quotes an unusual phrase, Thus the saying, One sows and another reaps is true."
266,16d90bc74770,100%,,1742.32,1749.16,"Others have done the hard work, and you have reaped the benefits of their labor.”","Others have done the hard work, and you have reaped the benefits of their labor."
267,18ef95813b1a,100%,,1749.16,1761.4,"Parables can have more than one meaning, a common Hebrew Bible technique, but, for our theme study, the seed sown represents the Wisdom of God planted in His Word.","Parables can have more than one meaning, a common Hebrew Bible technique, but for our theme study, the seed sown represents the wisdom of God planted in his word."
268,697624195f2d,100%,,1761.4,1772.46,"These authors have worked with the Spirit to plant the key insights, but communication requires work from both the speaker and the listener.","These authors have worked with the spirit to plant the key insights, but communication requires work from both the speaker and the listener."
269,c61b704658c1,100%,,1772.46,1784.02,"We have to put in time together with the Spirit to convert words into a relationship, so that we can live in a right relationship with Him.",We have to put in time together with the spirit to convert words into a relationship so that we can live in a right relationship with him.
270,6c4ddb230a87,96%,,1784.02,1794.92,"The authors use analogies that we can understand, like seed or light, but it all centers around taking on God's view of reality as truth.","The authors use analogies we can understand, like seed or light, but it all centers around taking on God's view of reality as truth."
271,49df5564d5c2,96%,,1794.92,1804.1,"The only way to reap this freely given fruit is by meditating on it over time, then living it out in our lives.",The only way to reap this freely given fruit is by meditating on it over time than living it out in our lives.
272,d18b956073e7,100%,,1804.1,1811.3,Let's get started by looking for the melody in Genesis 1-7 using the table below.,Let's get started by looking for the melody in Genesis 1 -7 using the table below.
273,258f5d25599e,100%,,1811.3,1820.94,"As you read the text, note that the name Elohim is yet another name for God, a bit less personal than Yahweh.","As you read the text, note that the name Elohim is yet another name for God, a bit less personal than Yahweh."
274,178906438cbf,100%,,1820.94,1826.26,"Again, feel free to translate “Elohim” as “God” if it makes you feel more comfortable.","Again, feel free to translate Elohim as God if it makes you feel more comfortable."
275,74472de6e224,94%,,1826.26,1837.04,"Also, Ruakh is a Hebrew word which means Spirit, wind, or breath, more on that later.","Also, Ruach is a Hebrew word which means spirit, wind, or breath. More on that later."
276,567d871cc800,100%,,1837.04,1839.28,Melody Cycle 1 Creation,Melody Cycle 1 Creation
277,d5c22dca26e4,100%,,1839.28,1846.48,Genesis 1:1 - 2:3 plus 2:4-15,Genesis 1 -1 through 2 -3 plus 2 -4 through 15.
278,242582f98f6e,93%,,1846.48,1859.93,"After the seven-word Hebrew title of Genesis 1:1, we read about the precreation state of watery chaos, a standard image for nothing at that point in history.","After the seven -word Hebrew title of Genesis 1 -1, we read about the pre -creation state of watery chaos, a standard image for nothing at this point in history."
279,605d6df03ce2,95%,,1859.93,1869.22,"However, with the presence of Elohim about to act, hovering as Ruakh over the face of the waters, we have hope.","However, with the presence of Elohim about to act, hovering as Ruach over the face of the waters, we have hope."
280,ac11489c4495,100%,,1869.22,1880.04,"Elohim speaks to create light and divides those chaos waters to bring order to the sea, sky, and land in Days 1-3.","Elohim speaks to create light and divides those chaos waters to bring order to the sea, sky, and land in days 1 -3."
281,085c437897b5,100%,,1880.04,1890.22,"He then fills those spaces with inhabitants in Days 4-6, starting with the lights in the sky, which are called signs.","He then fills those spaces with inhabitants in days 4 -6 starting with the lights in the sky, which are called signs."
282,cbe4aef1764f,100%,,1890.22,1898.12,"He makes living beings to fill those spaces, giving them a blessing to be fruitful and multiply.","He makes living beings to fill those spaces, giving them a blessing to be fruitful and multiply."
283,e0b84720811a,100%,,1898.12,1909.92,"Ultimately, God creates the human in His image, male and female He created them, which He sees as “very good.”","Ultimately, God creates the human in his image. Male and female, he created them, which he sees as very good."
284,8bd9feee85fa,88%,,1909.92,1918.82,"Finally, on the 7th day, God rests, i.e., takes up residence and rules without conflict.","Finally, on the seventh day, God rest, i .e., takes up residence and rules without conflict."
285,feece446aa74,100%,,1918.82,1927.36,"In the imagination of the Ancient Near East, when a ruler rests, it is a time of shalom, peace within the land.","In the imagination of the ancient Near East, when a ruler rests, it is a time of shalom, peace within the land."
286,b9a1bf10cc55,100%,,1927.36,1937.98,"We know this story well, thinking of it as a one-time creation event, but we need to keep reading to realize that creation is a cycle.","We know this story well, thinking of it as a one -time creation event, but we need to keep reading to realize that creation is a cycle."
287,07140ee09989,100%,,1937.98,1940.32,It will repeat!,It will repeat.
288,4cc33c16d817,100%,,1940.32,1951.64,"Still in the Creation section, Genesis 2:4-6 offers another perspective of non-life, a barren desert without water.","Still in the creation section, Genesis 2, 4 -6, offers another perspective of non -life, a barren desert without water."
289,55b20952aa3d,95%,,1951.64,1962.1,"God brings about life first via a stream, then the human, and finally trees, all in fun Hebrew wordplay.","God brings life, first via a stream, then the human, and finally trees, all in fun Hebrew wordplay."
290,c6a9fcb153bd,100%,,1962.1,1970.08,"Again, God’s life is present, gently breathing the breath of life into the human.","Again, God's life is present, gently breathing the breath of life into the human."
291,21e0c62fea96,100%,,1970.08,1973.14,Melody Cycle 1 Calling,"Melody Cycle 1, Calling,"
292,80790f6f8e6b,100%,,1973.14,1976.82,Genesis 1:27 and 2:15,Genesis 1 -27 and 2 -15.
293,1a9d3bf1c075,100%,,1976.82,1983.5,The calling in the first round of the melody is the most significant in the Bible.,The calling in the first round of the melody is the most significant in the Bible.
294,57663c4b4ceb,100%,,1983.5,1991.03,"Every human is called an Image of God, the Imago Dei in Latin.","Every human is called an image of God, the imago Dei in Latin."
295,2cc6444da613,100%,,1991.03,2002.34,"That identification is used as a present tense, you are right now an Image of God, but that’s a surprising phrase.",That identification is used as a present tense. You are right now an image of God. But that's a surprising phrase.
296,a6b5e0ea1a40,100%,,2002.34,2009.8,"It is the true identity of every human, but I don’t personally feel like we’ve fully received that calling yet.","It is the true identity of every human, but I don't personally feel like we've fully received that calling yet."
297,08813d63b6fb,97%,,2009.8,2022.16,"It reminds me of Ephesians 2:6, where Paul says that God has already “raised us up with him and seated us with him in the heavenly places in Christ Jesus”.","It reminds me of Ephesians 2 -6 where Paul says, the God has already raised us up with him and seated us with him in the heavenly places in Christ Jesus."
298,9a0be3bc180e,100%,,2022.16,2029.04,"It is a calling that is true, but I think God sees me differently than I see myself.","It is a calling that is true, but I think God sees me differently than I see myself."
299,f0d7822aa4ad,100%,,2029.04,2037.12,The text then goes on to call us rulers over the entire cosmos that God has created.,The text then goes on to call us rulers over the entire cosmos that God has created.
300,cf44d556df22,100%,,2037.12,2040.1,Receive ownership of all that is good.,Receive ownership of all that is good.
301,01e260ecfafa,0%,FILLED,2040.1,2042.0,Woah!,
302,61701e3b8bf2,100%,,2042.0,2048.36,Then in the Eden creation narrative there is a calling there as well.,"Then, in Eden, in the Eden creation narrative, there is a calling there as well."
303,80b3ace0f494,80%,,2048.36,2054.32,The human is called to work (עבד ‘avad) and to keep (שמר shamar) the Garden in Eden.,the human is called to work and to keep the Garden and Eden.
304,b89ca1a1178e,93%,,2054.32,2059.56,These are words that will later describe the priests who work and keep the temple.,These are words that will later describe the priest who work and keep the temple.
305,c1700b84439d,93%,,2059.56,2065.78,If only we had a kingdom of priests to represent God to the nations.,If only we had a kingdom of priest to represent God to the nations.
306,ef28dcd0e3d2,100%,,2065.78,2067.66,Melody Cycle 1 Choice,Melody Cycle 1 Choice
307,0145f6e8e5f0,100%,,2067.66,2073.3,Genesis 2:16 - 3:24,Genesis 2 -16 through 3 -24
308,9ab4460cf947,100%,,2073.3,2083.3,The Choice portion of the melody starts with the divine command not to eat from the tree of the knowledge of good and bad.,The choice portion of the melody starts with the divine command not to eat from the tree of the knowledge of good and bad.
309,b162afadc342,100%,,2083.3,2095.24,"However, between the divine command and the Fall, the authors insert an example of Yahweh seeing, taking, building, and giving in 2:18-22.","However, between the divine command and the fall, the authors insert an example of Yahweh seeing, taking, building, and giving in 2 -18 through 22."
310,6c9ce7ef004f,100%,,2095.24,2103.36,"Unlike Yahweh, the humans see what is good in their eyes, then take, eat, and give non-life.","Unlike Yahweh, the humans see what is good in their eyes, then take, eat, and give non -life."
311,7b28ef674433,100%,,2103.36,2105.84,The inevitable consequences follow.,The inevitable consequences follow.
312,f016133c2b02,100%,,2105.84,2119.06,"God acknowledges the unfortunate new state of His creation but makes some promises worth noting on the way out, see Genesis 3:15.","God acknowledges the unfortunate new state of his creation, but makes some promises worth noting on the way out. See Genesis 3 -15."
313,bef9ca412a1b,100%,,2119.06,2121.54,Melody Cycle 1 Division,Melody Cycle 1 Division
314,68c6d0e3d6a5,0%,FILLED,2121.54,2122.7,"Genesis 4:1 - 4:24, 6:1 - 6:12",
315,824e1ea59968,100%,,2122.7,2131.84,"Outside of Eden, future generations escalate the spiral of Division in the characteristic human cycle.","Outside of Eden, future generations escalate the spiral of division in the characteristic human cycle."
316,3e5f912c5080,95%,,2131.84,2140.86,"As predicted in Genesis 3:16, they conceive for themselves instead of receiving from God, then experience great anguish.","As predicted in 3 -16, they conceive for themselves instead of receiving from God, then experience great anguish."
317,4cd7851c7581,100%,,2140.86,2143.4,Cain kills Abel.,Cain kills Abel.
318,90f6c1a29984,100%,,2143.4,2148.34,Lamech takes two wives and murders a boy for striking him.,Lamech takes two wives and murders a boy for striking him.
319,1529941e7afd,100%,,2148.34,2157.8,"The Sons of Elohim see and take the beautiful, tov, daughters of humanity in a parallel spiritual rebellion.","The sons of Elohim see and take the beautiful Tov, daughters of humanity, in a parallel spiritual rebellion."
320,13e842fb8421,100%,,2157.8,2166.0,"We end up with the Nephilim (the fallen ones), and the whole land is ruined by Genesis 6:12.","We end up with the Nephilim, the fallen ones, and the whole land is ruined by Genesis 6 -12."
321,7c13a514d9ac,100%,,2166.0,2175.34,"If Genesis 1 had been a singular creation event then the whole cosmos would have been a very short, rather pointless, project.","If Genesis 1 had been a singular creation event, then the whole cosmos would have been a very short, rather pointless project."
322,c1d61b55fa4d,100%,,2175.34,2182.82,"Fortunately for us, creation, life, and blessing are repeated notes in God's song.","Fortunately for us, creation, life, and blessing are repeated notes in God's song."
323,bcf54afa5d33,100%,,2182.82,2185.36,Melody Cycle 1 Collapse,"Melody Cycle 1 Collapse,"
324,06713a3dec12,100%,,2185.36,2190.58,Genesis 6:13 - 7:24,Genesis 6 -13 through 7 -24.
325,65bc72f3a523,100%,,2190.58,2194.04,The Collapse here is one we all know well.,The collapse here is one we all know well.
326,9c81981d72a3,100%,,2194.04,2199.96,God brings about a great leveling act to cleanse the land via the Flood.,God brings about a great leveling act to cleanse the land via the flood.
327,75d4b7c0016d,83%,,2199.96,2205.16,This is a clear return to the Genesis 1:2 precreation state.,This is a clear return to Genesis 1 -2 pre -creation state.
328,63f31a968950,100%,,2205.16,2218.86,"By the end of Genesis 7, the world is again in the same watery chaos image of nothing, minus one small difference… a boat, covered with atonement, preserving seed.","By the end of Genesis 7, the world is again in the same watery chaos image of nothing. Minus one small difference. A boat, covered with atonement, preserving seed."
329,0472ed690c3b,100%,,2218.86,2226.12,This symbol of God preserving life is of no small significance for you and me.,This symbol of God preserving life is of no small significance for you and me.
330,49158582c401,100%,,2226.12,2234.32,"Noah, seven other people, and a whole bunch of animals sit and wait until Yahweh does it again.","Noah, seven other people, and a whole bunch of animals sit and wait until Yahweh does it again."
331,61914f2bdd81,100%,,2234.32,2235.54,“How long?,"How long,"
332,318a8fef2f89,80%,,2235.54,2237.42,Oh LORD?” the poets say.,"Lord, the poets say?"
333,3a9d26ec2be1,100%,,2237.42,2241.9,How long until You do it again?,How long until you do it again?
334,3acd7831648f,100%,,2241.9,2245.5,Genesis 1-7: Pattern Breakers!,Genesis 1 -7 Pattern Breakers
335,c7f7831367cf,100%,,2245.5,2256.2,"In the same way that Genesis 1-7 is the template for the characteristic humans, it is also the template for pattern breakers!","In the same way that Genesis 1 -7 is the template for the characteristic humans, it is also the template for pattern breakers."
336,f321e2eac309,100%,,2256.2,2262.22,"Clearly, Enoch and Noah don’t follow the characteristic division and collapse cycle.","Clearly, Enoch and Noah don't follow the characteristic division and collapse cycle."
337,b80557e10c29,100%,,2262.22,2273.22,"Their patterns will be clear and discussed elsewhere, but the most commonly overlooked pattern breaker in this cycle is the delightful ski jump at the end of chapter 4.","Their patterns will be clear and discussed elsewhere, but the most commonly overlooked pattern breaker in this cycle is the delightful ski jump at the end of chapter 4."
338,b5b030103e36,86%,,2273.22,2279.38,There is a moment where the rapid division descent takes a sharp up turn.,There is a moment where the rapid division descent takes a sharp
339,353f9497cbcf,100%,,2279.38,2285.46,"Everyone reads the words, but we often overlook the significance of this pattern breaking moment.","Everyone reads the words, but we often overlook the significance of this pattern breaking moment."
340,c4dabe1b35f3,100%,,2285.46,2293.3,From 4:1 to 4:24 we see characteristic human choices to establish “normal” human behavior.,"From 4 -1 to 4 -24, we see characteristic human choices to establish normal human behavior."
341,4fd8e926317e,100%,,2293.3,2299.9,"In that section, Eve claims to have made a man all by herself in comparison to Yahweh.","In that section, Eve claims to have made a man all by herself in comparison to Yahweh."
342,408a904b471d,92%,,2299.9,2316.9,"The authors use clever wordplay by noting only that Cain was conceived, the same Hebrew root word as heron (הרנך) from 3:16, but with no mention of their male child being called a son, the Hebrew word ben (בן).","The authors use clever wordplay by noting that Cain was conceived, the same Hebrew word as Haran from 3 -16, but with no mention of their male child being called a son, the Hebrew word Ben."
343,a5db78ed50a4,100%,,2316.9,2322.62,"Cain, however, is invited by God to be a pattern breaker in the next generation.","Cain, however, is invited by God to be a pattern breaker in the next generation."
344,7e01b9542e17,100%,,2322.62,2330.42,"He can rule over sin, but instead he too chooses the broad path of non-life.","He can rule over sin, but instead he too chooses the broad path of non -life."
345,670cae24c501,100%,,2330.42,2339.58,"Then Cain’s wife will also conceive, but again no mention of their child, a different Enoch, being a son.","Then Cain's wife will also conceive, but again no mention of their child, a different Enoch, being a son."
346,c4345dfdc125,88%,,2339.58,2343.84,We have already seen where that path spirals out of control in the division section above.,already seen where that path spirals out of control in the division section above.
347,705207b22859,100%,,2343.84,2351.26,"Let’s skip to verse 25, where we will see something new that you won’t find on the division spiral.",Let's skip to verse 25 where we will see something new that you won't find on the division spiral.
348,0819c24d908d,100%,,2351.26,2367.86,"In the closing section of chapter 4, verses 25 and 26, we start with intentionally repeated words from verse 1, “Adam knew his wife again,” but things go differently this time!","In the closing section of chapter 4, verses 24, sorry, 25 and 26, we start with intentionally repeated words from verse 1, Adam knew his wife again, but things go differently this time."
349,0171784a18e8,100%,,2367.86,2379.86,"First, right at this pivot, the Hebrew name for Adam changes from The Adam, i.e. “The Human”, to just Adam, a personal name.","First, right at this pivot, the Hebrew name for Adam changes from the Adam, i .e. the human, to just Adam, a personal name."
350,50258b97f4e2,95%,,2379.86,2388.88,"Conversely, Eve’s name was used in verse 1, but now she called only “his wife” to emphasize their union over individuality.","Conversely, Eve's name was used in verse 1, but now she's called only his wife, to emphasize their union over individuality."
351,4e569e9bd0b0,96%,,2388.88,2400.38,"Next, the authors hint that something is new by only stating that she bears a son (yalad ben) with no mention of her conceiving.","Next, the authors hint that something is new by only stating that she bears a son, Yelad Ben, with no mention of her conceiving."
352,e8be2f48af46,100%,,2400.38,2406.64,"So it’s the same, but also opposite in every subtle way.","So it's the same, but also opposite in every subtle way."
353,d80d290c24e3,100%,,2406.64,2407.78,Interesting.,Interesting.
354,cf23f6e8a99e,78%,,2407.78,2410.38,"4:1 Now, the human knew his wife Eve,","Now the human knew his wife, Eve,"
355,3767601aff6d,86%,,2410.38,2412.74,and she conceived and she gave birth,and she conceived and gave birth.
356,4b2f86f1ce14,75%,,2412.74,2415.76,4:25 and Adam knew his wife again,"And Adam knew his wife again,"
357,f98e310a690b,100%,,2415.76,2419.08,"and she gave birth to a son,",and she gave birth to a son.
358,3bad398fb899,100%,,2419.08,2421.98,"To be clear, she did conceive for every birth.","To be clear, she did conceive for every birth."
359,06751285c8a8,91%,,2421.98,2430.54,"She clearly became pregnant at some point, but the authors do not mention it, since this birth is not all about Eve.","She clearly became pregnant at some point, but the authors don't mention it, since this birth is not all about Eve."
360,a3b4b7dd6580,100%,,2430.54,2438.3,"Finally, Adam’s wife shows her new perspective by giving the glory to Elohim, not herself.","Finally, Adam's wife shows her new perspective by giving the glory to Elohim, not herself."
361,b7f3b058a0a6,100%,,2438.3,2445.2,She sees life as a gift to be received instead of an act accomplished by herself.,"She sees life as a gift to be received, instead of an act accomplished by herself."
362,fca6bba75db1,100%,,2445.2,2450.46,Then it hits you... she is the first to break the pattern!,Then it hits you. She is the first to break the pattern.
363,04534d507732,100%,,2450.46,2457.82,"She was the first to take the fruit, but she was also the first to turn back and make a different choice.","She was the first to take the fruit, but she was also the first to turn back and make a different choice."
364,e93ffa6eaf8f,100%,,2457.82,2463.9,"We all fail, that’s really nothing new, but we don’t all turn back to God.","We all fail, that's really nothing new, but we don't all turn back to God."
365,7187964a3653,100%,,2463.9,2473.84,"Eve, Mother of all living-ones, is famous for Genesis 3:6-7, but she was also the first to receive the fruit.","Eve, mother of all living ones, is famous for Genesis 3, 6 through 7, but she was also the first to receive the fruit."
366,a384938f660e,100%,,2473.84,2475.38,Welcome home!,Welcome home.
367,17b5a751661f,100%,,2475.38,2481.1,I say “Welcome home” because Eden is a place where heaven and earth overlap.,"I say welcome home, because Eden is a place where heaven and earth overlap,"
368,9761e008bdbf,92%,,2481.1,2486.88,A place where human and divine work together as one (yachad in Hebrew).,"a place where human and divine work together as one, yihad in Hebrew."
369,eed170afd3b5,100%,,2486.88,2491.4,It has always been more than just a physical spot on the map.,It has always been more than just a physical spot on the map.
370,c96973415d26,100%,,2491.4,2494.94,Let's bring life to the next generation together!,Let's bring life to the next generation together.
371,6aaf4cbee5d8,100%,,2494.94,2502.44,"Here are the pattern breaker choices in the first cycle of the melody, starting with Eve.","Here are the pattern breaker choices in the first cycle of the melody, starting with Eve."
372,66fdb8fe8e1f,100%,,2502.44,2505.5,Genesis 4:25-26,"Genesis 4, 25 through 26."
373,313c95681257,87%,,2505.5,2511.12,"4:25 and Adam (the personal name, not the characteristic Human) knew his wife again","And Adam, the personal name, not the characteristic human, knew his wife again,"
374,c09c65290564,78%,,2511.12,2513.44,"and she gave birth to a son (yalad ben),",and she gave birth to a son.
375,3302124076bd,83%,,2513.44,2516.82,"and she named him ""Seth (שת),"" because,","And she named him Sheth, because"
376,168daa144c1c,100%,,2516.82,2523.88,"“God has appointed (שת) me another seed in place of Abel, for Cain killed him.”","God has appointed me another seed in place of Abel, for Cain killed him."
377,f891c1bdddf8,77%,,2523.88,2528.3,"26 and to Seth, to him also a son was born (yalad ben);","And to Seth, to him also a son was born."
378,7d0b575523f5,100%,,2528.3,2530.98,and he called his name Enosh.,And he called his name Enosh.
379,d522757246e4,100%,,2530.98,2536.56,"then it was begun, to call on the name of Yahweh.",Then it was begun to call on the name of Yahweh.
380,1d23f519ce54,100%,,2536.56,2552.16,"Eve and Seth are living out only the second half of Genesis 3:16, the necessary labor pains, instead of the greatly multiplied grief of conception that we saw in 4:1-24.","Eve and Seth are living out only the second half of Genesis 3, 16, the necessary labor pains, instead of the greatly multiplied grief of conception that we saw in 4, 1 through 24."
381,dc525bf244c6,100%,,2552.16,2569.12,"In your life too expect unavoidable labor pains as humans learn to be images of God, but do try to avoid the greatly multiplied grief that comes with conceiving your own plans over trusting God's word.","In your life, too, expect unavoidable labor pains as humans learn to be images of God. But do try to avoid the greatly multiplied grief that comes with conceiving your own plans over trusting God's word."
382,164258abb044,75%,,2569.12,2571.34,"3:16 and to the woman he said,","And to the woman he said,"
383,f0b200363d5b,69%,,2571.34,2577.16,"[Part 1] ""I will greatly multiply your grief and your conception (והרנך va- heron),",I will greatly multiply your grief and your conception.
384,2a772b363434,55%,,2577.16,2580.62,"[Part 2] in grief you will birth children (yalad benim, sons),",In grief you will birth children.
385,8e944b169600,100%,,2580.62,2588.2,"If these phrases were used only in this verse, the mystery would be impossible to unravel, but that's not how the Bible works.","If these phrases were used only in this verse, the mystery would be impossible to unravel. But that's not how the Bible works."
386,84a865711fc4,100%,,2588.2,2597.28,The authors slowly reveal additional information as stories repeat to invite hearers to become active participants.,the authors slowly reveal additional information as the stories repeat to invite hearers to become active participants.
387,d66b66c2b2f2,96%,,2597.28,2608.62,"For example, these subtle “conceive” versus “bear a son” word choices will echo not just in chapter four with Eve herself, but with other mothers in Scripture.","For example, these subtle conceive versus bear a son word choices will echo not just in chapter 4 with Eve herself, but with other mothers in scripture."
388,bff712f9d9ca,100%,,2608.62,2616.06,"To conceive is not a 100% match for pending great anguish, but it’s a hint used more than a few times.","To conceive is not a 100 % match for pending great anguish, but it's a hint used more than a few times."
389,5df9f68464e4,100%,,2616.06,2629.64,"Consider: Avram and Hagar conceive with Ishmael, Genesis 16:4, but Avraham and Sarah conceive and bear a son with Isaac in Genesis 21:2.","Consider, Avram and Hagar conceive with Ishmael, Genesis 16 .4, but Avraham and Sarah conceive and bear a son with Isaac, in Genesis 21 .2."
390,8627632de09d,100%,,2629.64,2644.04,"David and Bathsheba initially conceive a child who died on the seventh day, 2 Samuel 11:5, but later bear a son, Solomon in 12:24-25.","David and Bathsheba initially conceive a child who died on the seventh day, 2 Samuel 11 .5, but later bear a son, Solomon, in 12 .24 -25."
391,391fe22996c5,100%,,2644.04,2650.68,The later stories inform the earlier Genesis 3:16 mystery.,The later stories inform the earlier Genesis 3 .16 mystery.
392,c54af87c28db,100%,,2650.68,2659.54,"As a teacher, I can identify this technique of putting an initial puzzle before students, a little mystery to figure out.","As a teacher, I can identify this technique of putting an initial puzzle before students, a little mystery to figure out."
393,d0835c1bf1ef,100%,,2659.54,2669.12,These authors have intentionally crafted a learning experience to find linked words that unlock a cryptic statement.,These authors have intentionally crafted a learning experience to find linked words that unlock a cryptic statement.
394,85657b34fcba,100%,,2669.12,2676.66,"Focusing on ten words at a time doesn't work, you need the greater narrative.",Focusing on ten words at a time doesn't work. You need the greater narrative.
395,bea4218b606d,92%,,2676.66,2685.28,Hum… a little riddle that requires time to unpack used for teaching… that sounds familiar... have you read the Sermon on the Mount recently?,A little riddle that requires time to unpack used for teaching. That sounds familiar. Have you read the Sermon on the Mound recently?
396,7433c291a550,100%,,2685.28,2691.66,Is it any surprise that Jesus grew up immersed in this culture teaching style?,Is it any surprise that Jesus grew up immersed in this culture teaching style?
397,aa0d8d921fa1,100%,,2691.66,2699.68,"There is more truth available as you spend more time receiving, “He who has ears to hear let him hear!”","There is more truth available as you spend more time receiving. He who has ears to hear, let him hear."
398,fcd53d7375ab,100%,,2699.68,2701.18,Matthew 11:15.,Matthew 11 .15.
399,b895890d6f70,100%,,2701.18,2712.88,"Anyway… with these patterns in mind, we return to Genesis 4:25-26, where Seth and Enosh are on God’s chosen path.","Anyway, with these patterns in mind, we return to Genesis 4 .25 -26 where Seth and Enosh are on God's chosen path."
400,3bf1d7dd306d,100%,,2712.88,2721.64,"They are sons, think John 1:12, who experience only necessary labor pains.",They are sons. Think John 1 .12 who experience only necessary labor pains.
401,d151b9fc42f9,100%,,2721.64,2729.46,Let's see how God will work through these pattern breaker choices in the generations that follow.,Let's see how God will work through these pattern breaker choices in the generations that follow.
402,528309b18716,100%,,2729.46,2732.86,Genesis 5:22-24,Genesis 5 .22 -24
403,027b3cba2a04,60%,,2732.86,2737.35,5:22 and Enoch walked with God three hundred years …,And Enoch walked with God 300 years.
404,b2aab516399f,57%,,2737.35,2741.88,"23 and all the days of Enoch were three hundred and sixty-five years,",And all the days of Enoch were 365 years.
405,762b4495a23b,93%,,2741.88,2747.6,"24 and Enoch walked with God; and he was not, for God took him.","And Enoch walked with God, and he was not, for God took him."
406,933219c5a769,60%,,2747.6,2751.2,Genesis 6:1-7:5,Genesis 6 .1
407,a00bff1a807e,85%,,2751.2,2757.16,"6:13 And Elohim said to Noah, …(build an ark, a mini cosmos)...","And Elohim said to Noah, build an ark, a mini cosmos."
408,1afc771f652f,75%,,2757.16,2758.54,22 And Noah did,And Noah did
409,218df6c791b6,100%,,2758.54,2764.86,"according to all that Elohim had commanded him, so he did.","according to all that Elohim had commanded him, so he did."
410,1e08f6c65bb2,83%,,2764.86,2769.86,"7:1 And Yahweh said to Noah, …(fill that space with inhabitants)...","And Yahweh said to Noah, fill that space with inhabitants."
411,836ece090b27,75%,,2769.86,2771.42,5 And Noah did,And Noah did
412,c1cd6bcc0225,100%,,2771.42,2775.58,according to all that Yahweh had commanded him.,according to all that Yahweh had commanded him.
413,30873e70ee60,100%,,2775.58,2776.86,And Noah did it!,And Noah did it.
414,d0d679f4a69f,100%,,2776.86,2779.02,That’s all we needed to know.,That's all we needed to know.
415,c0c19cd01d9d,100%,,2779.02,2788.18,"God preserves a remnant to partner with him in the next melody cycle, and the pattern breakers are that remnant.",God preserves a remnant to partner with him in the next melody cycle. And the pattern breakers are that remnant.
416,eb9310efa402,100%,,2788.18,2799.46,"The prophets will later develop this concept at length, see Isaiah 11:10-11 or Micah 4:7, but the theme is planted right here in Genesis.",The prophets will later develop this concept at length. See Isaiah 11 .10 -11 or Micah 4 .7 But the theme is planted right here in Genesis.
417,60d184d12fa3,100%,,2799.46,2806.98,They will join God to rebuild the cosmos when he does it again!,They will join God to rebuild the cosmos when he does it again.
418,e86546015fc4,100%,,2806.98,2812.46,Genesis 8-11: The Second Round of the Melody,Genesis 8 -11 The second round of the melody.
419,e1afa87f6a2a,100%,,2812.46,2823.6,"Before we jump into the second cycle of the melody, I’d like to pause for a moment and congratulate you for making it to the center of the center of this guide.","Before we jump into the second cycle of the melody, I'd like to pause for a moment and congratulate you for making it to the center of the center of this guide."
420,6cff34553da9,100%,,2823.6,2837.38,"We find ourselves in Genesis chapter 8, section 8 of this guide, and it feels symbolic, as if very early in the morning on the first day of a new week, the dawn of new creation.","We find ourselves in Genesis chapter 8, section 8 of this guide, and it feels symbolic, as if very early in the morning on the first day of a new week. the dawn of new creation."
421,7200724b5e28,100%,,2837.38,2839.92,It's Sunday morning!,It's Sunday morning.
422,51bb3c84013d,88%,,2839.92,2842.56,We’re hopeful like the 8th son of Jesse.,We're hopeful like the eighth son of Jesse.
423,77e9aa67443d,100%,,2842.56,2844.48,Give us something new!,Give us something new.
424,b9b00fb016e8,100%,,2844.48,2847.96,I sure hope something important happens! …,I sure hope something important happens.
425,7af0e0da8921,100%,,2847.96,2852.9,"Sure enough, something truly remarkable and significant will happen.","Sure enough, something truly remarkable and significant will happen."
426,9bc7ee01d7b0,100%,,2852.9,2862.82,"Genesis 1 will replay in Genesis 8:1-9:18, but in new ways for a new generation.","Genesis 1 will replay in Genesis 8 -1 through 9 -18. But in new ways for a new generation,"
427,2be039bbbab2,100%,,2862.82,2866.44,A pattern is not a pattern unless it repeats.,a pattern is not a pattern unless it repeats.
428,e0a14e9b09b3,100%,,2866.44,2875.62,"So in Genesis 1-11, the introduction to the Bible, we see the cycle of life, not once, but twice.","So in Genesis 1 -11, the introduction to the Bible, we see the cycle of life not once, but twice."
429,8da0ef51d660,100%,,2875.62,2881.96,The Hebrew Bible authors are quietly going to reshape the way you see the world.,The Hebrew Bible authors are quietly going to reshape the way you see the world.
430,ba97e739bf0e,100%,,2881.96,2890.08,"The Spirit has breathed into them a truth that God never stops bringing creation, life, and blessing.","The Spirit has breathed into them a truth that God never stops bringing creation, life, and blessing."
431,a640cce11f62,89%,,2890.08,2899.0,Let’s reflect on their words and try to become listeners that live out Psalm 1:1-1:3.,Let's reflect on their words and try to become listeners that live out Psalm 1 -1
432,2e676807880d,100%,,2899.0,2908.16,"The cycle begins again in Genesis 8:1, unmistakably, right in the chiastic center of the flood narrative.","The cycle begins again in Genesis 8 -1, unmistakably, right in the chiastic center of the flood narrative."
433,b980e1739b88,95%,,2908.16,2919.36,"Life begins with the presence of God, shown again as Ruakh (רוח), the Hebrew word that means wind, breath, or presence.","Life begins with the presence of God, shown again as ruach, the Hebrew word that means wind, breath, or presence."
434,d238c07e12e1,100%,,2919.36,2932.64,"Additionally, we introduce a new highly significant word, zakar, which means not just “remembered,” but more accurately “remembered and acted on it!”","Additionally, we introduce a new highly significant word, zakar, which means not just remembered, but more accurately, remembered and acted on it."
435,c2135ca7f02e,71%,,2932.64,2937.5,8:1 “And Elohim remembered (zakar) Noah,"And Elohim remembered zakar, Noah,"
436,094f99a5e3fe,100%,,2937.5,2940.0,and all the living creatures,"and all the living creatures,"
437,f20eb5f487ad,100%,,2940.0,2943.44,and all the beasts that were with him in the ark;,and all the beasts that were with him in the ark.
438,64c8b9f40a11,100%,,2943.44,2945.74,and Elohim caused to pass,And Elohim caused to pass
439,7a6a2c02b628,88%,,2945.74,2950.86,a Spirit/wind (Ruakh) to cover the land,"a spirit slash wind, ruach, to cover the land."
440,d7cf3bdb8688,100%,,2950.86,2953.88,and the waters subsided.”,And the waters subsided.
441,6c11a12bd499,93%,,2953.88,2965.7,"To help you compare the two “about to act” creation moments, here is the precreation state of Genesis 1:2, where the Ruakh was over the face of the waters.","To help you compare the two about -to -act creation moments, here is the pre -creation state of Genesis 1 -2 where the ruach was over the face of the waters."
442,07019ff54f66,67%,,2965.7,2971.06,"1:2 Now, the land was wild and waste (תהו ווהו • tohu va-vohu),","Now the land was wild and waste, tohu"
443,5ce2ac83fcf6,91%,,2971.06,2976.06,"and darkness was over the face of the deep abyss (תהום • tehom),","and darkness was over the face of the deep abyss,"
444,2e863277fb71,93%,,2976.06,2985.82,but the breath (Ruakh) of Elohim was hovering over the face of the waters (המים),"But the breath, ruach, of Elohim was hovering over the face of the waters,"
445,44fb8ba3da74,97%,,2985.82,3000.78,"This guide is not a deep dive on the Holy Spirit, the third person of the Trinity, for that consider a work like Tyler Staton’s The Familiar Stranger or the Spirit of God collection.","This guide is not a deep dive on the Holy Spirit, the third person of the Trinity. For that, consider a work like Tyler Stanton's The Familiar Stranger, or the Spirit of God collection."
446,4a2fd85b4810,100%,,3000.78,3009.02,"However, I do want to at least point out that the Spirit did not come only after Jesus' death at Pentecost in Acts 2.","However, I do want to at least point out that the Spirit did not come only after Jesus' death at Pentecost in Acts 2."
447,4c483ebb6954,95%,,3009.02,3019.76,"The same Spirit has been present and active since page one, doing what God does best, breathing life into His creation.","The same Spirit has been present and active since page 1, doing what God does best, breathing life into his creation."
448,138b517c2b22,96%,,3019.76,3031.34,"Genesis always begins with the personal presence of God, and the biblical authors help us understand that simple truth by mentioning His Ruakh.","Genesis always begins with the personal presence of God, and the biblical authors help us understand that simple truth by mentioning his"
449,a8df863ceb62,92%,,3031.34,3042.32,"By the way, props to Stephen Langton, the 1205 AD Archbishop of Canterbury, who did the Bible chapter divisions that we still use today.","By the way, props to Stephen Langdon, the 1205 A .D. Archbishop of Canterbury, who did the Bible chapter divisions that we still use today."
450,0d082efe5411,100%,,3042.32,3049.82,He intentionally/accidentally chose to put the first melody into exactly seven chapters.,"He intentionally, accidentally, chose to put the first melody into exactly seven chapters."
451,74440deeff16,100%,,3049.82,3052.08,His chapter breaks aren’t perfect.,His chapter breaks aren't perfect.
452,ede679b3551e,100%,,3052.08,3067.36,"He did the best he could with the Latin Vulgate and he only did it to ease citation, not structure the text, but this one was a winner: exactly seven chapters to complete the first melody.","He did the best he could with the Latin Vulgate, and he only did it to ease citation, not structure the text. But this one was a winner. exactly seven chapters to complete the first melody."
453,11dbf5e50ce9,100%,,3067.36,3073.76,"Bible scholars love to point out happy coincidences, see Matthew 1-4.",Bible scholars love to point out happy coincidences. See Matthew 1 -4.
454,fa3afc834155,100%,,3073.76,3082.66,"Next, Elohim commands Noah and his family to go out from the ark, blessing them Genesis 1 style:","Next, Elohim commands Noah and his family to go out from the ark, blessing them Genesis 1 style."
455,b93f62140e64,86%,,3082.66,3088.28,"9:1 And Elohim blessed Noah and his sons and he said to them,","And Elohim blessed Noah and his sons, and he said to them,"
456,14dedd418413,100%,,3088.28,3093.28,"“Be fruitful and multiply, and fill the land.",be fruitful and multiply and fill the land.
457,123cbf9da165,93%,,3093.28,3098.82,All is good in blissful creation at the top of the mountain with God.,All is good and blissful creation at the top of the mountain with God.
458,03c8add3ff10,100%,,3098.82,3106.12,"However, it makes an informed reader wonder what will come next… and worry.","However, it makes an informed reader wonder what will come next. And worry."
459,05d24d28a85b,100%,,3106.12,3115.44,"The authors continue the Creation, Choice, Division of Relationships, and Collapse cycle using very clear notes.","The authors continue the creation, choice, division of relationships, and collapse cycle using very clear notes."
460,912c9fdee514,100%,,3115.44,3123.72,"In the second pass through the melody, Genesis 8-11, notice that the authors never replay a story identically.","In the second pass through the melody, Genesis 8 -11, notice that the authors never replay a story identically."
461,dc817622b151,100%,,3123.72,3130.98,"Each cycle fills out the one before, quietly expanding your sense of what each note is communicating.","Each cycle fills out the one before, quietly expanding your sense of what each note is communicating."
462,075947bbe637,95%,,3130.98,3141.12,"By the end of only two laps, you’ll reflect back on Genesis 1-7 in ways that you couldn’t see before.","By the end of only two laps, you'll reflect back on Genesis 1 -7 in ways you couldn't see before."
463,a5f10b7f947a,100%,,3141.12,3143.34,Melody Cycle 2 Creation,"Melody cycle 2 creation,"
464,b1586b303c6f,100%,,3143.34,3147.34,Genesis 8:1-9:18,Genesis 8 -1 through 9 -18.
465,15e6b493a4fb,100%,,3147.34,3158.28,"We again hear Creation notes of blessing, but with a new twist, the humans and animals are partnering with God in the creation process.","We again hear creation notes of blessing, but with a new twist. The humans and animals are partnering with God in the creation process."
466,7264dade2644,100%,,3158.28,3169.36,"In Genesis 1:27 when Elohim created the ‘Image of God’, the authors used the phrase “male and female” he created them.","In Genesis 1 -27, when Elohim created the image of God, the authors used the phrase, male and female, he created them."
467,a3709543531a,80%,,3169.36,3177.0,That phrase in Hebrew is za-KAR oonKAY vah (זָכָ֥ר וּנְקֵבָ֖ה) and it became a creation note that we should listen for.,"That phrase in Hebrew is, zakarun keva, and it became a creation note that we should listen for."
468,836e56dd257f,79%,,3177.0,3187.0,"In this new creation story, Noah is bringing out the animals who were put into the ark za-KAR oonKAY vah, male and female.","In this new creation story, Noah is bringing out the animals who are put into the ark, zakarun keva, male and female."
469,a7a18e4bb403,100%,,3187.0,3193.28,The repeated words are creation vocabulary that the authors didn't want you to miss.,The repeated words are creation vocabulary that the authors didn't want you to miss.
470,97f66401a9db,78%,,3193.28,3197.44,"In fact they repeat the phrase four times when the animals board the boat, za-KAR oonKay vah.","In fact, they repeat the phrase four times when the animals board the boat,"
471,d2c46579d949,94%,,3202.26,3213.5,"By the way, we are stepping around the rabbit hole where the letters for zakar, זכר, mean both “male child” from this phrase AND zakar זכר, “remembered,” in Genesis 8:1, too many hyperlinks!","By the way, we're stepping around the rabbit hole where the letters for zakar mean both male child from this phrase and zakar remembered in Genesis 8 -1. Too many hyperlinks."
472,622c1848cfba,100%,,3213.5,3218.52,But a listener in Hebrew would certainly hear the zakar creation notes.,But a listener in Hebrew would certainly hear the zakar creation notes.
473,eae10f87c05b,100%,,3218.52,3228.42,"These new creation events continue in blissful harmony with a sacrifice, covenant, and a sign of the covenant, the rainbow.","These new creation events continue in blissful harmony with a sacrifice, covenant, and a sign of the covenant, the rainbow."
474,ea4dc934fe24,100%,,3228.42,3231.04,What could go wrong?,What could go wrong?
475,0ed244e9bce3,100%,,3231.04,3240.6,"However, we know the cycle will repeat since Genesis 8:21 warns us that the human heart has not changed.","However, we know the cycle will repeat since Genesis 8 -21 warns us that the human heart has not changed."
476,e551be81e14b,100%,,3240.6,3243.1,Melody Cycle 2 Calling,"Melody Cycle 2 calling,"
477,bf340a994703,100%,,3243.1,3248.82,Genesis 7:1-5 and 8:15-17,Genesis 7 -1 through 5 and 8 -15 through 17.
478,0ecd9ef6a0a1,82%,,3248.82,3254.22,"7:1 “Go, you and all your household, into the ark","Go, you and all your household, into the ark."
479,aa97132b720a,96%,,3254.22,3263.28,for you I have seen as a righteous one before me in this generation… to keep alive seed on the face of the land.”,"For you, I have seen as righteous one before me in this generation, to keep alive seed on the face of the land."
480,a677ca4a4fa9,100%,,3263.28,3274.86,"8:15 And Elohim spoke to Noah, saying, “Go out from the ark, you and your wife and your sons and your sons’ wives with you.","8 -15 And Elohim spoke to Noah, saying, Go out from the ark, you and your wife and your sons and your sons' wives with you,"
481,e339940ad2da,95%,,3274.86,3291.58,"From every living thing with you from all flesh, birds and animals and every creeper that creeps on the land, make them go out with you, so they can swarm in the land and be fruitful and multiply in the land.”","from every living thing with you, from all flesh, birds and animals, and every creeper that creeps in the land, make them go out with you, so they can swarm the land and be fruitful and multiply in the land."
482,9bbb89bbe616,100%,,3294.96,3297.12,Melody Cycle 2 Choice,"Melody Cycle 2 Choice,"
483,94a1217be3ab,100%,,3297.12,3300.6,Genesis 9:19-29,"Genesis 9, 19 -29"
484,72e6ea1c39d3,100%,,3300.6,3309.54,The next generation repeats the sins of the old as the Choice notes begin to play in the new Eden space.,The next generation repeats the sins of the old as the choice notes begin to play in the new Eden space.
485,9aaecc69b8a2,100%,,3309.54,3313.88,Noah takes the wine in an illicit way by getting drunk.,Noah takes the wine in an illicit way by getting drunk.
486,88dd2c662616,100%,,3313.88,3317.9,Then he uncovers himself in the middle of his tent.,Then he uncovers himself in the middle of his tent.
487,8a34009b003d,100%,,3317.9,3325.54,"These are verbal echoes of Adam and Eve taking the fruit in the middle of the garden, then realizing they were naked.","These are verbal echoes of Adam and Eve taking the fruit in the middle of the garden, then realizing they were naked."
488,3983bc66d15e,100%,,3325.54,3329.9,"Finally, Ham “saw the nakedness of his father”.","Finally, Ham saw the nakedness of his father."
489,8484439fd966,100%,,3329.9,3336.96,"In Hebrew, a man's nakedness is his wife, Leviticus 18:7-8 spells this out plainly.","In Hebrew, a man's nakedness is his wife. Leviticus 18, 7 -8 spells this out plainly."
490,a2c1b9ee229b,100%,,3336.96,3341.5,The act is so terrible that the authors use a common Hebrew euphemism.,The act is so terrible that the authors use a common Hebrew euphemism.
491,31f09c4c4451,100%,,3341.5,3357.28,"Despite our modern debates and mystery, “seeing the nakedness” is a standard phrase stating that Ham had sex with his father’s wife (if you would like to have more evidence go read Ezekiel 22:10 in a literal translation).","Despite our modern debates and mystery, seeing the nakedness is a standard phrase stating that Ham had sex with his father's wife. If you would like to have more evidence, go read Ezekiel 22 .10 in a literal translation."
492,11f4a4328ab4,100%,,3357.28,3365.2,The word choice ties this unthinkable moment into the “seeing what is good in his eyes” theme.,The word choice ties this unthinkable moment into the seeing what is good in his eyes theme.
493,0a5f1387fddd,100%,,3365.2,3367.82,Translators face an impossible task here.,Translators face an impossible task here.
494,05c0eeafa9be,100%,,3367.82,3374.38,"They need to maintain the “seeing” hyperlink, discern the idioms, and keep it to five words or less.","They need to maintain the seeing hyperlink, discern the idioms, and keep it to five words or less."
495,671e9397fac5,100%,,3374.38,3387.78,"So they usually just follow the pattern of prior translations, throw their hands in the air, and give a literal word-for-word translation, leaving interpretation to the reader (which is fine, let commentaries explain it).","So they usually just follow the pattern of prior translations, throw their hands in the air, and give a literal word -for -word translation, leaving interpretation to the reader, which is fine. Let commentaries explain it."
496,857c8f2f7d73,100%,,3387.78,3399.88,"Next, much like God did in the Garden exit, this new state results in Noah giving blessings to Yahweh the Elohim of Shem and curses to Canaan.","Next, much like God did in the Garden Exit, this new state results in Noah giving blessings to Yahweh, the Elohim of Shem, and curses to Canaan."
497,672d4e955b5f,100%,,3399.88,3401.44,"Wait, Canaan?","Wait, Canaan?"
498,ff28a2a2fdf8,100%,,3401.44,3403.72,Where did Ham go?,Where did Ham go?
499,3cf5c6e278a5,100%,,3403.72,3413.34,"Canaan, the father of the Canaanites, was Ham’s fourth and final son, but the authors don’t explain the generational jump at all.","Canaan, the father of the Canaanites, was Ham's fourth and final son. But the authors don't explain the generational jump at all."
500,893bb620beec,85%,,3413.34,3418.66,"Instead, you are forced to use your imagination to fill in the gap.","Instead, you're forced to use your imagination to fill in the gap."
501,7e19c6355d13,100%,,3418.66,3420.86,Melody Cycle 2 Division,"Melody Cycle 2 Division,"
502,1b637aeb98a5,100%,,3420.86,3425.06,Genesis 9:22-11:5,"Genesis 9, 22 through 11, 5."
503,e53d759a77a0,100%,,3425.06,3428.6,It is no surprise that Division comes next.,It is no surprise that Division comes next.
504,bce15e9db979,100%,,3428.6,3431.56,"In fact, it has already begun.","In fact, it has already begun."
505,5f1f0460aafe,100%,,3431.56,3438.96,"Ham’s horrific power play fractured the family, causing the three brothers to divide into the nations.","Ham's horrific power play fractured the family, causing the three brothers to divide into the nations."
506,8bb5576ad29c,100%,,3438.96,3447.9,"The spiral continues with Nimrod building Babylon, the icon for communal evil choices used throughout the Bible.","The spiral continues with Nimrod building Babylon, the icon for communal evil choices used throughout the Bible."
507,4d61a619498c,97%,,3447.9,3461.66,"Finally, Yahweh does a thorough investigation of the situation in Genesis 11:5, “And Yahweh came down to see the city and the tower that the sons of humanity built.”","Finally, Yahweh does a thorough investigation of the situation in 11, 5. and Yahweh came down to see the city and the tower that the sons of humanity built."
508,1f01d1618808,100%,,3461.66,3466.04,Dangerous notes are beginning to play.,Dangerous notes are beginning to play.
509,4a6df5800324,100%,,3466.04,3468.22,Melody Cycle 2 Collapse,"Melody Cycle 2 Collapse,"
510,c8cc78e34e66,100%,,3468.22,3471.1,Genesis 11:7-9,"Genesis 11, 7 through 9."
511,7ae037f3a98f,100%,,3471.1,3479.92,"In this cycle, the collapse is Yahweh scattering the civilization of Babylon at the Tower of Babel.","In this cycle, the collapse is Yahweh scattering the civilization of Babylon at the Tower of Babel,"
512,6ed6c59e1811,100%,,3479.92,3486.62,11:9 “from there Yahweh scattered them upon the face of all the land.”,"11, 9. From there, Yahweh scattered them from upon the face of all the land."
513,1077eac7a900,100%,,3486.62,3494.82,"In our generation, scattering a nation doesn't carry the same weight, but in this context, these are Collapse notes.","In our generation, scattering a nation doesn't carry the same weight, but in this context, these are collapse notes."
514,f3070a8ffe22,92%,,3494.82,3507.8,"For example, in 9:19, the authors describe the “scattering” using the Hebrew word naphats, which Psalm 2:9 uses to “shatter” like a pot.","For example, in 9, 19, the authors described the scattering using the Hebrew word nefatz, which Psalm 2, 9 uses to shatter like a pot."
515,490fbbeae7d7,100%,,3507.8,3514.68,So God shattered the people of Babylon like a pot onto the face of the land.,So God shattered the people of Babylon like a pot onto the face of the land.
516,18ebdbc9223e,100%,,3514.68,3526.24,"God has initiated the collapse in both cycles so far to set the stage for new life, but that will not always be the case as the melody continues.","God has initiated the collapse in both cycles so far to set the stage for new life, but that will not always be the case as the melody continues."
517,06655d0eff04,96%,,3526.24,3536.14,"With only two passes through the melody, we can already hear many distinctive notes that emerge from the Genesis 1-11 characteristic human cycle.","With only two passes through the melody, we can already hear many distinctive notes that emerge from Genesis 1 through 11, characteristic human cycle."
518,8c3f63645e8f,100%,,3536.14,3537.8,Here are only a few:,Here are only a few.
519,ae776b33655b,100%,,3553.86,3564.4,"Enjoyable side quest: Go read the first two chapters of Luke, listening for Creation notes of Spirit, blessing, and signs.","Enjoyable side quest. Go read the first two chapters of Luke, listening for creation notes of spirit, blessing, and signs."
520,caabc3e62bbb,100%,,3564.4,3569.36,"There are more than you might guess, and you’ll wonder how you missed them before.","There are more than you might guess, and you'll wonder how you missed them before."
521,d96e731acbaa,100%,,3573.74,3577.6,Genesis 8-11: Pattern Breakers!,"Genesis 8 through 11, Pattern Breakers."
522,170c0bc004cd,100%,,3577.6,3584.5,Who are the pattern breakers in the second round of the melody and how will God preserve life through them?,"Who are the pattern breakers in the second round of the melody, and how will God preserve life through them?"
523,33b29e57b99e,100%,,3584.5,3589.28,"It is a shorter melody, so there are fewer pattern breakers, but we still see a few.","It is a shorter melody, so there are fewer pattern breakers, but we still see a few."
524,1a2399a3ebd8,100%,,3589.28,3599.3,"We have primarily one man, Noah and the ark, who passed through the first archetypal flood collapse.","We have primarily one man, Noah, and the ark, who passed through the first archetypal flood collapse."
525,6da2381e48fb,100%,,3599.3,3601.86,He was called and received the calling.,He was called and received the calling.
526,ef39beb03827,100%,,3601.86,3603.9,He listens and obeys.,He listens and obeys.
527,6a9a8979ed5a,100%,,3603.9,3610.22,"Super fun side quest, look for how other people are called in the Bible to start a new genesis!",Super fun side quest. Go look for how other people are called in the Bible to start a new Genesis.
528,35a6e1c219fd,100%,,3610.22,3629.68,"Consider moments like Moses being called to rise up and cross the Reed Sea, Samuel to arise and anoint David, Joseph to get up and flee to Egypt (Matthew 2), so Jesus could fulfill being called out of Egypt (disorder).","Consider moments like Moses being called to rise up and cross the Reed Sea, Samuel to arise and anoint David, Joseph to get up and flee to Egypt, Matthew 2, so that Jesus could fulfill being called out of Egypt, which is disorder."
529,2da600310cf0,83%,,3629.68,3631.77,That's a great note to track!,That's a note to track.
530,058f18a19dff,100%,,3631.77,3634.64,You will come to realize it’s true even today.,You will come to realize it's true even today.
531,af2fd8471b03,100%,,3634.64,3641.28,"God blesses and calls us out of chaos, SO THAT we can be a blessing to others.","God blesses and calls us out of chaos, so that we can be a blessing to others."
532,fa1bc45821dd,100%,,3641.28,3642.54,Anyway…,"Anyway,"
533,b0eb1e4dfb32,100%,,3642.54,3648.84,In the new creation Noah builds an altar and makes a going-up offering to Yahweh.,"in the new creation, Noah builds an altar and makes a going up offering to Yahweh."
534,237e05228609,100%,,3648.84,3654.16,Yahweh smells the soothing smell and responds in blessing.,Yahweh smells the soothing smell and responds in blessing.
535,111f2f121e21,90%,,3654.16,3662.22,"This sacrifice note is mirrored in other rounds of the melody in creative ways, but we are trying to stay focused.","This sacrifice note is mirrored in other realms of the melody and creative ways, but we are trying to stay focused."
536,1aa3aabd7e0f,88%,,3662.22,3665.76,The next pattern breakers are Shem and Japheth.,The next pattern breakers are Shem and
537,b2dcace0fce2,100%,,3665.76,3670.42,They do the opposite of Ham and cover their father’s nakedness.,They do the opposite of Ham and cover their father's nakedness.
538,fe16d61d21d1,100%,,3670.42,3675.26,"This time, not seeing their father's nakedness is simple and literal.","This time, not seeing their father's nakedness is simple and literal."
539,c0ccdc35925e,93%,,3675.26,3682.34,These authors use clever wordplay even when the subject matter makes us feel uncomfortable.,These authors use clever word play even when the subject matter makes us feel uncomfortable.
540,dd87cf2b3f70,100%,,3682.34,3688.94,"Subtle symmetries, through repeated words, help readers see the inversion.",Subtle symmetries through repeated words help readers see the inversion.
541,989285d176f3,100%,,3688.94,3697.02,"Afterwards, Noah blesses Yahweh the Elohim of Shem and again a remnant is preserved through Shem’s line.","Afterwards, Noah blesses Yahweh, the Elohim of Shem, and again a remnant is preserved through Shem's line."
542,71ac11b2abbc,92%,,3697.02,3705.78,"Genesis 11:10-26 gives another ten-generation bridge, mirroring chapter 5.","Genesis 11, 10 -26 gives another 10 generation bridge, mirroring chapter 5."
543,9427669f06a4,94%,,3705.78,3713.16,"It is the tenth, Avram, who will partner with God to start the next melody cycle.","It is the 10th, Avram, who will partner with God to start the next melody cycle."
544,249f43895c49,100%,,3713.16,3718.3,Will Avram be the one who will crush the head of the snake?,Will Avram be the one who will crush the head of the snake?
545,ceb31137c24d,73%,,3718.3,3726.92,Genesis 11:27-22:19: Cycles Three to Seven with Avraham,"Genesis 11, 27, through 22, 19, cycles 3 -7 with Avraham."
546,88cdd44d3661,100%,,3726.92,3736.48,"With Genesis 1-11 complete, we come to the next major section of Genesis and start the third cycle of the melody.","With Genesis 1 through 11 complete, we come to the next major section of Genesis and start the third cycle of the melody."
547,05c639faf3d7,94%,,3736.48,3743.88,"It opens with a title in Genesis 11:27, “Now these are the generations of Terakh.”","It opens with a title in Genesis 11, 27, Now these are the generations of"
548,83e11ff71025,94%,,3743.88,3751.36,"Then, following the Genesis 1 pattern, we have a new precreation state in 11:28-32.","Then, following the Genesis 1 pattern, we have a new pre -creation state in 11, 28 -32."
549,de78bfe1a6c2,100%,,3751.36,3758.36,"This time, the symbols for non-life are not watery chaos or a dry desert.","This time, the symbols for non -life are not watery chaos or a dry desert."
550,2c7e3d4d7d9b,100%,,3758.36,3764.9,"Instead, if you read with eyes looking for symbols of death and disorder, you will notice:","Instead, if you read with eyes looking for symbols of death and disorder, you will notice,"
551,08f159571a2f,86%,,3764.9,3768.54,And Haran died before his father Terakh,And Haran died before his father
552,b9f7ebc1d857,100%,,3768.54,3772.28,"And Sarai was barren, she had no child",and Sarai was barren. She had no child.
553,f4786253b86b,100%,,3772.28,3778.94,And they went out … to go to the land of Canaan; and they went as far as Haran,"And they went out to go to the land of Canaan, and they went as far as Haran."
554,fa0343ad2259,80%,,3778.94,3782.18,And Terakh died in Haran,And Terak died in Haran.
555,91f91a0def43,95%,,3782.18,3793.0,"Without God’s presence, the “wild and waste” from Genesis 1:2 is depicted with these new symbols of precreation non-life.","Without God's presence, the wild and waste from Genesis 1 -2 is depicted with these new symbols of pre -creation non -life."
556,bb166b535cf2,95%,,3793.0,3801.4,These authors are very clever and give us a small cairn in the word Haran that we are on the right track.,"These authors are very clever, and give us a small Karen in the word Haran that we are on the right track."
557,cabfc6fa280e,97%,,3801.4,3814.06,"The Genesis 3:16 word to conceive heron הרן, sounds a lot like these new symbols of death: Haran the brother (הרן) has the very same letters, and Haran the place (חרן) is only one letter off.","The Genesis 3 -16 word to conceive, Haran, sounds a lot like these new symbols of death. Haran, the brother, has the very same letters, and Haran the place is only one letter off."
558,1c584b20fb4b,100%,,3814.06,3829.3,"Most of our English translations even spell those two words identically to show they are connected, but none are able to show the Hebrew wordplay connection to Genesis 3:16 properly (these authors are amazing).","Most of our English translations even spell those two words identically to show they are connected, but none are able to show the Hebrew wordplay connection to Genesis 3 -16 properly. These authors are amazing."
559,7deba00708f9,93%,,3829.3,3844.22,"Genesis 12:1 then starts the creation section of melody three with Yahweh speaking to Avram (the new ruakh), who steps into the role of Adam and Noah.","Genesis 12 -1 then starts the creation section of the melody, melody 3, with Yahweh speaking to Avram, the new Ruach, who steps into the role of Adam and Noah."
560,a363f9120826,100%,,3844.22,3852.16,"In this generation, he will partner with God to once again bring about creation, life, and blessing.","In this generation, he will partner with God to once again bring about creation, life, and blessing."
561,5c1464d90145,86%,,3852.16,3855.62,The ruakh and the calling come together.,The Ruach and the calling come together.
562,46c2c0629381,71%,,3855.62,3857.84,"12:1 “And Yahweh said to Avram,","And Yahweh said to Avram,"
563,45e22bbd3897,100%,,3857.84,3860.02,Get yourself going…”,get yourself going.
564,dc2f53797637,100%,,3860.02,3864.14,"It’s a wonderful and significant speech, but a bit long for this guide.","It's a wonderful and significant speech, but a bit long for this guide."
565,36eefa81826f,100%,,3864.14,3865.58,Go read it!,Go read it.
566,9a52e20b3659,100%,,3865.58,3871.76,"It calls Avram to come out, much like Noah was called out of the Ark.","It calls Avram to come out, much like Noah was called out of the ark."
567,157fa8ed46de,92%,,3871.76,3880.54,"The calling here is crisp and clean, perhaps Avram will crush the head of the snake and just help us all avoid the collapse?",The calling here is crisp and clean. Perhaps Avram will crush the head of the snake and help us avoid the collapse.
568,a37089699fad,100%,,3880.54,3882.2,Perhaps not.,Perhaps not.
569,1f496acac61e,100%,,3882.2,3888.58,"Well, at least like Noah he will receive his calling and pass through the collapse without failure?","Well, at least like Noah, he will receive his calling and pass through the collapse without failure."
570,055fd60280e6,100%,,3888.58,3891.08,Perhaps not there as well.,Perhaps not there as well.
571,3e796e9da403,100%,,3891.08,3896.54,People are complex and the melody is growing in complexity with us.,"People are complex, and the melody is growing in complexity with us."
572,d01404d3d102,85%,,3896.54,3904.4,We’ll be tracking the ups and downs with Abraham through five melody cycles.,We'll be tracking the ups and downs with Avram throughout five melody cycles.
573,cd37741f7895,100%,,3904.4,3918.42,"In this cycle, Yahweh kickstarts genesis with a call to Avram and expands the new Creation promise, stating: “in you all the families of the land will find blessing”.","In this cycle, Yahweh kickstarts Genesis with a call to Avram and expands the new creation promise stating, in you, all the families of the land will find blessing."
574,08621ad5ba10,86%,,3918.42,3925.32,"Verses 4 and 5 then tell another journey story, but now with God present.",Verses four and five then tell another journey story. But now with God present.
575,10a13a323e6e,77%,,3925.32,3931.5,"Interestingly, this second journey was perhaps the same trip, see Acts 7:2.","Interestingly, the second journey was perhaps the same trip, CX 7 -2."
576,ab3fc42667e9,100%,,3931.5,3943.96,"This reminds me of Genesis 1:2 where darkness was over the face of the tehom, the waters of death, but the Spirit of Elohim was hovering over the face of the waters.","This reminds me of Genesis 1 -2, where darkness was over the face of the Tehom, the waters of death, but the spirit of Elohim was hovering over the face of the waters."
577,ebf1ac6d0c71,100%,,3943.96,3951.1,"Those might be the same physical states, just described first without God's presence and then with it.","Those might be the same physical states, just described first without God's presence and then with it."
578,50405429023c,100%,,3951.1,3954.34,The difference is not what you would see with your eyes.,The difference is not what you would see with your eyes.
579,53c238d654cd,100%,,3954.34,3957.36,The difference is God.,The difference is God.
580,8ecd045e4022,96%,,3957.36,3969.06,"Next, Avram journeys throughout the land with Yahweh in Genesis 12:6-9, much like Adam and Eve walked with God in the windy part of the day.","Next, Avram journeys throughout the land with Yahweh, and Genesis 12, 6 -9, much like Adam and Eve walked with God in the windy part of the day."
581,567ea0174967,100%,,3969.06,3977.8,"An informed reader enjoys the bliss of Creation notes, but is again worried about what will happen next.","An informed reader enjoys the bliss of creation notes, but is again worried about what will happen next."
582,fcf9aa8f6fd1,100%,,3977.8,3988.02,"Yahweh makes a clear, unconditioned declaration in Genesis 12:7: “To your seed I will give this land.”","Yahweh makes a clear, unconditioned declaration in Genesis 12 -7, to your seed I will give this land."
583,22e166a8ba6f,100%,,3988.02,3993.4,"Will Avram trust and obey, staying in the land that Yahweh has promised?","Will Avram trust and obey, staying in the land that Yahweh has promised?"
584,efe29fbdfaab,100%,,3993.4,3995.86,You already know.,You already know.
585,6a034d18fb03,82%,,3995.86,3998.72,You have been shaped by the melody without even realizing it.,been shaped by the melody without even realizing it.
586,f580ad976d08,100%,,3998.72,4007.16,"The cycle will continue as long as the human heart is unchanged, but God will continue to preserve life through it all.","The cycle will continue as long as the human heart is unchanged, but God will continue to preserve life through it all."
587,a98e622ffd17,100%,,4007.16,4010.82,The One who IS does not change.,The one who is does not change.
588,9bb9c9393e41,95%,,4010.82,4025.64,"We could continue discussing the melody with the choice in Egypt of seeing, taking, and giving, then a division of relationships with the “brothers,” Avram and his nephew Lot, followed by a collapse of four kings sweeping away five.","We could discussing the melody with the choice in Egypt of seeing, taking, and giving, then a division of relationship with the brothers Avram and his nephew Lot, followed by a collapse of four kings sweeping away five."
589,d6acd232acc4,100%,,4025.64,4037.96,"Instead of continuing through the cycle in a linear way from this point, which is already getting pretty lengthy, let’s mention only the collapse moments that mark the seven cycles of Genesis 1-22.","Instead of continuing through the cycle in a linear way from this point, which is already getting pretty lengthy, let's mention only the collapse moments that mark the seven cycles of Genesis 1 through 22."
590,d6a9f01abf95,100%,,4037.96,4042.36,Working through each full cycle with your own group is worth your time.,Working through each full cycle with your own group is worth your time.
591,23812bbbcfdf,100%,,4042.36,4056.24,"The story takes a much closer look at one person and we see the complexity of humans as we are pattern breakers one moment, then go right back to being characteristic ten seconds later.",The story takes a much closer look at one person and we see the complexity of humans as we are pattern breakers one moment and then go right back to being characteristic ten seconds later.
592,9793982d464c,93%,,4056.24,4062.12,The creative twists will be surprising and rewarding as you meditate on the melody.,The creative twist will be surprising and rewarding as you meditate on the melody.
593,7fa8e10fbc5b,100%,,4062.12,4067.98,The seven collapse stories of Genesis 1-22 are:,The seven collapse stories of Genesis 1 through 22 are
594,d0f80ea1704e,75%,,4067.98,4069.92,Melody Cycle 1 Collapse,melody cycle one collapse
595,c563045c881b,100%,,4069.92,4072.78,Genesis 7:17-24,Genesis 7 17 through 24
596,1c8e627d8be3,96%,,4072.78,4093.7,"The Flood: 7:23 And he wiped away every standing-thing that was upon the face of the land, from humanity to animals to creepers and to birds of the skies, and they were wiped away from the land; and only Noah was left remaining, and those with him in the ark.",the flood and he wiped away every standing thing that was upon the face of the land from humanity to animals to creepers and to birds of the skies and they were wiped away from the land and only Noah was left remaining and those with him in the ark.
597,3f5909d6f038,75%,,4093.7,4095.52,Melody Cycle 2 Collapse,Melody cycle two collapse
598,129b7f0d089c,0%,NONE,-1,-1,Genesis 11:8-9,
599,9653dffc68a0,88%,,4095.52,4106.62,"The Scattering: 11:8-9 And Yahweh scattered them from there upon the face of all the land, and they stopped building the city.",the scattering and Yahweh scattered them from there upon the face of all the land and they stopped building the city
600,b9412597d76c,97%,,4106.62,4122.43,"Therefore, its name was called Babylon (Babel), because there Yahweh made-babble of the language of all the land, and from there Yahweh scattered them upon the face of all the land.",therefore its name was called Babylon Babel because there Yahweh made Babel of the language of all the land and from there Yahweh scattered them from upon the face of all the land.
601,975af4af8aef,75%,,4122.43,4124.12,Melody Cycle 3 Collapse,Melody cycle three collapse
602,72e382070266,0%,NONE,-1,-1,Genesis 14:1-12,
603,eaa59e93be72,91%,,4124.12,4137.54,"Sodom #1: Four kings from Mesopotamia waged war against five kings, which included the people, possessions, and food of Sodom and Gomorrah.",Sodom number one four kings from Mesopotamia waged war against five kings which included the people possession and food of Sodom and Gomorrah.
604,bf1d21b98877,100%,,4137.54,4141.16,Avram’s nephew Lot is taken in the process.,Avram's nephew Lot is taken in the process.
605,8516b4a76cd6,100%,,4141.16,4150.26,"This is our first collapse of human origin, but the flood language remains the same as they sweep away.",This is our first collapse of human origin but the flood language remains the same as they sweep away.
606,f180b891b92e,100%,,4150.26,4162.68,"Meanwhile, Avram is symbolically in the ark, but then goes out with 318 men and “God’s help” to restore life.",Meanwhile Avram is symbolically in the ark but then goes out with 318 men and God's help to restore life.
607,abf4b1e11f73,75%,,4162.68,4164.6,Melody Cycle 4 Collapse,Melody cycle four collapse
608,74a671f2f3f7,0%,NONE,-1,-1,Genesis 16:6,
609,f060b6aaf7e8,96%,,4164.6,4178.8,"Hagar #1: This melody ends with a rape victim, pregnant, fleeing in the wilderness with nowhere to go and no human that loves her in the world.",Hagar number one This melody ends with a rape victim pregnant fleeing in the wilderness with nowhere to go and no human that loves her in the world.
610,004fcfaac2f4,100%,,4178.8,4183.12,Only Yahweh sees this Egyptian slave-girl.,Only Yahweh sees this Egyptian slave girl.
611,e6b61842af05,96%,,4183.12,4192.36,"From Yahweh’s perspective the world has come to an end again, except for this time, it’s in the life of only 1 person.",From Yahweh's perspective the world has come to an end again except for this time it's in the life of only one person.
612,2d6d7d1184ff,100%,,4192.36,4203.16,"In this fourth cycle of the melody the Choice, Division of Relationships, and Collapse happen in only six verses in 16:1-6.",In this fourth cycle of the melody the choice division of relationships and collapse happen in only six verses in 16 1 -6.
613,e34bfde2b92b,100%,,4203.16,4212.74,It’s an explosion where these authors can replay the whole story with very few words once you know the notes to listen for.,It's an explosion where these authors can replay the whole story with very few words once you know the notes to listen for.
614,6b55021f2877,100%,,4212.74,4226.14,A single choice by Sarai and Avram to take their Egyptian slave-girl Hagar causes a violent division of every relationship leading to a very sudden collapse.,A single choice by Sarai and Avram to take their Egyptian slave girl Hagar causes a violent division of every relationship leading to a very sudden collapse.
615,eda0f7eea28d,100%,,4226.14,4240.28,"God, however, enters our mess, sees Hagar in the wilderness, and restores life in ways that feel interestingly compromised, making the best of a broken situation.",God however enters our mess sees Hagar in the wilderness and restores life in ways that feel interestingly compromised making the best of a broken situation.
616,07f87db759af,100%,,4240.28,4244.54,Read this in-depth Hagar article for more insights.,Read this in -depth Hagar article for more insights.
617,f8705861c356,100%,,4244.54,4246.64,Melody Cycle 5 Collapse,Melody Cycle 5 Collapse
618,baecf1bd1b21,0%,FILLED,4246.64,4248.18,Genesis 19:15-29,
619,a47ea79dcac8,87%,,4248.18,4260.44,"Sodom #2: 19:24 and Yahweh caused it to rain over Sodom and over Gomorrah, sulphur and fire from Yahweh from the skies.",Sodom number 2. And Yahweh caused it to rain over Sodom and over Gomorrah sulfur and fire from Yahweh from the skies.
620,287ed4f2f7bf,100%,,4260.44,4268.28,The notes of this culminating collapse can’t be missed as it uses a flood of words to connect the melodies.,The notes of this culminating collapse can't be missed as it uses a flood of words to connect the melodies.
621,d2fb599c5df0,86%,,4268.28,4285.94,"Noteworthy in this story is that Lot and his family are saved due to Yahweh’s mercy, 19:16, and the phrase “Yahweh remembered (zakar) Avraham"" is used in 19:29, when Avraham wasn’t even there.",Noteworthy in this story is that Lot and his family are saved due to Yahweh's mercy. 1916 and the phrase Yahweh remembered Zachar Avraham is used in 1929 when Avraham wasn't even there.
622,9407cb3c2c8b,100%,,4285.94,4290.48,These authors don’t use words for no reason.,These authors don't use words for no reason.
623,a47a4554b7e3,100%,,4290.48,4292.7,Melody Cycle 6 Collapse,Melody Cycle 6 Collapse
624,6019115b1df1,0%,NONE,-1,-1,Genesis 21:14-16,
625,f89ccebe6cf0,100%,,4292.7,4309.08,"Hagar #2: The sixth melody cycle again ends in a collapse, but when you look at the details with your group, hopefully you notice something odd, a new twist in the melody.",Hagar number 2. The sixth melody cycle again ends in a collapse but when you look at the details with your group hopefully you notice something odd a new twist in the melody
626,14706f626957,100%,,4309.08,4321.38,"Abraham and Sarah are blessed with Isaac, a divine command is given to listen to the voice of your wife, and the divine command is followed perfectly.",Abraham and Sarah are blessed with Isaac. A divine command is given to listen to the voice of your wife and the divine command is followed perfectly.
627,897f59f445c3,100%,,4321.38,4326.94,We see abiding obedience showing love for God as John would put it.,We see abiding obedience showing love for God as John would put it.
628,cf04dfe1f9a9,100%,,4326.94,4327.8,Great!,Great!
629,8a8de09c2e5d,92%,,4327.8,4332.16,Doesn't Proverbs tell us that now all things will work out well?,Doesn't Proverbs tell us now all things will work out well?
630,c5347e2e42d4,100%,,4332.16,4340.06,There is so much here to unpack and you absolutely must compare both times Abraham listens to the voice of his wife.,There is so much here to unpack and you absolutely must compare both times Abraham listens to the voice of his wife.
631,313acbb4aafb,100%,,4340.06,4344.7,There is subtlety and complexity to this message.,There is subtlety and complexity to this message.
632,aad07bb7b51f,93%,,4344.7,4349.92,I’ll just say that the result of passing the test with Hagar is a collapse.,just say that the result of passing the test with Hagar is a collapse.
633,17850af87072,100%,,4349.92,4351.26,Wait what?,"Wait, what?"
634,dacdb6f091d3,100%,,4351.26,4357.02,"In this world, obedience can result in suffering and yield a collapse.",In this world obedience can result in suffering and yield a collapse.
635,630c4b2a4597,100%,,4357.02,4358.44,Store that idea away.,Store that idea away.
636,f38708ce0bf9,100%,,4358.44,4361.7,This is a Job moment not a Proverbs moment.,This is a Job moment not a Proverbs moment.
637,b07d909060bd,100%,,4361.7,4371.68,"Hagar is sent into the wilderness with Ishmael, her, most likely, 17 year old boy lad, the Hebrew word na’ar.","Hagar is sent into the wilderness with Ishmael, her most likely 17 year old boy, Lad, the Hebrew word Naar."
638,c0791f5eefb4,100%,,4371.68,4380.42,"She is a slave-girl no longer and has her son with her, but the water runs dry and death seems inevitable.","She is a slave girl no longer and has her son with her, but the water runs dry and death seems inevitable."
639,714497b9fc9b,100%,,4380.42,4385.92,"Does this remind you of Genesis 2:5, a lifeless desert with no water?","Does this remind you of Genesis 2 -5, a lifeless desert with no water?"
640,7040638e9714,100%,,4385.92,4397.6,"But Elohim listens to the voice of the na’ar (a fun wordplay on the meaning of Ishmael’s name), converting Collapse into Creation once more.","But Elohim listens to the voice of the Naar, a fun wordplay on the meaning of Ishmael's name, converting collapse into creation once more."
641,7479edc6815c,100%,,4397.6,4404.74,The turning point is a messenger of Elohim calling to Hagar from the skies.,The turning point is a messenger of Elohim calling to Hagar from the skies.
642,752111e0234a,100%,,4404.74,4412.82,"Hagar is told not to be afraid, but to ‘get up’ and take the lad with her hand.","Hagar is told not to be afraid, but to get up and take the lad with her hand."
643,1925a775c697,100%,,4412.82,4415.78,Elohim will make him into a great nation.,Elohim will make him into a great nation.
644,e10642f3fd23,100%,,4415.78,4416.96,Sound familiar?,Sound familiar?
645,d511d740e4e1,100%,,4416.96,4420.18,The same promise was given to Avram.,The same promise was given to Avram.
646,2a072926065c,94%,,4420.18,4427.2,"Elohim opened her eyes and she saw a well of water at Beer Sheva, the Well of Seven.","Elohim opened her eyes and she saw a well of water at Be 'er Sheva, the well of seven."
647,828e392ac895,93%,,4427.2,4432.12,She fills the water skin and she gives life to the lad as well.,She fills the water skin and gives life to the lad as well.
648,4befc2e5918e,100%,,4432.12,4444.02,"Not a single word is unimportant as Hagar, the non-chosen, becomes an unexpected partner in creation, life, and blessing.","Not a single word is unimportant as Hagar, the non -chosen, becomes an unexpected partner in creation, life, and blessing."
649,41ba1db399e8,75%,,4444.02,4446.44,Melody Cycle 7 Collapse,"Melody, cycle seven collapse,"
650,95f0229667d3,0%,FILLED,4446.44,4446.84,Genesis 22:1-10,
651,d0adf404f011,100%,,4446.84,4461.86,"The Binding of Isaac: The seventh collapse is told one syllable at a time as Avraham sends out his hand and takes the eater, the knife, to slay his son.","the binding of Isaac. The seventh collapse is told one syllable at a time as Avraham sends out his hand and takes the eater, the knife, to slay his son."
652,11d46b4fd5a0,94%,,4461.86,4481.98,"This collapse is brought about by God’s command, the calling of Abraham again with the words “Get yourself going…” (lekh lekha) precisely mirroring the initial calling of Avram, and Abraham’s perfect obedience.","This collapse is brought about by God's command, the calling of Abraham, again with the words, get yourself going, l 'ik 'l 'ka, precisely mirroring the initial calling of Avram, and Abraham's perfect obedience,"
653,48dd65a8f9e1,97%,,4481.98,4495.94,Hyperlinking all the way back to the start of his journey hints that everything in between has been leading up to this moment and Abraham is no longer just 75% ready to listen.,"hyperlinking all the way back to the start of his journey, hence that everything in between has been leading up to this moment, and Abraham is no longer just 75 % ready to listen."
654,20072bca4da9,97%,,4495.94,4509.18,"Avraham's struggle to trust God is put to the ultimate test and Abraham is all in, but God’s song is again at the precipice of non-life as the promised seed is bound on the altar.","struggle to trust God is put to the ultimate test, and Abraham is all in. But God's song is again at the precipice of non -life, as the promised seed is bound on the altar."
655,9606c324164f,100%,,4509.18,4515.5,"When we open the pages to this collapse, we find quite a bit more than just a flood.","When we open the pages to this collapse, we find quite a bit more than just a flood."
656,11bd6dc948d6,100%,,4515.5,4527.28,The seventh collapse necessitates a more in-depth discussion to make sure we all see a bit more of what the authors are communicating.,The seventh collapse necessitates a more in -depth discussion to make sure we all see a bit more of what the authors are communicating.
657,e7ad3064cd66,100%,,4527.28,4530.92,The Melody Points to Jesus,The melody points to Jesus.
658,45de54f6c9e1,100%,,4530.92,4539.84,"Without really planning it, we’ll carefully study the seventh melody and something will happen where the story naturally turns to Jesus.","Without really planning it, we'll carefully study the seventh melody and something will happen where the story naturally turns to Jesus."
659,14db9f46186b,100%,,4539.84,4542.36,Let’s ride the wave together.,Let's ride the wave together.
660,1f5c03f26b5a,80%,,4542.36,4546.72,The Seventh Collapse: Avraham’s Test,"The seventh collapse, Abraham's test."
661,47c662d36b7f,100%,,4546.72,4554.34,"As you might have suspected, the seventh collapse of the melody and the creation moment after are rather significant.","As you might have suspected, the seventh collapse of the melody and the creation moment after are rather significant."
662,54918b2482c6,100%,,4554.34,4565.94,"Without even knowing the rest of the story, a careful reader of the Hebrew Bible would know that when this melody repeats, it will reveal God in a major way.","Without even knowing the rest of the story, a careful reader of the Hebrew Bible would know that when this melody repeats, it will reveal God in a major way."
663,ed2ee0f8b0ff,100%,,4565.94,4580.24,"Indeed, the concept of the Melody and the Test are both HUGE topics on their own, but they are so interwoven that we have no choice but to jump into Genesis 22:1-19 with both feet!","Indeed, the concept of the melody and the test are both huge topics on their own, but they are so interwoven that we have no choice but to jump into Genesis 22, 1 through 19 with both feet."
664,9b3d1b02b31b,100%,,4580.24,4586.28,"Take a moment to read those 19 verses again, then we’ll discuss.","Take a moment to read those 19 verses again, then we'll discuss."
665,a351a6dd8ffb,90%,,4586.28,4595.42,In the text below the name Isaac is written as Yitskhaq to help us more faithfully pronounce the original Hebrew name.,"In the text below, the name Isaac is written Yitzhak to help us more faithfully pronounce the original Hebrew name."
666,2f9dd0d05e4b,78%,,4595.42,4598.34,"22:1 And it came about after these things,",And it came about after these things
667,a93a1e43845e,75%,,4598.34,4602.7,"that Elohim tested Avraham,",that Elohim tested
668,d9dfa5331e23,100%,,4602.7,4604.22,"and he said to him,","And he said to him,"
669,c8d594500e49,0%,FILLED,4604.22,4605.64,“Avraham.”,
670,1d9d85923eea,100%,,4605.64,4606.44,"And he said,","And he said,"
671,4e21ce953dfd,100%,,4606.44,4607.44,"“Look, it’s me!”","look, it's me."
672,0ad1ac4a1a6d,75%,,4607.44,4609.04,"2 And he said,","And he said,"
673,80a7d5c69e63,100%,,4609.04,4610.86,"“Please take your son,","please take your son,"
674,8fa9dd1401fc,100%,,4610.86,4612.36,"your only one,",your only one
675,23306f84f3b8,100%,,4612.36,4613.46,"whom you love,","whom you love,"
676,8c61a5fb414f,0%,FILLED,4613.46,4614.92,"Yitskhaq,",
677,7b31bceceb84,90%,,4614.92,4619.34,"and get yourself going to the land of Moriah [“Seeing” = (מריה)],","and get yourself going to the land of Moriah,"
678,b5b4a71d582a,100%,,4619.34,4622.4,"and make him go up there as a going-up offering,",and make him go up there as a going -up offering
679,9223f871c9fe,100%,,4622.4,4627.7,on one of the mountains which I will say to you.”,"on the mountains, on one of the mountains, which I will say to you."
680,2c53ab049523,75%,,4627.7,4631.66,"3 And Avraham rose early in the morning,","And Abraham rose early in the morning,"
681,3c5c5e86e68f,100%,,4631.66,4633.86,"and he bound up his donkey,","and he bound up his donkey,"
682,9bb2f42a1add,100%,,4633.86,4635.12,and he took,and he took
683,8efa3650cf4c,100%,,4635.12,4637.24,two of his young men with him,"two of his young men with him,"
684,022f59f8e9eb,75%,,4637.24,4639.6,"and Yitskhaq his son,",and Yitzhak his son.
685,5503030f5ddd,100%,,4639.6,4642.8,"and he split the wood of the going-up offering,","And he split the wood of the going -up offering,"
686,cdc704316761,100%,,4642.8,4648.5,and he arose and he went to the place which Elohim said to him.,"and he arose, and he went to the place which Elohim said to him."
687,4009ebcbebf1,80%,,4648.5,4650.7,"4 On the third day,","On the third day,"
688,162f27bc31a7,80%,,4650.7,4653.82,"then Avraham lifted his eyes,","then Abraham lifted his eyes,"
689,2ce9c1ca5162,100%,,4653.82,4657.14,and he saw (ראה) the place from a distance.,and he saw the place from a distance.
690,f0f394705522,75%,,4657.14,4660.0,"5 And Avraham said to his young men,","And Abraham said to his young men,"
691,30bf5251711f,100%,,4660.0,4662.4,"“Sit yourselves here with the donkey,","sit yourselves here with the donkey,"
692,bd5157514e5f,100%,,4662.4,4665.24,"and I and the young boy,","and I and the young boy,"
693,e8cadbd0dff1,80%,,4665.24,4667.14,"we will go to there,","we will go there,"
694,e189dcd55605,100%,,4667.14,4668.82,"and we will worship,","and we will worship,"
695,5fad8fc21b60,100%,,4668.82,4671.86,and we will return to you.”,and we will return to you.
696,aefe4e0239ce,82%,,4671.86,4676.08,"6 And Avraham took the wood of the going-up offering,","And Abraham took the wood of the going -up offering,"
697,2bdcb83b8d2b,86%,,4676.08,4678.98,"and he placed upon Yitskhaq his son,","and he placed upon Yitzhak his son,"
698,6226ca6e2c90,92%,,4678.98,4684.12,"and he took in his hand the fire and the eater [= knife],","and he took in his hand the fire and the eater,"
699,dcdb2e511d8a,100%,,4684.12,4688.62,"and the two of them went, together as one.",and the two of them went together as one.
700,2d749b77becb,62%,,4688.62,4691.58,"7 And Yitskhaq said to Avraham his father,","And Yitzhak said to Abraham his father,"
701,8c3a613dbb2c,67%,,4691.58,4692.26,"and he said,","he said,"
702,554d9b31808c,100%,,4692.26,4693.16,“My father.”,"my father,"
703,d49c5908835f,100%,,4693.16,4694.6,"And he said,","and he said,"
704,990ec4114d75,100%,,4694.6,4696.36,"“Look, it’s me, my son.”","look, it's me, my son."
705,948c062a4a0b,100%,,4696.36,4697.98,"And he said,","And he said,"
706,38239cbd88bd,100%,,4697.98,4700.12,"“Look, the fire and the wood,","look, the fire and the wood,"
707,bc0a1d16892d,100%,,4700.12,4703.58,but where is the sheep for the going-up offering?”,but where is the sheep for the going -up offering?
708,6f08faa801d2,50%,,4703.58,4705.96,"8 And Avraham said,","And Abraham said,"
709,ba5748c7d425,100%,,4705.96,4711.84,"“Elohim will see to it (יראה), the sheep for the going-up offering, my son.”","Elohim will see to it, the sheep for the going -up offering, my son."
710,164bc17a1921,100%,,4711.84,4715.26,"And the two of them went, together as one.",And the two of them went together as one.
711,99bd8d65b222,0%,FILLED,4715.26,4718.88,(Take a pause… selah. Perfect Father Son alignment),
712,fa13fc643189,92%,,4718.88,4723.06,"9 And they went to the place which Elohim said to him,","And they went to the place which Elohim said to him,"
713,c56bcfffe27f,83%,,4723.06,4726.16,"and Avraham built there an altar,","and Abraham built there an altar,"
714,7b6e77d402cf,100%,,4726.16,4728.26,"and he arranged the wood,","and he arranged the wood,"
715,aad1bf5c97b8,86%,,4728.26,4730.98,"and he bound up Yitskhaq his son,","and he bound up Yitzhak his son,"
716,06efc7f75f26,100%,,4730.98,4736.42,"and he placed him upon the altar atop the wood,",and he placed him upon the altar atop the wood.
717,dfe4527d6361,71%,,4736.42,4739.64,"10 and Avraham sent out his hand,","And Abraham sent out his hand,"
718,228f3ae09de8,90%,,4739.64,4743.22,"and he took the eater [= knife] to slay his son,",and he took the eater to slay his son.
719,33cfdc320666,0%,FILLED,4743.22,4744.43,[Collapse],
720,7fc4dee735d8,0%,FILLED,4744.43,4745.64,[Creation],
721,41092e0640a7,92%,,4745.64,4748.72,"11 and the messenger of Yahweh called to him from the skies,",And the messenger of Yahweh called to him from the skies.
722,db1b10f5d41d,67%,,4748.72,4749.2,"and he said,",He said
723,51e76c56941b,0%,FILLED,4749.2,4751.84,“Avraham! Avraham!”,
724,52f80b8d3ce2,100%,,4751.84,4753.1,"and he said,","And he said,"
725,dd142226ca0c,100%,,4753.1,4754.22,"“Look, it’s me!","look, it's me."
726,82cf51d45b61,75%,,4754.22,4755.6,"12 And he said,","And he said,"
727,65a7af739c19,78%,,4755.6,4758.02,“Don’t send out your hand toward the young one!,"don't send out your son towards the young one,"
728,f6992a37d6d0,100%,,4758.02,4759.88,"And don’t do anything to him,","and don't do anything to him,"
729,8cd9cf1f2c01,100%,,4759.88,4764.26,"because now I know that you are one who fears Elohim,","because now I know that you are one who fears Elohim,"
730,b3425d9e1b99,100%,,4764.26,4770.38,"and you didn’t withhold your son, your only one, from me.”","and you didn't withhold your son, your only one, from me."
731,351a203db60a,67%,,4770.38,4773.1,"13 And Avraham lifted his eyes,","And Abraham lifted his eyes,"
732,942d8922cba6,100%,,4773.1,4779.66,"and he saw (ראה), and look, a ram afar, caught in a bramble by its horns,","and he saw. And look, a ram afar, caught in a bramble by its horns."
733,571f74bdb8be,88%,,4779.66,4782.62,"and Avraham went and he took the ram,","And Abraham went, and he took the ram,"
734,9897b93977ab,100%,,4782.62,4788.54,"and he made it go up as a going-up offering in the place of his son,","and he made it go up as a going up offering, in the place of his son."
735,e572d9a4c448,78%,,4788.54,4792.18,"14 and Avraham called the name of that place,","And Abraham called the name of that place,"
736,7ac2cf32677b,100%,,4792.18,4794.26,“Yahweh will see to it (יראה).“,"Yahweh will see to it,"
737,66b40609227f,100%,,4794.26,4796.68,"Which is why, today, it is said,","which is why today it is said,"
738,de8fc2d10dbf,100%,,4796.68,4800.22,"“On the mountain of Yahweh, it will be seen to (יראה).”",on the mountain of Yahweh it will be seen to.
739,9dd25c0ecd62,87%,,4800.22,4806.22,"15 And the messenger of Yahweh called to Avraham a second time from the skies,","And the messenger of Yahweh called to Abraham a second time from the skies,"
740,70558ce05b2b,75%,,4806.22,4807.72,"16 and he said,","and he said,"
741,96eef45a3005,100%,,4807.72,4815.72,"“I swear an oath (שבע) by myself, utterance of Yahweh,","I swear an oath by myself, utterance of Yahweh,"
742,7d54d8d41d0b,100%,,4815.72,4819.04,"on account of the fact that you did this thing,","on account of the fact that you did this thing,"
743,eeccbdcbe727,100%,,4819.04,4823.82,"and you did not withhold your son, your only one,","and you did not withhold your son, your only one,"
744,6d1ca75ce0e4,86%,,4823.82,4826.68,"17 that I will certainly bless you,","that I will certainly bless you,"
745,f85822c204fb,100%,,4826.68,4829.88,"and I will certainly multiply your seed,","and I will certainly multiply your seed,"
746,9cd9ab612ba9,100%,,4829.88,4832.36,"like the stars of the skies,","like the stars of the skies,"
747,3c5b151c4704,100%,,4832.36,4834.84,"and like the sand upon the edge of the sea,","and like the sand upon the edge of the sea,"
748,70a18ac8e31b,100%,,4834.84,4838.38,"and your seed will inherit the gate of their enemies,","and your seed will inherit the gate of their enemies,"
749,35723dd6c10f,93%,,4838.38,4843.4,"18 and all the nations of the land will find blessing in your seed,","and all the nations of the land will find blessing in your seed,"
750,40f1dfa30fe6,100%,,4843.4,4848.1,on the heel of the fact that you listened to my voice.”,on the heel of the fact that you listened to my voice.
751,ab6c55c2ec4f,75%,,4848.1,4851.44,"19 And Avraham returned to his young men,","And Abraham returned to his young men,"
752,6047987d548c,67%,,4851.44,4856.84,and they arose and they went together as one to Beer-Sheva (=Well of Seven (שבע)),"and they arose, and went together as one, to bear Sheva."
753,3f231dad6d8b,67%,,4856.84,4863.04,and Avraham dwelt in Beer-Sheva.,And Abraham dwelt in bear Sheva.
754,12aa18992552,80%,,4863.04,4871.1,The collapse opens with a clear title in 22:1 stating that Avraham is tested.,"The collapse opens with a clear title in 2211, stating that Abraham is tested."
755,32ea9922ac20,100%,,4871.1,4881.2,"When you think “test,” try to imagine an experience that reveals the truth, not a stressful exam with right and wrong answers.","When you think test, try to imagine an experience that reveals the truth, not a stressful exam with right and wrong answers."
756,08285a9079bc,100%,,4881.2,4885.1,It reveals what is already present through action.,It reveals what is already present through action.
757,b06e4f673211,100%,,4885.1,4898.74,"For example, Noah was called righteous in 6:9 by the narrator, but he still had to actually build the Ark in 6:22 and Yahweh sees the truth in 7:1.","For example, Noah was called righteous in 6 .9 by the narrator, but he still had to actually build the ark in 6 .22, and Yahweh sees the truth in 7 .1."
758,a2822e264a3d,95%,,4898.74,4908.92,"Likewise, Avraham was called righteous in 15:6, but he would still have to go through his test in Genesis 22.","Likewise, Abraham was called righteous in 15 .6, but he would still have to go through his test in Genesis 22."
759,8e295ac4ea00,100%,,4908.92,4915.5,"God is giving him a quest to reveal truth, not tempting him to do evil.","God is giving him a quest to reveal truth, not tempting him to do evil."
760,85e4f192dae1,100%,,4915.5,4917.0,There is a difference.,There is a difference.
761,f9faa95ba369,100%,,4917.0,4923.42,God is asking him to trust in His wisdom beyond anything he can see with his eyes.,God is asking him to trust in his wisdom beyond anything he can see with his eyes.
762,f9a3269dfe78,96%,,4923.42,4933.58,"It is clearly not a test God would give you or me, but the test fits the man if you reflect on Avraham’s whole story.","It is clearly not a test God would give you or me, but the test fits the man if you reflect on Abraham's whole story."
763,28d20e0f284e,100%,,4933.58,4939.64,Jesus illustrated that tests are specific to the person when he spoke to the rich young ruler.,Jesus illustrated that tests are specific to the person when he spoke to the rich young ruler.
764,3240240d7101,100%,,4939.64,4946.36,"That man’s test was based on the thing that separated him from God, his wealth.","That man's test was based on the thing that separated him from God, his wealth."
765,f5ee75748edb,100%,,4946.36,4953.74,"He needed to trust God and give away all he had to the poor, then follow Jesus.","He needed to trust God and give away all he had to the poor, then follow Jesus."
766,7e03a43b58ad,100%,,4953.74,4962.58,"In his case, it only revealed his inability to take a radical step of trust, and he went away downcast.","In his case, it only revealed his inability to take a radical step of trust, and he went away downcast."
767,6d64515038e5,96%,,4962.58,4976.2,"When God chose “Father Abraham” to initiate His restoration plan, he knew exactly what test would reveal him and he knew that Avraham would trust his voice.","When God chose Father Abraham to initiate his restoration plan, he knew exactly what test would reveal him, and he knew that Abraham would trust his voice."
768,e291635767e1,100%,,4976.2,4984.02,"In the same way, The Father knew what test would reveal The Son and he trusted the Son to complete it.","In the same way, the Father knew what test would reveal the Son, and he trusted the Son to complete it."
769,f01b7f1fb9c8,100%,,4984.02,4988.02,That test reveals God to us.,That test reveals God to us.
770,664e7a9d2a6f,100%,,4988.02,4993.42,Consider Psalm 22:31 and John 3:16.,"Consider Psalm 22, 31, and John 3, 16."
771,7b885a38d47c,100%,,4993.42,4998.14,The hyperlinks from Genesis 22 to Jesus are impossible to miss.,The hyperlinks from Genesis 22 to Jesus are impossible to miss.
772,5683e16791c5,100%,,4998.14,5002.54,It is a test for both the father and the son.,It is a test for both the Father and the Son.
773,8584f5ec4606,100%,,5002.54,5010.78,"However, they traveled together perfectly aligned, both before and after all the details are known.","However, they traveled together, perfectly aligned, both before and after all the details are known."
774,6fde90316c64,94%,,5010.78,5019.62,"The phrase “and the two of them went, together-as-one” (yachad in Hebrew) is repeated three times.","The phrase, and the two of them went, together as one. Yahad in Hebrew is repeated three times."
775,5acad27f2729,100%,,5019.62,5029.42,Isaac put the wood on his back and walked with his father at the same physical place where Jesus will later be lifted up on the cross.,Isaac put the wood on his back and walked with his father at the same physical place where Jesus will later be lifted up on the cross.
776,e6d7bee12693,100%,,5029.42,5035.72,Keep in mind that all of this was written hundreds of years before Jesus ever walked the earth.,Keep in mind that all of this was written hundreds of years before Jesus ever walked the earth.
777,89db153eacea,100%,,5035.72,5038.98,That’s worth a long walk and a cup of tea.,That's worth a long walk and a cup of tea.
778,5776f45c778b,94%,,5038.98,5046.12,"Finally, Avraham’s collapse and Jesus' collapse end the same way, the son is returned to life.","Finally, Avraham's collapse and Jesus collapse in the same way. The Son is returned to life."
779,c6988e274f05,100%,,5046.12,5048.88,Avraham is revealed.,Avraham is revealed.
780,8cd1b961d5a2,100%,,5048.88,5050.52,Elohim sees.,"Elohim sees,"
781,9ecf800d1b7a,100%,,5050.52,5057.6,And a going-up offering of a ram substitutes for Avraham’s offspring.,and a going up offering of a ram substitutes for Avraham's offspring.
782,0ce3ab1a26fd,100%,,5057.6,5066.8,"As always, God makes sure that creation, life, and blessing have the final say over a collapse.","As always, God makes sure that creation, life, and blessing have the final say over a collapse."
783,113f61ec5c8c,93%,,5066.8,5071.58,"Before we leave this story, let’s consider what it might have meant to Jesus.","Before we leave the story, let's consider what it might have meant to Jesus."
784,985d1851e875,100%,,5071.58,5078.54,What thoughts raced through Jesus’ head as he mentally recounted this story in the Garden of Gethsemane?,What thoughts raced through Jesus' head as he mentally recounted this story in the Garden of Gethsemane?
785,1637a0fd1baf,100%,,5078.54,5081.66,And when did He fully grasp the details?,And when did he fully grasp the details?
786,a1ba878bac70,100%,,5081.66,5091.0,John the Baptist publicly named Jesus as the “Lamb of God” in John 1:29.,John the Baptist publicly named Jesus as the Lamb of God in John 1 .29.
787,42d3fb4c3a77,100%,,5091.0,5095.08,I think Jesus knew fully what that meant.,I think Jesus knew fully what that meant.
788,5adbd44800ba,100%,,5095.08,5104.78,"Yahweh’s character has been known since Exodus 34:6-7, but Jesus would still have to go through the test.","Yahweh's character has been known since Exodus 34 .6 -7, but Jesus would still have to go through the test."
789,a8b650aa357c,100%,,5104.78,5112.5,"This plan, made before time began, is how God would reveal who He is to us.","This plan, made before time began, is how God would reveal who he is to us."
790,4a2b6d2adbf7,100%,,5112.5,5113.96,God loves you.,God loves you.
791,39672968e5d5,100%,,5113.96,5118.1,"He has said it in His Word, and He has shown it in His actions.","He has said it in his word, and he has shown it in his actions."
792,b8070d3082e3,100%,,5118.1,5129.56,He has passed the test to show that nothing will separate Him from joining us even when he knows it’s coming.,"He has passed the test to show that nothing will separate him from joining us, even when he knows it's coming."
793,5bb883dde8ab,100%,,5129.56,5138.92,Then the outpouring of blessings given by God’s oath “on the heel” of the test is worth reading a few times.,Then the outpouring of blessings given by God's oath on the heel of the test is worth reading a few times.
794,7e6f9f41e725,79%,,5138.92,5148.36,"Genesis 22:16-18, Yahweh’s Oath (שבע sheva) at the conclusion of melody seven (שבע sheva):","Genesis 22 .16 -18, Yahweh's oath, Shavah, at the conclusion of Melody"
795,fabbc11bf139,75%,,5148.36,5153.28,"22:16 “I swear an oath (שבע sheva) by myself, utterance of Yahweh,","I swear an oath by myself, utterance of Yahweh,"
796,8b9f94426955,100%,,5153.28,5155.96,"on account of the fact that you did this thing,","on account of the fact that you did this thing,"
797,202962dc4a29,100%,,5155.96,5159.96,"and you did not withhold your son, your only one,","and you did not withhold your son, your only one,"
798,d7df4ba45bf0,86%,,5159.96,5163.1,"17 that I will certainly bless you,","that I will certainly bless you,"
799,aa8d4527a898,100%,,5163.1,5166.86,"and I will certainly multiply your seed,","and I will certainly multiply your seed,"
800,4a9dcb6fa383,100%,,5166.86,5168.84,"like the stars of the skies,","like the stars of the skies,"
801,563cebb8cdf6,100%,,5168.84,5171.72,"and like the sand upon the edge of the sea,","and like the sand upon the edge of the sea,"
802,9df43c4b5c2c,100%,,5171.72,5176.94,"and your seed will inherit the gate of their enemies,","and your seed will inherit the gate of their enemies,"
803,72eee146b130,93%,,5176.94,5183.2,"18 and all the nations of the land will find blessing in your seed,","and all the nations of the land will find blessing in your seed,"
804,76a7e0e70bbf,92%,,5183.2,5187.12,on the heel of the fact that you listened to my voice.”,on the heel of the fact that you listen to my voice.
805,81d48dd1ef12,100%,,5187.12,5191.06,"Let’s read it again, “all nations will find blessing in your seed.”",Let's read it again. All the nations will find blessing in your seed.
806,423bb3fcba4f,95%,,5191.06,5198.26,The author wants you to remember Genesis 3:15 by mentioning the words “heel” and the future “seed” so close together.,"The author wants you to remember Genesis 3, 15 by mentioning the words heal and the future seed so close together."
807,23c7f81502b7,100%,,5198.26,5202.04,Two words are more than enough to see this connection.,Two words are more than enough to see this connection.
808,dbd06dd9e9f3,71%,,5202.04,5203.74,3:15 And I will set hostility,And I will set hostility
809,db7ce5638cfa,100%,,5203.74,5206.56,"between you and the woman,","between you and the woman,"
810,23e3f9d9ecd9,100%,,5206.56,5210.04,"and between your seed and her seed,",and between your seed and her seed.
811,3e043f6c4d2f,100%,,5210.04,5212.52,he will strike your head,"He will strike your head,"
812,479fa117ed57,100%,,5212.52,5215.56,"and you will strike his heel.""",and you will strike his heel.
813,d00be546e40d,100%,,5215.56,5221.9,"However, the people would have to wait a long time until God repeats these specific notes.","However, the people would have to wait a long time until God repeats these specific notes."
814,07a3699f7bbe,93%,,5221.9,5232.44,"The Genesis Melody won't fail, but it does require waiting patiently for God’s teleios timing.","The Genesis melody won't fail, but it does require waiting patiently for God's teleos timing."
815,f7717c49fd49,100%,,5232.44,5236.0,Seeing the Melody in the New Testament,Seeing the melody in the New Testament.
816,ae74b3cb0b64,97%,,5236.0,5251.04,"The Genesis Melody is about a time when God sees (or sometimes causes) a collapse and instead of it being the end, it is an opportunity to bring about a new creation, a genesis.","The Genesis melody is about a time when God sees, or sometimes causes, a collapse, and instead of it being the end, it is an opportunity to bring about new creation, a Genesis."
817,4eb8506f5f06,100%,,5251.04,5260.22,We’ll briefly pause our review of Genesis and consider The Genesis Melody as it plays out in the Gospel According to Luke.,We'll briefly pause our review of Genesis and consider the Genesis melody as it plays out in the gospel according to Luke.
818,1a0472a0ab9b,89%,,5260.22,5263.98,You hopefully know this cycle of the melody well.,You hopefully know the cycle of the melody well.
819,e29a402ebdeb,100%,,5263.98,5274.1,"Jesus, being the monogenes (μονογενής), is utterly unique, but, sure enough, He fulfills the same melody pattern.","Jesus, being the monogenes, is utterly unique, but sure enough, he fulfills the same melody pattern."
820,58fef88ec2bf,100%,,5274.1,5289.92,"In Luke, the story opens with God’s Spirit creating life in two impossible places of non-life: a barren womb long past childbearing and one that had never known a man.","In Luke, the story opens with God's spirit creating life in two impossible places of non -life, a barren womb of long past childbearing, and one that had never known a man."
821,6719d90dcbc7,96%,,5289.92,5299.62,"Luke starts, not just with the birth of Jesus to the virgin Mary, but with the interwoven story of John the Baptist’s birth to Zechariah and Elizabeth.","Luke starts not just with the birth of Jesus to the Virgin Mary, but with the interwoven story of John the Baptist's birth to Zachariah and Elizabeth."
822,f98f2480f58b,100%,,5299.62,5307.18,The author of this story saw that even the names of the parents were significant:,The author of this story saw that even the names of the parents were significant.
823,715d6df13e7e,60%,,5307.18,5313.2,"Zechariah, from the Hebrew Zakar-Yah זכריה, means “Yahweh Remembered, zakar.”","from the Hebrew Zachariah, means Yahweh remembered,"
824,34ab19c958f0,85%,,5313.2,5318.62,"It's that zakar word again, the one that means “acts on his promise.”","It's that Zachar word again, the one that means acted on his promise."
825,cde553fbab05,71%,,5318.62,5330.84,"Compare that with Genesis 8:1, “Elohim remembered, zakar, Noah” or 19:29, “Yahweh remembered, zakar, Avraham.”","Compare that with Genesis 8 -1. Elohim remembered, Zachar, Noah. Or 1929, Yahweh remembered,"
826,0bb2504919bd,80%,,5330.84,5337.94,"Elizabeth, from the Hebrew Eli-Sheva אלישבע, means “My Elohim’s Oath”.","Elizabeth, from the Hebrew Elisheva, means my Elohim's oath."
827,5277451ed0e5,100%,,5337.94,5341.42,"It’s that sheva, oath, word again!","It's that Sheva, oath word again."
828,e9533b6935cc,80%,,5341.42,5348.18,"Compare that with 22:16, “I swear an oath (שבע sheva).”","Compare that with 2216, I swear an oath, Sheva."
829,fdf8fdeb3f0e,95%,,5348.18,5355.36,"Zechariah and Elizabeth are set up as clear mirrors of Avraham and Sarah, childless at a good old age.","and Elizabeth are set up as clear mirrors of Avraham and Sarah, childless at a good old age."
830,03ade76e6367,100%,,5355.36,5362.46,"And if you put their names together, you literally have “Yahweh Remembered His Oath from Genesis 22!”","And if you put their names together, you literally have Yahweh remembered his oath from Genesis 22."
831,017359abd82b,94%,,5362.46,5378.98,"OK, I admit, I added that last bit, but “Zechariah Elizabeth” means that Yahweh made good, delivered on, remembered his oath to Abraham in Jesus and John was the forerunner of that good news.","I admit, I added that last bit. But Zachariah Elizabeth means that Yahweh made good, delivered on, remembered his oath to Abraham in Jesus, and John was the forerunner of that good news."
832,b8117e12851b,100%,,5378.98,5388.48,"The authors who handed over source material to the gentile Luke, see Luke 1:1, saw the Genesis melody at work.","The authors who handed over source material to the Gentile Luke, see Luke 1 -1, saw the Genesis melody at work."
833,33374e1d04d1,90%,,5388.48,5402.94,"They partnered with Luke to share the Good News about Jesus to all the nations via the same creation notes that echo Genesis, now appearing in Luke, chapters 1 and 2.","They partnered with Luke to share the good news about Jesus to all the nations via the same creation notes, the ecogenesis, now appearing in Luke chapters 1 and 2."
834,8975a0d79b86,100%,,5402.94,5408.84,Jesus is then clearly called (identified) at John’s Baptism.,"Jesus is then clearly called, identified, at John's baptism."
835,46eb2c741d69,95%,,5408.84,5415.54,Luke’s story then has a choice in the wilderness for forty days and a matching test in Gethsemane before the end.,Luke's story then has a choice in the wilderness for 40 days and a matching test in Gethsemane before the end.
836,9223ffca5ea3,92%,,5415.54,5420.26,"There is a journey with Jesus, just like Avram's journey with Yahweh.",There is a journey with Jesus just like Abram's journey with Yahweh.
837,9d6389ff7859,100%,,5420.26,5431.06,"Jesus and the Father are fully aligned, fully unified, completely faithful, the only ever, perfect Image of God.","Jesus and the Father are fully aligned, fully unified, completely faithful, the only ever perfect image of God."
838,06300e5568ed,100%,,5431.06,5438.48,"However, in his generation there was still a division with the leaders of Israel (that’s putting it lightly).","However, in his generation, there was still a division with the leaders of Israel. That's putting it lightly."
839,bdcc10e2695b,100%,,5438.48,5443.58,Then a replay of the seventh cycle collapse at the cross.,Then a replay of the seventh cycle collapse at the cross.
840,b7be3db503e0,100%,,5443.58,5450.86,"Finally, this is the most important part, what comes after a collapse?","Finally, this is the most important part. What comes after a collapse?"
841,93c334405271,100%,,5450.86,5458.38,"The author of life allows His own body, His Son, to experience collapse, from which God will…","The author of life allows his own body, his son, to experience a collapse, from which God will,"
842,91b471a085e9,100%,,5458.38,5464.34,"You know exactly what happened next, on the third day no less, see Genesis 22:4.","you know exactly what happened next. On the third day, no less, see Genesis 22, 4."
843,22e9a96ffa8d,100%,,5464.34,5468.24,The Genesis Melody has been written in Scripture for a thousand years.,The Genesis melody has been written in scripture for a thousand years.
844,fdaab69abfcf,95%,,5468.24,5476.8,"Jesus surely said many similar things on the road to Emmaus in Luke 24, as he “opened the Scriptures” to his disciples.",Jesus surely said many things on the road to Emmaus in Luke 24 as he opened the scriptures to his disciples.
845,5d39561f3ed9,100%,,5476.8,5487.16,"As for me, when this really sank in, it made me want to be a pattern breaker, join God’s story, and be part of the work He is doing.","As for me, when this really sank in, it made me want to be a pattern breaker, join God's story, and be part of the work he is doing."
846,99b7ca761e6e,100%,,5487.16,5491.9,"I've carefully read, reflected on, and discussed His Word.","I've carefully read, reflected on, and discussed his word."
847,a686b6e3d3d2,100%,,5491.9,5496.34,I now see myself within this grand message of hope and love.,I now see myself within this grand message of hope and love.
848,069c8e87d962,82%,,5496.34,5500.86,I've been promised that it is possible to help bring life.,I've been promised that it's possible to help bring life.
849,8ba0ee84db56,100%,,5500.86,5505.12,I choose to live in right-relationship with Yahweh.,I choose to live in right relationship with Yahweh.
850,02c852b45248,94%,,5505.12,5512.5,I am part of Avraham’s seed and want to do my part in bringing blessing to the nations.,"I am part of Abraham's seed, and I want to do my part in bringing blessing to the nations."
851,a9583ad2afe8,100%,,5512.5,5515.32,"Now,... how do I do it?","Now, how do I do it?"
852,32b0580994ca,100%,,5515.32,5522.0,"How can I receive the Spirit, partner with God, and bring about creation, life, and blessing in my generation?","How can I receive the Spirit, partner with God, and bring about creation, life, and blessing in my generation?"
853,8a418b8c57d5,100%,,5522.0,5530.96,"It sounds complex, but the first step is actually easy,... trust Jesus, listen to His voice.","It sounds complex, but the first step is actually easy. Trust Jesus. Listen to his voice."
854,250614c8fabf,100%,,5530.96,5539.0,"No word from the Lord is unimportant, so it's wise to study the New Testament even more diligently than the Old.","No word from the Lord is unimportant, so it's wise to study the New Testament even more diligently than the old."
855,0b9ad418ac37,100%,,5539.0,5548.7,When studying His word you’ll find Wisdom for finding life and see the path Jesus laid out for his followers for then and now.,"When studying his word, you'll find wisdom for finding life, and see the path Jesus laid out for his followers, for then and now."
856,3b2a393b1435,100%,,5548.7,5560.38,"For example, Jesus prayed aloud His plan for us during the Last Supper, recorded in John 17:20-26.","For example, Jesus prayed aloud his plan for us during the Last Supper, recorded in John 17, 20 -26."
857,49d0cb16a3c7,100%,,5560.38,5569.78,Life is an intentional choice to be united through love with God and His images.,Life is an intentional choice to be united through love with God and his images.
858,a37f92852167,100%,,5569.78,5575.04,Jesus knew that we needed encouragement to avoid the division of relationships.,Jesus knew that we needed encouragement to avoid the division of relationships.
859,fa309985f5f1,100%,,5575.04,5579.78,"He had seen the Bible's message play out in his generation, just like us.",He had seen the Bible's message play out in his generation just like us.
860,069261020a71,94%,,5579.78,5589.82,Perfect unity through abiding (meno) love between all the images of God with the Father and the Son.,"Perfect unity through abiding, minnow, love between all the images of God with the Father and the Son."
861,fc3d32828662,100%,,5589.82,5596.06,"Everything else in the Bible is an implementation detail of that simple, primary premise.",Everything else in the Bible is an implementation detail of that simple primary premise.
862,c72f87a1eeda,100%,,5596.06,5602.46,We have to choose unity in Jesus to avoid the characteristic human cycle.,We have to choose unity in Jesus to avoid the characteristic human cycle.
863,e905e0e460bd,90%,,5602.46,5606.32,That plan also reminds me of the BibleProject mission statement:,That plan also reminds me of the Bible Project mission statement.
864,e39797202955,100%,,5623.52,5630.14,"However, when I look at my life, how I use my time, where I invest my given resources,…","However, when I look at my life, how I use my time, where I invest my given resources,"
865,f81b87d9059e,100%,,5630.14,5635.32,Do I make the Choice that leads to life with every little choice I make?,do I make the choice that leads to life with every little choice I make?
866,a22a6e7795a5,100%,,5635.32,5641.32,Do I contribute to Division and fear Collapse or embrace my Calling?,Do I contribute to division and fear collapse or embrace my calling?
867,09b753495057,100%,,5641.32,5645.84,Do I have eyes to see and ears to hear God’s melody?,Do I have eyes to see and ears to hear God's melody?
868,501786c17988,100%,,5645.84,5649.68,What is God clearly going to do next?,What is God clearly going to do next?
869,fe01224d6da2,100%,,5649.68,5661.84,"He does not prevent the Collapse, even though that seems good in our eyes, but instead He goes through it with us and there will be a genesis coming soon after.","He does not prevent the collapse. Even though that seems good in our eyes. But instead, he goes through it with us. And there will be a Genesis coming soon after."
870,68b8e02b3aab,100%,,5661.84,5666.28,Will we choose to trust God in even this?,Will we choose to trust God in even this?
871,36dbaf5ba5d2,100%,,5666.28,5672.62,"Let the Bible reshape your understanding of the world, so that you can know|love Him more.","Let the Bible reshape your understanding of the world so that you can know, love him more."
872,3a30b20580fd,100%,,5672.62,5686.1,"Make a Choice to become an image of God who receives your calling, sees good and not good through the eyes of God, then builds and gives in every part of the melody.",Make a choice to become an image of God who receives your calling. Sees good and not good through the eyes of God. then builds and gives in every part of the melody.
873,dfa6554a1476,100%,,5686.1,5690.98,Beyond Genesis 22: After the Sheva Cycle,"Beyond Genesis 22, after the Sheva cycle."
874,0141e1ac50cb,100%,,5690.98,5695.72,"The melody in Genesis, of course, doesn’t end in chapter 22.","The melody in Genesis, of course, doesn't end in chapter 22."
875,b58a5c2c80c3,77%,,5695.72,5709.48,"If you read Matthew 24:1-14, it’s clear Jesus knew the inevitable path of typical human choices across every generation, and he prepared his disciples for what was coming.","If you read Matthew 24, 1 through 14, it's clear Jesus knew the inevitable path of typical human choices across every generation. He was"
876,6d6e6ed82abc,100%,,5709.48,5713.22,The cycle would not end even with Jesus’ resurrection.,The cycle would not end even with Jesus' resurrection.
877,55c2a2d221f4,100%,,5713.22,5718.26,"Something did change that day, but the difference is not what you would see with your eyes.","Something did change that day, but the difference is not what you would see with your eyes."
878,e08356683994,100%,,5718.26,5726.68,"Hearts aren’t changed in our world today either, so every generation, including ours, faces the same challenges.","Hearts aren't changed in our world today either. So every generation, including ours, faces the same challenges."
879,ecf0c721294b,100%,,5726.68,5737.86,"Yahweh, the one who IS, has always known the answer, and He has made it known to us through His Son, completing a test, revealing the truth.","Yahweh, the one who is, has always known the answer. And He has made it known to us through His Son, completing a test, revealing the truth."
880,1837e59e3d5e,100%,,5737.86,5741.64,God really loves you.,God really loves you.
881,92dea29d66cc,100%,,5741.64,5746.2,"After the mountaintop, you should also read chapter 23.","After the mountaintop, you should also read chapter 23."
882,573c234740c4,86%,,5746.2,5751.08,It is a wonderfully symbolic story about paying the full price for the land.,a wonderfully symbolic story about paying the full price for the land.
883,3ec191403647,100%,,5751.08,5754.54,You can meditate with me about why that is important.,You can meditate with me about why that is important.
884,1cf36ca9b139,100%,,5754.54,5764.18,How does that square with Yahweh promising to just give the land in Genesis 12:7 and 17:8 (or Ezekiel 11:17)?,"How does that square with Yahweh promising to just give the land in Genesis 12, 7 and 17, 8? Or Ezekiel 11, 17?"
885,b2ee78e546b2,88%,,5764.18,5767.72,Shouldn't we just receive the free Eden gift?,Shouldn't we just receive the free gift?
886,2bd6a01ba4a1,100%,,5767.72,5775.78,"Interestingly, Avraham, like David later, declines the offer and is steadfast to pay the full price.","Interestingly, Avraham, like David later, declines the offer and is steadfast to pay the full price."
887,9ed641c91c6b,100%,,5775.78,5780.3,They both refuse to make an offering/sacrifice that costs them nothing.,They both refuse to make an offering sacrifice that costs them nothing.
888,b819235e2d09,100%,,5780.3,5782.14,Do I get it?,Do I get it?
889,86f5c83f02ab,100%,,5782.14,5783.74,Not yet.,Not yet.
890,8a11973a0521,100%,,5783.74,5791.36,"However, I feel like we should consider this story as significant after the 1-22 melody cycles.","However, I feel like we should consider this story as significant after the 1 through 22 melody cycles."
891,618b2e0c0d68,100%,,5791.36,5795.9,My random thoughts that maybe your group could build off of:,My random thoughts that maybe your group could build off of.
892,b9a71c5ec644,85%,,5795.9,5800.7,Both men had messed up pretty badly in their story before that moment.,Both men had messed up pretty bad in their stories before that moment.
893,a403d44174b4,89%,,5800.7,5806.36,"I'm not sure if money alone will change the human heart, but it seems like a good first step.",I'm not sure if money alone will change the human heart. Seems like a good first step.
894,8d5483ccc098,100%,,5806.36,5809.18,Jesus didn't really ask for money.,Jesus didn't really ask for money.
895,d19b05c4e6ac,100%,,5809.18,5812.02,What are the hyperlinks to these stories?,What are the hyperlinks to these stories?
896,ca011e59a326,100%,,5812.02,5819.58,"Perhaps the woman who bought the perfume, Joseph of Arimathea, Zacchaeus, or Nicodemus.",Perhaps the woman who bought the perfume? Joseph of Arimathea? Zacchaeus or Nicodemus?
897,b3be0b8fa686,100%,,5819.58,5827.8,I wonder what our world would be like if a billion people woke up tomorrow choosing to pay the full price for our land.,I wonder what our world would be like if a billion people woke up tomorrow choosing to pay the full price for our land.
898,c3c94d7260fd,100%,,5827.8,5830.82,I wonder what that world would be like.,I wonder what that world would be like.
899,d5c487690b2d,100%,,5830.82,5834.42,"Anyway, the story keeps going after Genesis 23.","Anyway, the story keeps going after Genesis 23,"
900,f0a1fa5c3829,95%,,5834.42,5844.8,"The eighth melody cycle, 22:20-25:18, ends with Avraham's death and the scattering of his various sons.","the 8th melody cycle, Genesis 22, 20, through 25, 18, ends with Avraham's death and the scattering of his various sons."
901,6430a6001a39,100%,,5844.8,5851.39,He takes a third wife and has six more sons in chapter 25 (oh my).,He takes a third wife and has six more sons in chapter 25. Oh my.
902,4cc32a8728c3,92%,,5851.39,5863.36,The biblical authors aren’t selling “happily ever after” stories; they are communicating the choices we humans make and how God works through it all (consider Jacob!).,The biblical authors aren't selling happily ever after stories. They're communicating the choices we humans make and how God works through it all. Consider Jacob.
903,5e7606106519,94%,,5863.36,5870.86,"After Avraham is old and complete (sheva), he is “gathered to his people” in 25:8.","After Avraham is old and complete, Shavah, he is gathered to his people in 25, 8."
904,6efd4c2e6621,84%,,5870.86,5884.24,"The melody, however, continues generation after generation with Rivqah (Rebecca) and Yitskhaq (Isaac), then Jacob and Esau, Judah and Joseph, and on into our lives.","The melody, however, continues generation after generation with Rivka and Yitzhak, then Jacob and Esau, Judah and Joseph, and on into our lives."
905,3c1a125c62fd,100%,,5887.82,5890.42,Extra Sheva Observations,Extra Sheva Observations
906,a6e3eff7489a,97%,,5890.42,5908.56,"To bring this discussion full circle, let’s return to Genesis 21-22 once more to see evidence that these authors, with the help of the Spirit, already realized the significance of this forward pointing message.","To bring this discussion full circle, let's return to Genesis 21 through 22 once more to see evidence that these authors, with the help of the Spirit, already realize the significance of this forward -pointing message."
907,9e49528523c0,100%,,5908.56,5919.06,"Throughout Scripture the authors regularly highlight the most important concept of a literary unit by using key repeated words, known as lead words.","Throughout Scripture, the authors regularly highlight the most important concept of a literary unit by using key repeated words, known as lead words."
908,34e864285204,100%,,5919.06,5933.2,"In this seventh cycle of the melody, which goes from the voice in the sky bringing life to Hagar and Ishmael, through the binding of Isaac, the primary lead word is clearly sheva.","In this seventh cycle of the melody, which goes from the voice in the sky bringing life to Hagar and Ishmael through the binding of Isaac, the primary lead word is clearly Sheva."
909,c4995c794159,100%,,5933.2,5938.64,"The same Hebrew letters of sheva, שבע, form multiple Hebrew words.",The same Hebrew letters of Sheva form multiple Hebrew words.
910,f160adbc4239,89%,,5938.64,5947.12,"Think of it like the English letters lead, which has multiple meanings: lead the way, pencil lead, or leader.","Think of it like the English letters led, which has multiple meanings. Lead the way, pencil, led, or leader."
911,9b373a93d433,100%,,5947.12,5957.74,"The Hebrew word sheva, שבע, means seven, oath, and, later, completion, making it a very significant word.","The Hebrew word Sheva means seven, oath, and later, completion, making it a very significant word."
912,d5fdf41ac0d8,90%,,5957.74,5961.28,Perhaps you've noticed the number 7 gets used a lot.,Perhaps you've noticed the number seven gets used a lot.
913,27d9ceaea99b,96%,,5961.28,5970.74,The repeated use of sheva in this melody cycle is another cairn left by the authors to reinforce that we are on the right track.,The repeated use of Sheva in this melody cycle is another Karen left by the authors to reinforce that we are on the right track.
914,79b511c428b2,100%,,5970.74,5977.28,It gives us confidence that we are indeed seeing the path that these authors laid out for us.,It gives us confidence that we are indeed seeing the path that these authors laid out for us.
915,78f0c1c61740,100%,,5977.28,5980.54,The sheva theme is everywhere in this melody cycle.,The Sheva theme is everywhere in this melody cycle.
916,b3f4b8a97f1a,93%,,5980.54,5987.42,"The creation notes open with Hagar and Ishmael at Beer-Sheva, the Well of Seven.","The creation notes open with Hagar and Ishmael at Be 'er Sheva, the well of seven."
917,eda3aafe51c4,88%,,5987.42,5994.68,"The middle section with Avimelek takes place at Beer-Sheva, centered on an oath, a sheva.","The middle section with Avi Melech takes place at Be 'er Sheva, centered on an oath, a Sheva."
918,65fc0485d6ef,94%,,5994.68,6001.66,"Then, after the mountain in Moriah, the literary unit ends with Avraham dwelling in Beer-Sheva.","Then, after the mountain in Moriah, the literary unit ends with Avraham dwelling in Be 'er Sheva."
919,67035da6ba8e,90%,,6001.66,6005.1,"The start, middle, and end are all at Beer-Sheva.","The start, middle, and the end are all at Be 'er Sheva."
920,15c977730a58,100%,,6005.1,6009.24,"Everything points to Yahweh's culminating sheva, His oath.","Everything points to Yahweh's culminating Sheva, his oath."
921,a803ee274fe3,100%,,6009.24,6016.76,"In addition to the location, there are more sheva words used in Genesis 21-22 than you might guess.","In addition to the location, there are more Sheva words used in Genesis 21 -22 than you might guess."
922,009bb0cac749,100%,,6016.76,6019.16,The numbers tell the story:,The numbers tell the story.
923,ad98ecfcffe5,89%,,6019.16,6036.22,In fact if you focus on only the use of sheva words in cycles three to seven with Avraham it becomes clear that the authors have intentionally marked this round of the melody as the Sheva Cycle.,"In fact, if you focus on only the use of Sheva words in cycles 3 -7 with Avraham, it becomes clear that these authors have intentionally marked this round of the melody as the Sheva cycle."
924,afb43d2337ec,100%,,6036.22,6043.82,"By modern writing standards, the repeated use of sheva borders on excessive, but that’s exactly the point.","By modern writing standards, the repeated use of Sheva borders on excessive, but that's exactly the point."
925,ea2487cbac68,81%,,6043.82,6051.86,Listeners would hear the word as prominent and realize this is the seven-oath for completion.,Listeners would hear the word as prominent and realize that this seven oaths for completion.
926,416c5016e463,100%,,6051.86,6057.22,Imagine sitting in the temple courts on Shabbat listening to Simeon read this text.,"Imagine sitting in the temple courts on Shabbat, listening to Simeon read this text."
927,d0cca94d3351,88%,,6057.22,6074.14,"The word sheva appears nine times as this cycle builds toward the collapse, and then the 10th is Yahweh’s Sheva, His oath, the very first words of the new creation (plus two more Beer-Sheva uses to finish the literary unit).","The word Sheva appears nine times as this cycle builds towards the collapse, and then the tenth is Yahweh's Sheva, his oath, the very first words of the new creation. Plus, two more Be 'er Shevas to finish the literary unit."
928,c62e10acccef,100%,,6074.14,6079.98,Did ancient readers like Simeon emphasize the word each time for his hearers?,Did ancient readers like Simeon emphasize the word each time for his hearers?
929,0408f94b920e,93%,,6079.98,6088.6,"Let’s look at one example from Genesis 21:28-32, a “seemingly” insignificant passage.","Let's look at one example from Genesis 21 -22 -28, a seemingly insignificant passage."
930,602bbcf70ec4,90%,,6132.66,6136.38,"The authors use extra sheva, שבע, words surrounding being a witness.",authors use extra Sheva words surrounding being a witness.
931,090818d6f21f,100%,,6136.38,6137.72,That’ll preach!,That'll preach.
932,e3b615836ac2,97%,,6137.72,6150.7,"In this passage with Avraham and Avimelek, two men whose names mean Father of Nations and My Father is King, make the first human-to-human covenant in the Bible.","In this passage, with Avraham and Avimelech, the two men whose names mean Father of Nations and My Father is King, make the first human -to -human covenant in the Bible."
933,2a2765b980d1,100%,,6150.7,6156.92,They mend the division cycle without directly mentioning God using a covenant.,They mend the division cycle without directly mentioning God by using a covenant.
934,9beeba103c48,100%,,6156.92,6158.72,That's interesting!,That's interesting.
935,b98ba46e92d8,100%,,6158.72,6178.44,"The testing and the collapse are still coming in Genesis 22, Abraham has made a lifetime of choices that need resolution, but we see a glimmer of hope in chapter 21 about how to slow down this crazy hamster wheel… covenant relationships with fellow images of God.","The testing and the collapse are still coming in Genesis 22. Abraham has made a lifetime of choices that need resolution. But we see a glimmer of hope in chapter 21 about how to slow down this crazy hamster wheel, covenant relationships with fellow images of God."
936,d5e5174422fa,100%,,6178.44,6185.5,"Covenants aren't as good as changed hearts, but usually it's the best option we have available outside of Eden.","Covenants aren't as good as changed hearts, but usually it's the best option we have available outside of Eden."
937,2c3d07758084,91%,,6185.5,6196.34,"Every generation has to renew a covenant, Isaac and Avimelek in Genesis 26, Jacob and Lavan in Genesis 31, and on into today.","Every generation has to renew a covenant. Isaac and Avimelech in Genesis 26, Jacob and Levon in Genesis 31, and on into today."
938,0bcadab95692,100%,,6196.34,6201.58,This seventh cycle is packed with insights!,This seventh cycle is packed with insights.
939,b62341164331,100%,,6201.58,6203.06,I’ll let you be the judge.,I'll let you be the judge.
940,8e59983e7817,100%,,6203.06,6208.12,Do you agree that these authors intentionally marked the seventh cycle of the melody?,Do you agree that these authors intentionally marked the seventh cycle of the melody?
941,470dd37a0062,100%,,6208.12,6214.74,Did they count melodies from the beginning and intentionally work with the Spirit to reveal God to you?,Did they count melodies from the beginning and intentionally work with the Spirit to reveal God to you?
942,536f60576800,100%,,6214.74,6220.02,"How did they know, even then, to write the text in this way?",How did they know even then to write the text in this way?
943,67282d0aea2a,78%,,6220.02,6222.92,"I'm not gonna lie, this kinda blows my mind.",I'm not going to lie. This kind of blows my mind.
944,3cc666e2765c,100%,,6222.92,6230.0,"The seventh, culminating, oath cycle about fulfillment points to Jesus.",The seventh culminating oath cycle about fulfillment points to Jesus.
945,267a189cfae5,95%,,6230.0,6237.64,It is the highly structured Word of God given to us by humans working with the Ruakh of Elohim after all.,It is the highly structured word of God given to us by humans working with the ruach of Elohim after all.
946,0f93640c88eb,100%,,6237.64,6241.46,When Jesus read his Bible he figured that out!,"When Jesus read his Bible, he figured that out."
947,14af29d33a61,100%,,6241.46,6248.54,I’m beginning to believe Luke 24 that this whole story is about Him.,"I'm beginning to believe, Luke 24, that this whole story is about him."
948,5acc6884ac4a,100%,,6248.54,6252.56,Luke 24:44-47,"Luke 24, 44 -47."
949,b7de17728cbe,100%,,6252.56,6254.84,"Now He said to them,","Now he said to them,"
950,a40c20eecfa3,100%,,6254.84,6260.58,"“These are My words which I spoke to you while I was still with you, that","These are my words which I spoke to you while I was still with you, that"
951,758dec94cd6c,100%,,6260.58,6263.76,all things which are written about Me,all things which are written about me
952,14792ae77345,100%,,6263.76,6267.96,in the Law of Moses and the Prophets and the Psalms,in the law of Moses and the prophets and the Psalms
953,8a513a282cff,100%,,6267.96,6271.48,must be fulfilled.”,must be fulfilled.
954,67f581e4bb45,100%,,6271.48,6276.7,"Then He opened their minds to understand the Scriptures, and He said to them,","Then he opened their minds to understand the scriptures, and he said to them,"
955,8f66e63176f5,100%,,6276.7,6278.14,"“Thus it is written, that",Thus it is written that
956,76e4818a69e2,100%,,6278.14,6286.06,the Christ would suffer and rise again from the dead the third day,"the Christ would suffer and rise again from the dead the third day,"
957,668c21fd0578,100%,,6286.06,6292.26,and that repentance for forgiveness of sins would be proclaimed in His name,and that repentance for forgiveness of sins would be proclaimed in his name
958,be087e5822d6,86%,,6292.26,6296.72,"to all the nations, beginning from Jerusalem.”",to all nations beginning from Jerusalem.
959,c3159bf25b6d,60%,,6296.72,6298.98,Tim loves this passage btw.,"Tim loves that passage,"
960,0be36e11c3b3,75%,,6298.98,6301.32,Go listen to him explain it some time.,Go listen to him explain it
961,8d47484f3dff,100%,,6301.32,6304.04,Speaking of your next steps…,"Speaking of your next steps,"
962,12c6ad9f65c9,100%,,6304.04,6306.42,Your Next Steps,your next steps.
963,41149d8806d3,100%,,6306.42,6309.3,God's not finished and we’re not done.,"God's not finished, and we're not done."
964,9ff73cc579f9,100%,,6309.3,6312.3,Let's talk about next steps.,Let's talk about next steps.
965,bb8408fc0c74,100%,,6312.3,6321.26,There is quite a bit more Bible to learn from after these opening chapters and there is an endless amount of work to do once we are prepared to do it.,"There is quite a bit more Bible to learn from after these opening chapters, and there is an endless amount of work to do once we are prepared to do it."
966,6d71bb98971b,100%,,6321.26,6327.86,Spend time laying your foundation and then expect to keep going.,"Spend time laying your foundation, and then expect to keep going."
967,6b4254185517,100%,,6327.86,6336.92,"To learn more about the melody, if you can find a group of people that like to read the Bible, don’t passively read anything else from us.","To learn more about the melody, if you can find a group of people that like to read the Bible, don't passively read anything else from us."
968,ec8375776ad7,100%,,6336.92,6338.18,Go do it!,Go do it.
969,ae25f948e641,100%,,6338.18,6342.9,Read directly from God what the Spirit has breathed.,Read directly from God what the Spirit has breathed.
970,8de6609417ae,100%,,6342.9,6354.78,"Grab a friend, sit down with your family, or work with a small group to read Genesis 1-23 again, listening for the melody woven throughout these narratives.","Grab a friend, sit down with your family, or work with a small group to read Genesis 1 through 23 again, listening for the melody woven throughout these narratives."
971,040e4077450f,100%,,6354.78,6369.32,"Ideally, your reading community should have a variety of veteran and novice readers, plus a diversity of people to see different angles, but work with what you've got to take your next steps.","Ideally, your reading community should have a variety of veteran and novice readers. plus a diversity of people to see different angles. But work with what you've got to take your next steps."
972,0b416749182b,100%,,6369.32,6371.6,Use any translation you like.,Use any translation you like.
973,510bf051c175,89%,,6371.6,6375.66,"For my group, we use the BibleProject Classroom translations.","For my group, we use the Bible Project Classroom Translations."
974,e9bbc1de5b29,94%,,6375.66,6383.14,"They are colorful, hyperliteral translations that help us see the structure behind the Wisdom of God.","They are colorful, hyper -literal translations that help us see the structure behind the wisdom of God."
975,59287de8f284,75%,,6383.14,6388.02,You can easily access that translation here: https://thegenesismelody.web.app/reader/.,You can easily access the translation here at the Genesis Melody Web App Reader.
976,3a1ba21e61c8,100%,,6388.02,6393.78,I hope you and your group can DELIGHT in using it.,I hope you and your group can delight in using it.
977,2629fafe978b,100%,,6393.78,6404.28,"If you do find yourself in a situation where you don’t have people around you today that you can read the Bible with, then spend time watching and learning from the Genesis Classroom courses.","If you do find yourself in a situation where you don't have people around you today that you can read the Bible with, then spend time watching and learning from the Genesis Classroom courses."
978,d6857e5dd193,100%,,6404.28,6411.72,"Start at the beginning with Heaven and Earth and make sure you get all the way to Jacob, then re-read this guide.",Start at the beginning with Heaven and Earth. And make sure you get all the way to Jacob. Then re -read this guide.
979,d756d45c3812,100%,,6411.72,6415.66,They will change the way you read the rest of the story!,They will change the way you read the rest of the story.
980,c7d175057a96,93%,,6415.66,6423.58,Just visit https://bibleproject.com/classroom/ on the website or use our mobile app.,Just visit BibleProject .com slash classroom on the website or use our mobile app.
981,f60f9a5c59a6,100%,,6423.58,6429.62,"Have fun falling in love with these amazing, and sometimes challenging, texts.",Have fun falling in love with these amazing and sometimes challenging texts.
982,db64f4afc079,100%,,6429.62,6439.22,"When you approach the rest of the Hebrew Bible and the New Testament, what you get out of it depends a lot on the reading skills you have developed.","When you approach the rest of the Hebrew Bible and the New Testament, what you get out of it depends a lot on the reading skills you have developed."
983,db3a51b2ac0c,100%,,6439.22,6444.7,"Becoming a better community of receivers takes work, but it’s worth it.","Becoming a better community of receivers takes work, but it's worth it."
984,996b98664519,100%,,6444.7,6454.04,"We all learn differently, but establish a foundation with the Bible’s introduction and it will help so many stories lock into place.","We all learn differently, but establish a foundation with the Bible's introduction and it will help so many stories lock into place."
985,c1b4da6d0dd9,94%,,6454.04,6464.78,"For example, when you read in John 20:22 that Jesus “breathed on them,” you’ll see even more.","For example, when you read John 20, 22 that Jesus breathed on them, you'll see even more."
986,5bcc53dbf92d,100%,,6464.78,6466.84,Why did he breathe on them?,Why did he breathe on them?
987,bf8dfb4c091a,100%,,6466.84,6468.56,That’s weird right?,"That's weird, right?"
988,a1d4099d4acb,100%,,6468.56,6469.48,Nope.,Nope.
989,fc0074b31a31,100%,,6469.48,6471.42,Not weird at all actually.,"Not weird at all, actually."
990,658611d9d79f,100%,,6471.42,6477.9,"In fact, it's exactly what you should expect if you knew the Genesis Melody the way Jesus knew the Genesis Melody.","In fact, it's exactly what you should expect if you knew the Genesis melody the way Jesus knew the Genesis melody."
991,39f3a512973f,97%,,6477.9,6490.0,"He gives his Ruakh, his breath/Spirit to his disciples so that he can become one with them to empower them as he sends them into the world to represent Him.","He gives his Ruach, his breath, spirit, to his disciples so that he can become one with them to empower them as he sends them into the world to represent him."
992,04a7c43d7353,100%,,6490.0,6494.96,He is symbolically replaying genesis Creation notes.,He is symbolically replaying Genesis creation notes.
993,4f5b6a60d6b3,100%,,6494.96,6500.38,Every single genesis comes about via the personal presence of God.,Every single Genesis comes about via the personal presence of God.
994,695126e9abdd,96%,,6500.38,6511.7,"His Ruakh, in the remnant, as they partner with Him to bring about creation, life, and blessing to the next generation has always been the pattern.","his Ruach in the remnant as they partner with him to bring about creation, life, and blessing to the next generation has always been the pattern."
995,ba0193f16334,92%,,6511.7,6518.98,"Jesus, as God, as the Holy Spirit, was kickstarting the next cycle.","Jesus, as God, as the Holy Spirit, was kick -starting the next cycle."
996,13e8bc124d49,100%,,6518.98,6522.2,That’s exactly how it had to start.,That's exactly how it had to start.
997,a9bef4798fc8,100%,,6522.2,6524.48,What a ride they had too!,"What a ride they had, too."
998,686e930dfa70,100%,,6524.48,6525.78,Now it’s your turn!,Now it's your turn.
999,89687323e8dd,100%,,6525.78,6529.73,You have been sent.,You have been sent.
1000,339d35403e75,100%,,6529.73,6537.38,You have been called out and given power to do the work in your generation.,You have been called out and given power to do the work in your generation.
1001,da63de7c715d,100%,,6537.38,6543.04,Represent God through unity and love to all creation.,Represent God through unity and love to all creation.
1002,84a55020e630,100%,,6543.04,6549.96,"Or, as Jesus phrased it in Matthew, Turn Around for the Kingdom of Heaven is near.","Or as Jesus phrased it in Matthew, Turn around, for the kingdom of heaven is near."
1003,4e0acdb27118,100%,,6549.96,6552.1,No pressure.,No pressure.
1004,c5e9215c2ec7,94%,,6552.1,6559.06,"By spending time meditating on the Bible’s introduction, we’ve already begun to know|love Him more.","By spending time meditating on the Bible's interaction, we've already begun to know love him more."
1005,f6d05a4283c7,100%,,6559.06,6570.6,"Of course, real change comes when you personally partner with God and live it out by loving your neighbor, the image of God sitting right next to you.","Of course, real change comes when you personally partner with God and live it out by loving your neighbor, the image of God sitting right next to you."
1006,934226aa7e1f,100%,,6570.6,6574.24,This is a test we all know is coming.,This is a test we all know is coming.
1007,b1828e65f1e0,100%,,6574.24,6579.88,What will it reveal in you that is already present?,What will it reveal in you that is already present?
1008,55c29ed02351,100%,,6579.88,6581.48,Closing Thoughts,Closing thoughts.
1009,d4e48a4791e2,100%,,6581.48,6584.9,A Short Farewell Prayer,A short farewell prayer.
1010,e5325620b25c,86%,,6584.9,6588.02,As the thief said on the cross:,"As the thief sat on the cross,"
1011,4cfe28ae61a6,100%,,6588.02,6592.7,"“Jesus, remember us when You come into Your kingdom.”","Jesus, remember us when you come into your kingdom."
1012,21bf91c915cf,100%,,6592.7,6594.88,We choose to follow you.,We choose to follow you.
1013,fe30c6cefa8f,100%,,6594.88,6596.04,Let’s do it again!,Let's do it again.
