idx,section,id,source,score,text,matched_old_text
0,The Genesis Melody,3509fca29bfd,same,1.0,The Genesis Melody,The Genesis Melody
1,A Quick Foreword,a557ade044d8,same,1.0,A Quick Foreword,A Quick Foreword
2,A Quick Foreword,35fd6ee40418,same,1.0,Hey.,Hey.
3,A Quick Foreword,3f6496c4572e,same,1.0,Hi.,Hi.
4,A Quick Foreword,c9f8c808b25c,same,1.0,"Before we get started, I wanted to let you know that I love you.","Before we get started, I wanted to let you know that I love you."
5,A Quick Foreword,f40f59be03d0,same,1.0,"Yes, that’s extremely awkward to say in our generation, but it really shouldn’t be.","Yes, that’s extremely awkward to say in our generation, but it really shouldn’t be."
6,A Quick Foreword,4a3ee51965df,same,1.0,"Of course, I don’t know you, and we’ve never met.","Of course, I don’t know you, and we’ve never met."
7,A Quick Foreword,ef6806914cb4,same,1.0,"So my love for you is a bit limited, but you are an Image of God like me, so…","So my love for you is a bit limited, but you are an Image of God like me, so…"
8,A Quick Foreword,1fc92a48da7c,same,1.0,I love you.,I love you.
9,A Quick Foreword,9fe464b80dcc,same,1.0,"Oops, I said it again.","Oops, I said it again."
10,A Quick Foreword,d7d1e33deb36,same,1.0,My goal here is to help you see a pattern in Scripture that I think should be important to your life.,My goal here is to help you see a pattern in Scripture that I think should be important to your life.
11,A Quick Foreword,e57eacbd1f40,same,1.0,We’re going to look mainly at Genesis 1-23.,We’re going to look mainly at Genesis 1-23.
12,A Quick Foreword,6cf695118c39,same,1.0,"In these chapters God works with his human partners in many ways, but the structure of the text is very carefully designed.","In these chapters God works with his human partners in many ways, but the structure of the text is very carefully designed."
13,A Quick Foreword,fa411bda3cc8,same,1.0,"God creates and calls, those parts will be fun to study, but he also tests and brings about collapse in response to human partners.","God creates and calls, those parts will be fun to study, but he also tests and brings about collapse in response to human partners."
14,A Quick Foreword,ccb02126e0e6,same,1.0,"Trying to understand how God is at work even through a collapse should help give you hope and confidence in things yet to come, so those parts should not to be overlooked.","Trying to understand how God is at work even through a collapse should help give you hope and confidence in things yet to come, so those parts should not to be overlooked."
15,A Quick Foreword,e2f8589e31e4,same,1.0,"This pattern has been woven into all scripture, and the more you study, the more you will see.","This pattern has been woven into all scripture, and the more you study, the more you will see."
16,A Quick Foreword,acf1f5717ede,same,1.0,Let’s become apprentices together so that we can know|love Him more.,Let’s become apprentices together so that we can know|love Him more.
17,Introduction and Motivation,9667352b46fd,same,1.0,Introduction and Motivation,Introduction and Motivation
18,Introduction and Motivation,7031f7dc1d09,same,1.0,This guide is organized into three main sections:,This guide is organized into three main sections:
19,Introduction and Motivation,aad068bdc9b7,same,1.0,Introduction and Motivation,Introduction and Motivation
20,Introduction and Motivation,2d62ea1d6123,same,1.0,The part you are about to read.,The part you are about to read.
21,Introduction and Motivation,225be6b055cb,same,1.0,Melody Observations,Melody Observations
22,Introduction and Motivation,6157668bc9b2,same,1.0,"A detailed look at Genesis 1-22, broken into three parts:","A detailed look at Genesis 1-22, broken into three parts:"
23,Introduction and Motivation,e92bff512c3b,same,1.0,Genesis 1-7: The Template of the Melody,Genesis 1-7: The Template of the Melody
24,Introduction and Motivation,c13afd5d022f,same,1.0,Genesis 8-11: The Second Round of the Melody,Genesis 8-11: The Second Round of the Melody
25,Introduction and Motivation,80b5e026d22c,same,1.0,Genesis 11:27-22:19: Cycles Three to Seven with Avraham,Genesis 11:27-22:19: Cycles Three to Seven with Avraham
26,Introduction and Motivation,b8a90552c9e9,same,1.0,"From there, this guide will pivot when we read the details of the seventh cycle's collapse and re-creation moments.","From there, this guide will pivot when we read the details of the seventh cycle's collapse and re-creation moments."
27,Introduction and Motivation,a36f681cdd18,same,1.0,"We’ll let the story guide us, but something will happen naturally when we read about Avraham's test and the oath that Yahweh makes.","We’ll let the story guide us, but something will happen naturally when we read about Avraham's test and the oath that Yahweh makes."
28,Introduction and Motivation,02c000cd52f7,same,1.0,The Melody Points to Jesus,The Melody Points to Jesus
29,Introduction and Motivation,a0df6a906e0e,same,1.0,"When you read the Bible, it’s tempting to read only the parts about Jesus and the early church.","When you read the Bible, it’s tempting to read only the parts about Jesus and the early church."
30,Introduction and Motivation,4c82c324a12f,same,1.0,"However, God’s grand song is best experienced when the Old Testament paves the way.","However, God’s grand song is best experienced when the Old Testament paves the way."
31,Introduction and Motivation,3faa463d254e,same,1.0,This guide is the same.,This guide is the same.
32,Introduction and Motivation,a5b0952de7df,same,1.0,"You should expect to enjoy the final section about Jesus the most, but do try to read the earlier sections first.","You should expect to enjoy the final section about Jesus the most, but do try to read the earlier sections first."
33,Introduction and Motivation,432d826cbc5d,same,1.0,"Think of it like a movie, the climax means more when you haven't skipped the first hour.","Think of it like a movie, the climax means more when you haven't skipped the first hour."
34,Summary: What is The Genesis Melody?,9517658c6577,same,1.0,Summary: What is The Genesis Melody?,Summary: What is The Genesis Melody?
35,Summary: What is The Genesis Melody?,87672d72ca3a,same,1.0,"When you approach the Bible, what do you see there?","When you approach the Bible, what do you see there?"
36,Summary: What is The Genesis Melody?,9df242f7d7c2,same,1.0,"Well, what do you expect to see there?","Well, what do you expect to see there?"
37,Summary: What is The Genesis Melody?,6c3c09b3cb7a,same,1.0,Over time we have been trained to see only some parts of the Bible.,Over time we have been trained to see only some parts of the Bible.
38,Summary: What is The Genesis Melody?,4c641b46cbbf,same,1.0,Our expectations are often at odds with our ability to simply receive the message.,Our expectations are often at odds with our ability to simply receive the message.
39,Summary: What is The Genesis Melody?,955636f50972,same,1.0,This guide will focus on reading Genesis 1-23 trying to see patterns.,This guide will focus on reading Genesis 1-23 trying to see patterns.
40,Summary: What is The Genesis Melody?,b0b1f7e61ab1,same,1.0,The goal is to approach the text as a blank slate.,The goal is to approach the text as a blank slate.
41,Summary: What is The Genesis Melody?,f0ae236fa1e4,same,1.0,"To be honest, I’m not capable of doing that either, but it’s important to know the mindset we’d like to have.","To be honest, I’m not capable of doing that either, but it’s important to know the mindset we’d like to have."
42,Summary: What is The Genesis Melody?,0e973d5ccc5c,same,1.0,Shaping the Bible to meet our expectations is rather pointless.,Shaping the Bible to meet our expectations is rather pointless.
43,Summary: What is The Genesis Melody?,9e86a16e7bce,same,1.0,"The goal is to open ourselves up, so that we can be shaped by the Bible.","The goal is to open ourselves up, so that we can be shaped by the Bible."
44,Summary: What is The Genesis Melody?,b314450db25f,same,1.0,I’m really excited to share with you some things I've gotten to see in Genesis.,I’m really excited to share with you some things I've gotten to see in Genesis.
45,Summary: What is The Genesis Melody?,718caa4a6741,same,1.0,"Through this writing process, I’ve felt the guiding presence of the Spirit myself and I’m just amazed at what these authors have been able to create.","Through this writing process, I’ve felt the guiding presence of the Spirit myself and I’m just amazed at what these authors have been able to create."
46,Summary: What is The Genesis Melody?,3338d4ae3ceb,same,1.0,"The Hebrew Bible, the Old Testament, was carefully written by humans partnering with the work of the Spirit over the course of hundreds of years to make God known to us.","The Hebrew Bible, the Old Testament, was carefully written by humans partnering with the work of the Spirit over the course of hundreds of years to make God known to us."
47,Summary: What is The Genesis Melody?,fd905d70ba48,same,1.0,"As a result, it is a VERY dense, beautiful collection of ancient scrolls with many layers to unpack.","As a result, it is a VERY dense, beautiful collection of ancient scrolls with many layers to unpack."
48,Summary: What is The Genesis Melody?,1889a9d24161,same,1.0,"Readers who start at the beginning, myself included, see only a small fraction of the depth the authors are communicating.","Readers who start at the beginning, myself included, see only a small fraction of the depth the authors are communicating."
49,Summary: What is The Genesis Melody?,b18a4bc3daca,same,1.0,"However, the goal of this guide is not to learn everything.","However, the goal of this guide is not to learn everything."
50,Summary: What is The Genesis Melody?,086bb10fe705,same,1.0,We’ll choose to focus on just one significant layer that is often overlooked.,We’ll choose to focus on just one significant layer that is often overlooked.
51,Summary: What is The Genesis Melody?,894dc7558f66,same,1.0,"There is a clear, repeated creation melody that runs throughout the Hebrew Bible and into the New Testament.","There is a clear, repeated creation melody that runs throughout the Hebrew Bible and into the New Testament."
52,Summary: What is The Genesis Melody?,3b0c686d7a5b,same,1.0,"Once you have eyes to see and ears to hear how the authors replay the notes, you won’t be able to miss them as you continue to read the Bible.","Once you have eyes to see and ears to hear how the authors replay the notes, you won’t be able to miss them as you continue to read the Bible."
53,Summary: What is The Genesis Melody?,a94171f4706d,same,1.0,"This song starts with God bringing about creation, life, and blessing.","This song starts with God bringing about creation, life, and blessing."
54,Summary: What is The Genesis Melody?,ac37f2acf6ff,same,1.0,He then calls human partners to share in the work.,He then calls human partners to share in the work.
55,Summary: What is The Genesis Melody?,055ccaa23838,same,1.0,Often characteristic human choices lead to the division of relationships causing things to come to a head in a collapse.,Often characteristic human choices lead to the division of relationships causing things to come to a head in a collapse.
56,Summary: What is The Genesis Melody?,44efea263d0d,same,1.0,"At other times, pattern breakers step in who choose to trust and obey God.","At other times, pattern breakers step in who choose to trust and obey God."
57,Summary: What is The Genesis Melody?,b76a0e0e2d0f,same,1.0,"Strangely, the collapse often falls on them just the same, but they go through the collapse with God.","Strangely, the collapse often falls on them just the same, but they go through the collapse with God."
58,Summary: What is The Genesis Melody?,23aa21e9f150,same,1.0,"Much like the rain, which falls on the just and the unjust alike, they too experience genuine suffering, but through them God can once again bring about creation, life, and blessing from the non-life.","Much like the rain, which falls on the just and the unjust alike, they too experience genuine suffering, but through them God can once again bring about creation, life, and blessing from the non-life."
59,Summary: What is The Genesis Melody?,ff1a8d0bcf54,same,1.0,"Understanding how God continually brings about and sustains life is foundational not just in the Bible, but in our own lives as well.","Understanding how God continually brings about and sustains life is foundational not just in the Bible, but in our own lives as well."
60,Summary: What is The Genesis Melody?,5709954feb7c,same,1.0,"So the authors of the Bible provide a decoder ring, beginning on page one, to unlock the rest of the story.","So the authors of the Bible provide a decoder ring, beginning on page one, to unlock the rest of the story."
61,Summary: What is The Genesis Melody?,6e5996a00394,same,1.0,"Before we get started, I should explain the title.","Before we get started, I should explain the title."
62,Summary: What is The Genesis Melody?,4cfc657be313,same,1.0,"The word genesis means two things to us: first, it refers to the scroll of Genesis, but it also simply means what the word means.","The word genesis means two things to us: first, it refers to the scroll of Genesis, but it also simply means what the word means."
63,Summary: What is The Genesis Melody?,6d419e9d5185,same,1.0,"The word genesis comes from the Greek γένεσις (génesis), meaning ""origin, source, beginning, or birth”.","The word genesis comes from the Greek γένεσις (génesis), meaning ""origin, source, beginning, or birth”."
64,Summary: What is The Genesis Melody?,91fe22ee9ee9,same,1.0,Matthew liked this word and so do I.,Matthew liked this word and so do I.
65,Summary: What is The Genesis Melody?,41056a95bfe3,same,1.0,"So when choosing a title for a repeated creation pattern, a genesis, that is easily seen in the scroll of Genesis, it seemed only fitting to call it The Genesis Melody.","So when choosing a title for a repeated creation pattern, a genesis, that is easily seen in the scroll of Genesis, it seemed only fitting to call it The Genesis Melody."
66,Summary: What is The Genesis Melody?,27c7f2e94178,same,1.0,"However, don’t be fooled!","However, don’t be fooled!"
67,Summary: What is The Genesis Melody?,15a69bf075bc,same,1.0,The author of life keeps creating well beyond the pages of Genesis.,The author of life keeps creating well beyond the pages of Genesis.
68,Background,c136186f5614,same,1.0,Background,Background
69,Background,a3ac4cd861cb,same,1.0,"The melody is discussed at length in the BibleProject Genesis Classroom series, namely, these five courses:","The melody is discussed at length in the BibleProject Genesis Classroom series, namely, these five courses:"
70,Background,bc928157368f,same,1.0,Heaven and Earth,Heaven and Earth
71,Background,f1715a42d7eb,same,1.0,Adam to Noah,Adam to Noah
72,Background,981cb832a0da,same,1.0,Noah to Abraham,Noah to Abraham
73,Background,cd0eed7cff00,same,1.0,Abraham,Abraham
74,Background,b9a4d659dbd6,same,1.0,Jacob,Jacob
75,Background,3ca49ff25f3f,same,1.0,"From these courses the most succinct summaries of what Tim Mackie calls “The Melody” are found in session 11 of the Abraham class, titled The Genesis 1-11 Melody Repeats, or sessions 2 and 3 of the Jacob class, The Thematic Melody of Genesis 1-9 and Abraham Replays the Melody.","From these courses the most succinct summaries of what Tim Mackie calls “The Melody” are found in session 11 of the Abraham class, titled The Genesis 1-11 Melody Repeats, or sessions 2 and 3 of the Jacob class, The Thematic Melody of Genesis 1-9 and Abraham Replays the Melody."
76,Background,091ea0bdaef1,same,1.0,"However, if you are new to the melody concept, it’s best to start from the beginning.","However, if you are new to the melody concept, it’s best to start from the beginning."
77,Background,957fa8921166,same,1.0,"Through his studies, Tim began to see how the authors replayed similar concepts, often in the same order, that felt like the melody of a song.","Through his studies, Tim began to see how the authors replayed similar concepts, often in the same order, that felt like the melody of a song."
78,Background,dc4ed2b745c6,same,1.0,"It emerged after years of teaching, exploring commentaries, and discussing the text with reading communities.","It emerged after years of teaching, exploring commentaries, and discussing the text with reading communities."
79,Background,ea2ba906e03d,same,1.0,"These concepts have become so important to Tim that he starts nearly every course with a recap of The Melody, see the Joseph class, The Thematic Melody of the Hebrew Bible, or the Ezekiel class, The Main Themes of the Torah.","These concepts have become so important to Tim that he starts nearly every course with a recap of The Melody, see the Joseph class, The Thematic Melody of the Hebrew Bible, or the Ezekiel class, The Main Themes of the Torah."
80,Background,148b82b477a4,same,1.0,It leads Tim to make statements like:,It leads Tim to make statements like:
81,Background,ea462c4698d1,same,1.0,“And that is a way to summarize almost all the narrative cycles of the Hebrew Bible.,“And that is a way to summarize almost all the narrative cycles of the Hebrew Bible.
82,Background,55dcba156ba3,same,1.0,It's these stories of God giving a blessing.,It's these stories of God giving a blessing.
83,Background,42c8673c1d8b,same,1.0,"And it's great until they're faced with a choice that the blessing puts in front of them, whether they'll trust or not.","And it's great until they're faced with a choice that the blessing puts in front of them, whether they'll trust or not."
84,Background,887a4edc2897,same,1.0,Just a zillion times over in all of these stories and poems.,Just a zillion times over in all of these stories and poems.
85,Background,8d497196973e,same,1.0,"Yes, trusting what God said, even when my circumstances look like the opposite of what God said.","Yes, trusting what God said, even when my circumstances look like the opposite of what God said."
86,Background,e2f0e0b409e0,same,1.0,"And what if, when my circumstances look like the opposite of what God said, what if I'm in the test?","And what if, when my circumstances look like the opposite of what God said, what if I'm in the test?"
87,Background,c30cca6adf71,same,1.0,He sees the bible as a song that gets more complex as the patterns repeat.,He sees the bible as a song that gets more complex as the patterns repeat.
88,Background,b64dd3cbc19f,same,1.0,Here is a rather extended quote from Tim and Jon for why they call it a melody:,Here is a rather extended quote from Tim and Jon for why they call it a melody:
89,Background,9b2834bd4383,same,1.0,“Think of the use of melody in music.,“Think of the use of melody in music.
90,Background,23b574442a1b,same,1.0,You can hear an unmistakable progression of notes that form a coherent whole.,You can hear an unmistakable progression of notes that form a coherent whole.
91,Background,eff36ec77c63,same,1.0,"However, in sophisticated music such as orchestral music, that melody will develop with harmonies and innovations.","However, in sophisticated music such as orchestral music, that melody will develop with harmonies and innovations."
92,Background,2299fda3871e,same,1.0,"However, no matter how much innovation in the melody, the heart of the melody is still present.","However, no matter how much innovation in the melody, the heart of the melody is still present."
93,Background,4e16b7e7a632,same,1.0,"As you listen, the melody gets more interesting, more nuanced, and more beautiful.","As you listen, the melody gets more interesting, more nuanced, and more beautiful."
94,Background,e44d535fb801,same,1.0,This is the same way biblical literature works.,This is the same way biblical literature works.
95,Background,df991f2842b1,same,1.0,"The Bible introduces us to a core set of narrative beats that repeat across the whole Bible, each time with variations but always recognizable as the same pattern.","The Bible introduces us to a core set of narrative beats that repeat across the whole Bible, each time with variations but always recognizable as the same pattern."
96,Background,3aa881d10b81,same,1.0,Genesis 1-11 establishes the musical notes.,Genesis 1-11 establishes the musical notes.
97,Background,50f675692941,same,1.0,"The rest of the Hebrew Bible plays those notes in an escalating series of variations, never identically, always recognizably.","The rest of the Hebrew Bible plays those notes in an escalating series of variations, never identically, always recognizably."
98,Background,7af34a02c922,same,1.0,The melody of the Bible is building towards something.,The melody of the Bible is building towards something.
99,Background,48fc48f2f948,same,1.0,"The melody escalates toward a climactic moment in the life, death and resurrection of Jesus and in the people who follow him.","The melody escalates toward a climactic moment in the life, death and resurrection of Jesus and in the people who follow him."
100,Background,e04418080106,same,1.0,"This guide builds on those insights, to lay out the melody for you and help us all meditate on the purpose.","This guide builds on those insights, to lay out the melody for you and help us all meditate on the purpose."
101,Background,711f08710697,same,1.0,What were these authors communicating by intentionally structuring the text in this way?,What were these authors communicating by intentionally structuring the text in this way?
102,Why Study the Melody,e63b2045008e,same,1.0,Why Study the Melody,Why Study the Melody
103,Why Study the Melody,2d7ed341aa32,same,1.0,What is the value in seeing the structure of the melody?,What is the value in seeing the structure of the melody?
104,Why Study the Melody,965afba7ef1f,same,1.0,The main focus in the Genesis courses is how the repeated notes should be ringing in our ears to link parts of the melody.,The main focus in the Genesis courses is how the repeated notes should be ringing in our ears to link parts of the melody.
105,Why Study the Melody,4d3c00afb0cd,same,1.0,"Parallel stories might be separated by many chapters, but with only a few distinct notes the authors can put them side-by-side in your mind.","Parallel stories might be separated by many chapters, but with only a few distinct notes the authors can put them side-by-side in your mind."
106,Why Study the Melody,fdcd78c0af9b,same,1.0,"One story informs the other, and both benefit from the connection.","One story informs the other, and both benefit from the connection."
107,Why Study the Melody,54640214bc5c,same,1.0,Let’s take a short but deep dive to consider one specific example: Genesis 3:6-7a.,Let’s take a short but deep dive to consider one specific example: Genesis 3:6-7a.
108,Why Study the Melody,feafa87b9beb,same,1.0,You probably know this text well.,You probably know this text well.
109,Why Study the Melody,75959f2f2aae,same,1.0,Notice the key words as you read it again.,Notice the key words as you read it again.
110,Why Study the Melody,6e445fc0501b,same,1.0,"3:6 and the woman saw that the tree was good for eating,","3:6 and the woman saw that the tree was good for eating,"
111,Why Study the Melody,f9fc635a8312,same,1.0,"and that it was desirable to the eyes,","and that it was desirable to the eyes,"
112,Why Study the Melody,b7d920c8b570,same,1.0,"and that the tree was desirable to make one wise,","and that the tree was desirable to make one wise,"
113,Why Study the Melody,59267b5eac85,same,1.0,and she took from its fruit and she ate;,and she took from its fruit and she ate;
114,Why Study the Melody,f30600c05cb9,same,1.0,"and she gave also to her husband with her, and he ate.","and she gave also to her husband with her, and he ate."
115,Why Study the Melody,ba200de19882,same,1.0,"7 and the eyes of both of them were opened,","7 and the eyes of both of them were opened,"
116,Why Study the Melody,b7b29e921839,same,1.0,The best way to hear what the authors are communicating in this passage is not to focus on these words alone.,The best way to hear what the authors are communicating in this passage is not to focus on these words alone.
117,Why Study the Melody,347dad935c87,same,1.0,"In isolation, these words have some value, but to fully grasp the verse, you have to spend time thinking about how it connects to the greater narrative.","In isolation, these words have some value, but to fully grasp the verse, you have to spend time thinking about how it connects to the greater narrative."
118,Why Study the Melody,fecf30ab8721,same,1.0,"As we will soon discuss, this verse is a choice in the first round of the melody.","As we will soon discuss, this verse is a choice in the first round of the melody."
119,Why Study the Melody,e72df139defa,same,1.0,"Let's compare it to the choice in melody four, Genesis 16:2-4, by reading the story of Sarai, Avram, and Hagar.","Let's compare it to the choice in melody four, Genesis 16:2-4, by reading the story of Sarai, Avram, and Hagar."
120,Why Study the Melody,1d3447b04328,same,1.0,"Note, Avram is just an alternative spelling of Abram, who will later be renamed Abraham.","Note, Avram is just an alternative spelling of Abram, who will later be renamed Abraham."
121,Why Study the Melody,3430561612d8,same,1.0,"In the BibleProject translation, you will see a few surprising spellings to help us more faithfully pronounce the original Hebrew names.","In the BibleProject translation, you will see a few surprising spellings to help us more faithfully pronounce the original Hebrew names."
122,Why Study the Melody,9926a59e2e84,same,1.0,"Additionally, Yahweh, God's personal name, is used when appropriate instead of translating it to God or LORD.","Additionally, Yahweh, God's personal name, is used when appropriate instead of translating it to God or LORD."
123,Why Study the Melody,787b65a8e78e,same,1.0,"If that makes you feel uncomfortable, just replace “Yahweh” with “God” as you read (that's fine).","If that makes you feel uncomfortable, just replace “Yahweh” with “God” as you read (that's fine)."
124,Why Study the Melody,bcd07c7bd9ba,same,1.0,Notice the repeated words here that echo the Eden passage above.,Notice the repeated words here that echo the Eden passage above.
125,Why Study the Melody,1ba92c9c3f09,same,1.0,"16:2 And Sarai said to Avram, “Look, please!","16:2 And Sarai said to Avram, “Look, please!"
126,Why Study the Melody,c2e9eed0bb0c,same,1.0,Yahweh has restrained me from giving birth.,Yahweh has restrained me from giving birth.
127,Why Study the Melody,b7fdf45b2140,same,1.0,"Please, go into my slave-girl.","Please, go into my slave-girl."
128,Why Study the Melody,6490d6f3e02e,same,1.0,Perhaps I can be built up by means of her.”,Perhaps I can be built up by means of her.”
129,Why Study the Melody,a6615b20951f,same,1.0,And Avram listened to the voice of Sarai.,And Avram listened to the voice of Sarai.
130,Why Study the Melody,fdaf22257401,same,1.0,"3 And Sarai, the wife of Avram took Hagar, her Egyptian slave-girl, at the end of ten years of Avram dwelling in the land of Canaan, and she gave her to Avram, her husband, as a wife.","3 And Sarai, the wife of Avram took Hagar, her Egyptian slave-girl, at the end of ten years of Avram dwelling in the land of Canaan, and she gave her to Avram, her husband, as a wife."
131,Why Study the Melody,b16b4ddc3b0b,same,1.0,"4 And he went into Hagar and she became pregnant, and she saw that she was pregnant, and her mistress became cursed in her eyes.","4 And he went into Hagar and she became pregnant, and she saw that she was pregnant, and her mistress became cursed in her eyes."
132,Why Study the Melody,a6a9f238ae5b,same,1.0,The reuse pattern goes from taking a piece of fruit to taking an image of God.,The reuse pattern goes from taking a piece of fruit to taking an image of God.
133,Why Study the Melody,7bea31e58137,same,1.0,That escalated quickly!,That escalated quickly!
134,Why Study the Melody,ab6fbdff66fe,same,1.0,"These two choices are separated by 13 chapters, but they are clear hyperlinks.","These two choices are separated by 13 chapters, but they are clear hyperlinks."
135,Why Study the Melody,0fa3065e10df,same,1.0,"If you set them alongside one another, you can see how they are similar and how they are different.","If you set them alongside one another, you can see how they are similar and how they are different."
136,Why Study the Melody,c21e6e56d427,same,1.0,"Additionally, they are both inversions of an earlier choice pattern from Genesis 2:18-22, where God himself sees what is not good, then takes, builds, and gives.","Additionally, they are both inversions of an earlier choice pattern from Genesis 2:18-22, where God himself sees what is not good, then takes, builds, and gives."
137,Why Study the Melody,54b6ededb890,same,1.0,God models correct behavior for us before we face our test.,God models correct behavior for us before we face our test.
138,Why Study the Melody,a15ff6373c49,same,1.0,There’s something to think about there.,There’s something to think about there.
139,Why Study the Melody,e154e5ba3e06,same,1.0,Let’s read that story and consider how all three passages inform one another.,Let’s read that story and consider how all three passages inform one another.
140,Why Study the Melody,07a47c0a3883,same,1.0,"2:18 and Yahweh God said,","2:18 and Yahweh God said,"
141,Why Study the Melody,32be837d70b7,same,1.0,"""It is not good for the human to be alone","""It is not good for the human to be alone"
142,Why Study the Melody,335c569901ce,same,1.0,I will make a help-counterpart for him,I will make a help-counterpart for him
143,Why Study the Melody,c906bf2bd9bb,same,1.0,…,…
144,Why Study the Melody,2ec038377c11,same,1.0,"21 and Yahweh caused to fall a deep sleep on the human and he slept and he took one from his sides and he closed the flesh of its place 22 and Yahweh built the side which he took from the human into woman, and he brought her to the human","21 and Yahweh caused to fall a deep sleep on the human and he slept and he took one from his sides and he closed the flesh of its place 22 and Yahweh built the side which he took from the human into woman, and he brought her to the human"
145,Why Study the Melody,9922a3e1b5bd,same,1.0,The authors signal connections through both word repetition and shared symbols.,The authors signal connections through both word repetition and shared symbols.
146,Why Study the Melody,0e2d3591ab67,same,1.0,They are clues to help us become better readers.,They are clues to help us become better readers.
147,Why Study the Melody,43bc29b0c5cb,same,1.0,"They seem subtle at first, but with effort, it’s remarkable the depth of understanding your group can reach as you hold repeated stories in your mind.","They seem subtle at first, but with effort, it’s remarkable the depth of understanding your group can reach as you hold repeated stories in your mind."
148,Why Study the Melody,0fc0c22db78f,same,1.0,"God saw good, tov, טוב, in Genesis 1 seven times, ending in a “very good.”","God saw good, tov, טוב, in Genesis 1 seven times, ending in a “very good.”"
149,Why Study the Melody,5b26f7f67309,same,1.0,"Humans, however, characteristically see what is good for themselves in their own eyes: we take and eat (an image to consume in this case), then give (send out non-life choices), as shown in 3:6 and 16:3.","Humans, however, characteristically see what is good for themselves in their own eyes: we take and eat (an image to consume in this case), then give (send out non-life choices), as shown in 3:6 and 16:3."
150,Why Study the Melody,3775449ee42b,same,1.0,"But God sees what is not good, something in our world that is broken: He takes and builds (multiplies abundance), then gives (sends out life).","But God sees what is not good, something in our world that is broken: He takes and builds (multiplies abundance), then gives (sends out life)."
151,Why Study the Melody,5e7c203356c8,same,1.0,Both the similarities and the differences pop out as significant when you compare rounds of the melody.,Both the similarities and the differences pop out as significant when you compare rounds of the melody.
152,Why Study the Melody,e964bb494c03,same,1.0,"Finally, in both human replays, the male character is said to have “listened to the voice of his wife,” instead of trusting God.","Finally, in both human replays, the male character is said to have “listened to the voice of his wife,” instead of trusting God."
153,Why Study the Melody,ac6d573743d5,same,1.0,Who will you trust to receive the knowledge of good and bad?,Who will you trust to receive the knowledge of good and bad?
154,Structure,bb5f6da58b05,same,1.0,Structure,Structure
155,Structure,5c0b300884b2,same,1.0,"There are many notes in the melody as it develops, changes, and repeats, but we’ll focus on only the most fundamental four notes: Creation, Calling (Identity), Testing and Choices, and Collapse.","There are many notes in the melody as it develops, changes, and repeats, but we’ll focus on only the most fundamental four notes: Creation, Calling (Identity), Testing and Choices, and Collapse."
156,Structure,68c33b364cf6,same,1.0,The cycle goes around like a circle.,The cycle goes around like a circle.
157,Structure,6d2a4719577d,same,1.0,"For the purposes of this guide, we will consider how this four-part melody is repeated seven times from Genesis 1 to 22.","For the purposes of this guide, we will consider how this four-part melody is repeated seven times from Genesis 1 to 22."
158,Structure,2b195e9e0422,same,1.0,"To be clear, the repeated pattern can be broken down in many ways and variations are welcome as we all understand the Biblical authors slightly differently, but the four most central notes of the melody seem to be:","To be clear, the repeated pattern can be broken down in many ways and variations are welcome as we all understand the Biblical authors slightly differently, but the four most central notes of the melody seem to be:"
159,Structure,4252591155e8,same,1.0,Creation,Creation
160,Structure,ba036e933ba0,same,1.0,"The transition from a state of non-life, chaos, situations-that-don’t-work into a state of life, order, and blessing.","The transition from a state of non-life, chaos, situations-that-don’t-work into a state of life, order, and blessing."
161,Structure,b6cc49b48513,same,1.0,The gift of life and blessing to multiply.,The gift of life and blessing to multiply.
162,Structure,7e45a74a3bdb,same,1.0,"The process starts with the smallest presence of God as ruakh, the Holy Spirit, or the Word of God.","The process starts with the smallest presence of God as ruakh, the Holy Spirit, or the Word of God."
163,Structure,05df057e633b,same,1.0,Calling / Naming / Identification,Calling / Naming / Identification
164,Structure,f34c5509022a,same,1.0,God chooses to work with partners!,God chooses to work with partners!
165,Structure,9dc9a6fd9a11,same,1.0,"These chosen humans are named, identified, or called to accomplish work in God’s rescue story.","These chosen humans are named, identified, or called to accomplish work in God’s rescue story."
166,Structure,f7b13c24dd1e,same,1.0,An anointed one or group of chosen people are identified and sent for a purpose.,An anointed one or group of chosen people are identified and sent for a purpose.
167,Structure,cd88c9651abc,same,1.0,Rise up!,Rise up!
168,Structure,162e61e22ba1,same,1.0,Testing and Choices,Testing and Choices
169,Structure,228ebe6a84a3,same,1.0,This phase reveals the heart of the human partners.,This phase reveals the heart of the human partners.
170,Structure,29fdeec59021,same,1.0,Will they trust God and build life or see what is good in their own eyes to consume.,Will they trust God and build life or see what is good in their own eyes to consume.
171,Structure,0c66976002c9,same,1.0,Collapse,Collapse
172,Structure,3af8c95ede1c,same,1.0,"Theoretically speaking, the melody should not require a collapse.","Theoretically speaking, the melody should not require a collapse."
173,Structure,d925de4e8e2e,edited,0.996,Partners with God could always pass the test and use agreed upon healthy rhythms of reset like Sabbaths cycles and Jubilee to avoid a collapse.,Partners with God could always pass the test and use agreed upon healthy rhythms of reset like Sabbath cycles and Jubilee to avoid a collapse.
174,Structure,68467652c37c,same,1.0,"However, practically speaking there is always a collapse.","However, practically speaking there is always a collapse."
175,Structure,a62e7408a548,same,1.0,Choices that simply don’t work pile up to a breaking point.,Choices that simply don’t work pile up to a breaking point.
176,Structure,bed55b5eeeeb,same,1.0,Sometimes humans are the spark.,Sometimes humans are the spark.
177,Structure,1ed95ecbd6d3,same,1.0,"At other times, God initiates the collapse to wash away, but always for the purpose of future restoration.","At other times, God initiates the collapse to wash away, but always for the purpose of future restoration."
178,Structure,bd1b69092faa,same,1.0,"The forest has a fire, the trees suffer, and God chooses not to stop the fire, but to work with partners through it.","The forest has a fire, the trees suffer, and God chooses not to stop the fire, but to work with partners through it."
179,Structure,31aec77fcf09,same,1.0,"These can be cosmic in scope, like the 10 plagues, the fall of Jerusalem, Exile, or the Flood, or personal, like Hagar, Ruth and Naomi, Stephen, or Jonah.","These can be cosmic in scope, like the 10 plagues, the fall of Jerusalem, Exile, or the Flood, or personal, like Hagar, Ruth and Naomi, Stephen, or Jonah."
180,Structure,1fe6fd4d84bf,same,1.0,"But in every case, the important part is what happens next.","But in every case, the important part is what happens next."
181,Structure,03afdec36d41,same,1.0,God's modus operandi is not a difficult pattern to spot.,God’s modus operandi is not a difficult pattern to spot.
182,Structure,14ca31306f54,same,1.0,"Even so, there are two perspectives to hold in tension.","Even so, there are two perspectives to hold in tension."
183,Structure,fc83a21d0762,same,1.0,"One asks, “Why would you fear something that God is fully in control of?”","One asks, “Why would you fear something that God is fully in control of?”"
184,Structure,75ab5dd37b28,same,1.0,"The other would say, “How can God allow his people to suffer?”","The other would say, “How can God allow his people to suffer?”"
185,Structure,46388ab70315,same,1.0,"Both are valid, and Scripture makes room for both, simultaneously trusting God while still crying out.","Both are valid, and Scripture makes room for both, simultaneously trusting God while still crying out."
186,Structure,ff6cfcd9a367,same,1.0,The longest phase of the melody is often Testing and Choices which can be many rounds of accumulating choices over generations.,The longest phase of the melody is often Testing and Choices which can be many rounds of accumulating choices over generations.
187,Structure,019b0d2234b5,same,1.0,"However, in some chapters it will be just a single really poor choice.","However, in some chapters it will be just a single really poor choice."
188,Structure,e3b20e2d5495,same,1.0,Revealing the heart usually takes time and second chances are frequent.,Revealing the heart usually takes time and second chances are frequent.
189,Structure,7b3624e49e11,same,1.0,"It is supposed to be an opportunity for growth as it happens, but depending on how human partners respond to their calling and make choices the cycle can follow one of two paths.","It is supposed to be an opportunity for growth as it happens, but depending on how human partners respond to their calling and make choices the cycle can follow one of two paths."
190,Structure,e07c3af13062,same,1.0,"The two paths are mentioned through the Bible, for example Matthew 7:13-14: “For wide is the gate and broad is the road that leads to destruction, and many enter through it.","The two paths are mentioned through the Bible, for example Matthew 7:13-14: “For wide is the gate and broad is the road that leads to destruction, and many enter through it."
191,Structure,bedaba99e4ea,same,1.0,"But small is the gate and narrow the road that leads to life, and only a few find it.”","But small is the gate and narrow the road that leads to life, and only a few find it.”"
192,Structure,5bc16d492dc2,same,1.0,"In this guide, we’ll call these paths: characteristic human choices or pattern breakers choices.","In this guide, we’ll call these paths: characteristic human choices or pattern breakers choices."
193,Structure,558976a9d82e,same,1.0,"On the broad path there is no sense of receiving a calling, the calling is still there, but it is not received, so can be omitted.","On the broad path there is no sense of receiving a calling, the calling is still there, but it is not received, so can be omitted."
194,Structure,2299626fd067,same,1.0,Then the choices focus on conceiving for yourself what is good.,Then the choices focus on conceiving for yourself what is good.
195,Structure,9cc4dbe6fda8,same,1.0,"This leads to the division of relationships, and necessitates a pending collapse.","This leads to the division of relationships, and necessitates a pending collapse."
196,Structure,50f2241a1ef6,same,1.0,"However, God still works through the collapse.","However, God still works through the collapse."
197,Structure,11841174f28e,same,1.0,"The notes for the ‘characteristic human’ pattern are actually easier to spot in Genesis 1 to 22, as there are more humans making those choices.","The notes for the ‘characteristic human’ pattern are actually easier to spot in Genesis 1 to 22, as there are more humans making those choices."
198,Structure,0c8942b24dc4,same,1.0,"We will hear those notes again and again, so we will track those as the main pattern, but that doesn’t describe everyone.","We will hear those notes again and again, so we will track those as the main pattern, but that doesn’t describe everyone."
199,Pattern Breakers!,1af961c93de8,same,1.0,Pattern Breakers!,Pattern Breakers!
200,Pattern Breakers!,c62d54437684,same,1.0,"Now, you might be thinking that this melody seems pretty gloom-and-doom.","Now, you might be thinking that this melody seems pretty gloom-and-doom."
201,Pattern Breakers!,608e5867497e,same,1.0,Everything ends in collapse!,Everything ends in collapse!
202,Pattern Breakers!,07c8139fbb1a,same,1.0,Is life really an inevitable downward spiral that ends in a collapse?,Is life really an inevitable downward spiral that ends in a collapse?
203,Pattern Breakers!,d5136f2bdc78,same,1.0,That’s depressing!,That’s depressing!
204,Pattern Breakers!,3af5b114562e,same,1.0,"No, of course not.","No, of course not."
205,Pattern Breakers!,ab4aef10045a,same,1.0,"That is the characteristic human pattern, NOT the way to life.","That is the characteristic human pattern, NOT the way to life."
206,Pattern Breakers!,e6db3defc185,same,1.0,I think these authors love to make patterns just to break them.,I think these authors love to make patterns just to break them.
207,Pattern Breakers!,b5b4e300610f,same,1.0,Let’s look at Genesis 5 for a moment which uses a very clear pattern.,Let’s look at Genesis 5 for a moment which uses a very clear pattern.
208,Pattern Breakers!,20b2e47c3e3a,same,1.0,"The text below is super long, but I bet you can see the point I'm making about pattern breaking in two seconds.","The text below is super long, but I bet you can see the point I'm making about pattern breaking in two seconds."
209,Pattern Breakers!,023389835faf,same,1.0,"15 And Mahalalel lived sixty-five years,","15 And Mahalalel lived sixty-five years,"
210,Pattern Breakers!,44f3e3babd35,same,1.0,and he caused the birth of Jared.,and he caused the birth of Jared.
211,Pattern Breakers!,3c4779f86127,same,1.0,"16 And Mahalalel lived eight hundred and thirty years after he became the father of Jared,","16 And Mahalalel lived eight hundred and thirty years after he became the father of Jared,"
212,Pattern Breakers!,e4faeaba8004,same,1.0,and he caused the birth of sons and daughters.,and he caused the birth of sons and daughters.
213,Pattern Breakers!,76a92e27582d,same,1.0,"17 And all the days of Mahalalel were eight hundred and ninety-five years,","17 And all the days of Mahalalel were eight hundred and ninety-five years,"
214,Pattern Breakers!,ec4a00692eb7,same,1.0,and he died.,and he died.
215,Pattern Breakers!,66df0937dd4a,same,1.0,"18 And Yared lived one hundred and sixty-two years,","18 And Yared lived one hundred and sixty-two years,"
216,Pattern Breakers!,3fe920e36373,same,1.0,and he caused the birth of Enoch.,and he caused the birth of Enoch.
217,Pattern Breakers!,83ea600e8077,same,1.0,"19 And Yared lived eight hundred years after he became the father of Enoch,","19 And Yared lived eight hundred years after he became the father of Enoch,"
218,Pattern Breakers!,936ca192c266,same,1.0,and he caused the birth of sons and daughters.,and he caused the birth of sons and daughters.
219,Pattern Breakers!,a820fa66727c,same,1.0,"20 And all the days of Yared were nine hundred and sixty-two years,","20 And all the days of Yared were nine hundred and sixty-two years,"
220,Pattern Breakers!,140f158c648c,same,1.0,and he died.,and he died.
221,Pattern Breakers!,3f388feb7532,same,1.0,"21 And Enoch lived sixty-five years,","21 And Enoch lived sixty-five years,"
222,Pattern Breakers!,4280a5f7cbeb,same,1.0,"and he caused the birth of Methuselah,","and he caused the birth of Methuselah,"
223,Pattern Breakers!,7d61c8143ac1,same,1.0,"22 and Enoch walked with God three hundred years after he became the father of Methuselah,","22 and Enoch walked with God three hundred years after he became the father of Methuselah,"
224,Pattern Breakers!,0d4aa775e43e,same,1.0,"and he caused the birth of sons and daughters,","and he caused the birth of sons and daughters,"
225,Pattern Breakers!,464f3680b64c,same,1.0,"23 and all the days of Enoch were three hundred and sixty-five years,","23 and all the days of Enoch were three hundred and sixty-five years,"
226,Pattern Breakers!,0e2818609354,same,1.0,"24 and Enoch walked with God; and he was not, for God took him.","24 and Enoch walked with God; and he was not, for God took him."
227,Pattern Breakers!,bc8f5fc1bf5d,same,1.0,The point is NOT the pattern.,The point is NOT the pattern.
228,Pattern Breakers!,fd03ad9bfeb5,same,1.0,The point is the pattern breaker!,The point is the pattern breaker!
229,Pattern Breakers!,15bd575c7980,same,1.0,"As we listen for the notes in the melody, be especially on the lookout for pattern breaker moments.","As we listen for the notes in the melody, be especially on the lookout for pattern breaker moments."
230,Pattern Breakers!,c7f1a2594f7c,same,1.0,"Indeed, God is able to work through characteristic human choices, but see what God can do with the pattern breakers.","Indeed, God is able to work through characteristic human choices, but see what God can do with the pattern breakers."
231,Pattern Breakers!,09b226fe2700,same,1.0,These choices lead to life.,These choices lead to life.
232,Pattern Breakers!,913b56b9792f,same,1.0,"The partners who break the characteristic pattern do not avoid the collapse, but rather they receive their calling and go through the collapse with God.","The partners who break the characteristic pattern do not avoid the collapse, but rather they receive their calling and go through the collapse with God."
233,Pattern Breakers!,d8782f783bf3,same,1.0,"To be clear, it is the characteristic human choices that necessitate the collapse, but this group equally experiences the collapse.","To be clear, it is the characteristic human choices that necessitate the collapse, but this group equally experiences the collapse."
234,Pattern Breakers!,49410155a635,same,1.0,"In fact, sometimes pattern breakers experience more suffering in this age.","In fact, sometimes pattern breakers experience more suffering in this age."
235,Pattern Breakers!,b48fd78d805b,same,1.0,"In response to that truth, it seems to me like God had two choices: take away free will or join us.","In response to that truth, it seems to me like God had two choices: take away free will or join us."
236,Pattern Breakers!,9688d76ed482,same,1.0,"However, for some reason we don't deserve, God loves us, so He only had one choice…","However, for some reason we don't deserve, God loves us, so He only had one choice…"
237,Pattern Breakers!,eb2517ffe89c,same,1.0,Join us!,Join us!
238,Pattern Breakers!,08db7372f19e,same,1.0,"Perhaps, the circle here would look more like this.","Perhaps, the circle here would look more like this."
239,Pattern Breakers!,50da6dd72fbf,same,1.0,"What is impossible for man is possible with God, to go through a collapse.","What is impossible for man is possible with God, to go through a collapse."
240,Pattern Breakers!,916614bac411,same,1.0,"Pattern breakers listen to God's voice, then get an opportunity to become partners in creation as God renews life not just in Genesis 1-23, but throughout the Bible.","Pattern breakers listen to God's voice, then get an opportunity to become partners in creation as God renews life not just in Genesis 1-23, but throughout the Bible."
241,Pattern Breakers!,cbfa437998d5,same,1.0,But I’m getting ahead of myself.,But I’m getting ahead of myself.
242,Pattern Breakers!,6cf9175971b1,same,1.0,"First, we need to make sure we're receiving the Word of God faithfully and representing the source of truth accurately.","First, we need to make sure we're receiving the Word of God faithfully and representing the source of truth accurately."
243,Pattern Breakers!,22a88421827a,same,1.0,"For example, this simple binary model of “some people are bad (characteristic human choices), some people are good (pattern breakers)” almost makes it seem like the pattern breakers have earned salvation.","For example, this simple binary model of “some people are bad (characteristic human choices), some people are good (pattern breakers)” almost makes it seem like the pattern breakers have earned salvation."
244,Pattern Breakers!,ca7bbca4378d,same,1.0,"However, when you dive into the details of this text and see the complexity of humans, you will come to realize that God's mercy is the driving factor in genesis, not humans.","However, when you dive into the details of this text and see the complexity of humans, you will come to realize that God's mercy is the driving factor in genesis, not humans."
245,Pattern Breakers!,0eb1954fd8ed,same,1.0,"For example, in the fourth collapse it's solely God's chosen partners Avram and Sarai that cause the collapse, and God responds by blessing and renaming Avraham!","For example, in the fourth collapse it's solely God's chosen partners Avram and Sarai that cause the collapse, and God responds by blessing and renaming Avraham!"
246,Pattern Breakers!,1de37d529a64,same,1.0,God's radical love results in undeserved mercy which is unexpected and wonderful.,God's radical love results in undeserved mercy which is unexpected and wonderful.
247,Pattern Breakers!,0ac77d02cf83,same,1.0,Perhaps the circle that best captures most of Avraham’s life leading up to the seventh cycle is:,Perhaps the circle that best captures most of Avraham’s life leading up to the seventh cycle is:
248,Pattern Breakers!,9f957f0aa172,same,1.0,"When your deserve meter hits zero either individually or communally, cry out for mercy.","When your deserve meter hits zero either individually or communally, cry out for mercy."
249,Pattern Breakers!,af879d239836,same,1.0,There are no works by which you can save your own life anyway.,There are no works by which you can save your own life anyway.
250,Pattern Breakers!,4bae31703b9a,same,1.0,"Fortunately, in the melody, there are indeed times when God pulls someone kicking and screaming through the fire and into new life.","Fortunately, in the melody, there are indeed times when God pulls someone kicking and screaming through the fire and into new life."
251,Pattern Breakers!,470f459cca8b,same,1.0,"Interestingly, though, long term that won't work for people either, there is a necessary partnership in maintaining life.","Interestingly, though, long term that won't work for people either, there is a necessary partnership in maintaining life."
252,Pattern Breakers!,d8454f333b07,same,1.0,"OK enough guesswork on extracting themes, let's actually start doing Bible study to see if any of this is consistent with the true message God has given us.","OK enough guesswork on extracting themes, let's actually start doing Bible study to see if any of this is consistent with the true message God has given us."
253,Melody Observations,6f3dbb305246,same,1.0,Melody Observations,Melody Observations
254,Melody Observations,5acbe36bc7f7,same,1.0,"This middle section is the most academic, but also the heart of this guide.","This middle section is the most academic, but also the heart of this guide."
255,Melody Observations,d606af8cefca,same,1.0,"If you are a person who spends time in biblical scholarship, to you I say “Enjoy!”","If you are a person who spends time in biblical scholarship, to you I say “Enjoy!”"
256,Melody Observations,64fe235df9c7,same,1.0,"However, if you are a normal person without a rich background in Bible study, then to you I say “You can do it!”","However, if you are a normal person without a rich background in Bible study, then to you I say “You can do it!”"
257,Melody Observations,bb479af6cbde,same,1.0,"Try to be like the people Paul met in Berea in Acts 17:11, “They received the message with great eagerness and examined the Scriptures every day to see if what Paul said was true.”","Try to be like the people Paul met in Berea in Acts 17:11, “They received the message with great eagerness and examined the Scriptures every day to see if what Paul said was true.”"
258,Genesis 1-7: The Melody Template,c244f4e87e83,same,1.0,Genesis 1-7: The Melody Template,Genesis 1-7: The Melody Template
259,Genesis 1-7: The Melody Template,b325d8cfdc2f,same,1.0,"Instead of abstractly describing the characteristics of the notes, let’s look at the template of The Genesis Melody provided in Genesis 1-7.","Instead of abstractly describing the characteristics of the notes, let’s look at the template of The Genesis Melody provided in Genesis 1-7."
260,Genesis 1-7: The Melody Template,c1305d4c8e85,same,1.0,These early chapters of Genesis are intentionally placed at the start of this massive collection as an introduction to the entire work.,These early chapters of Genesis are intentionally placed at the start of this massive collection as an introduction to the entire work.
261,Genesis 1-7: The Melody Template,bc640a55edd9,same,1.0,They will plant seeds for themes that will take volumes to unpack.,They will plant seeds for themes that will take volumes to unpack.
262,Genesis 1-7: The Melody Template,cdeab93a2159,same,1.0,"If we allow them to properly shape our imagination and world view, we will become better Bible readers.","If we allow them to properly shape our imagination and world view, we will become better Bible readers."
263,Genesis 1-7: The Melody Template,907be703d770,same,1.0,"Through prayer, meditation, study, and time the biblical authors have shared God's message with us, but work is also necessary to receive it today.","Through prayer, meditation, study, and time the biblical authors have shared God's message with us, but work is also necessary to receive it today."
264,Genesis 1-7: The Melody Template,ffeebc462b36,same,1.0,How would Jesus have expressed this point?,How would Jesus have expressed this point?
265,Genesis 1-7: The Melody Template,c36d60706b3c,same,1.0,In John 4:37-38 Jesus quotes an unusual phrase: “Thus the saying ‘One sows and another reaps’ is true...,In John 4:37-38 Jesus quotes an unusual phrase: “Thus the saying ‘One sows and another reaps’ is true...
266,Genesis 1-7: The Melody Template,16d90bc74770,same,1.0,"Others have done the hard work, and you have reaped the benefits of their labor.”","Others have done the hard work, and you have reaped the benefits of their labor.”"
267,Genesis 1-7: The Melody Template,18ef95813b1a,same,1.0,"Parables can have more than one meaning, a common Hebrew Bible technique, but, for our theme study, the seed sown represents the Wisdom of God planted in His Word.","Parables can have more than one meaning, a common Hebrew Bible technique, but, for our theme study, the seed sown represents the Wisdom of God planted in His Word."
268,Genesis 1-7: The Melody Template,697624195f2d,same,1.0,"These authors have worked with the Spirit to plant the key insights, but communication requires work from both the speaker and the listener.","These authors have worked with the Spirit to plant the key insights, but communication requires work from both the speaker and the listener."
269,Genesis 1-7: The Melody Template,c61b704658c1,same,1.0,"We have to put in time together with the Spirit to convert words into a relationship, so that we can live in a right relationship with Him.","We have to put in time together with the Spirit to convert words into a relationship, so that we can live in a right relationship with Him."
270,Genesis 1-7: The Melody Template,6c4ddb230a87,same,1.0,"The authors use analogies that we can understand, like seed or light, but it all centers around taking on God's view of reality as truth.","The authors use analogies that we can understand, like seed or light, but it all centers around taking on God's view of reality as truth."
271,Genesis 1-7: The Melody Template,49df5564d5c2,same,1.0,"The only way to reap this freely given fruit is by meditating on it over time, then living it out in our lives.","The only way to reap this freely given fruit is by meditating on it over time, then living it out in our lives."
272,Genesis 1-7: The Melody Template,d18b956073e7,same,1.0,Let's get started by looking for the melody in Genesis 1-7 using the table below.,Let's get started by looking for the melody in Genesis 1-7 using the table below.
273,Genesis 1-7: The Melody Template,258f5d25599e,same,1.0,"As you read the text, note that the name Elohim is yet another name for God, a bit less personal than Yahweh.","As you read the text, note that the name Elohim is yet another name for God, a bit less personal than Yahweh."
274,Genesis 1-7: The Melody Template,178906438cbf,same,1.0,"Again, feel free to translate “Elohim” as “God” if it makes you feel more comfortable.","Again, feel free to translate “Elohim” as “God” if it makes you feel more comfortable."
275,Genesis 1-7: The Melody Template,74472de6e224,same,1.0,"Also, Ruakh is a Hebrew word which means Spirit, wind, or breath, more on that later.","Also, Ruakh is a Hebrew word which means Spirit, wind, or breath, more on that later."
276,Genesis 1-7: The Melody Template,567d871cc800,same,1.0,Melody Cycle 1 Creation,Melody Cycle 1 Creation
277,Genesis 1-7: The Melody Template,d5c22dca26e4,same,1.0,Genesis 1:1 - 2:3 plus 2:4-15,Genesis 1:1 - 2:3 plus 2:4-15
278,Genesis 1-7: The Melody Template,242582f98f6e,same,1.0,"After the seven-word Hebrew title of Genesis 1:1, we read about the precreation state of watery chaos, a standard image for nothing at that point in history.","After the seven-word Hebrew title of Genesis 1:1, we read about the precreation state of watery chaos, a standard image for nothing at that point in history."
279,Genesis 1-7: The Melody Template,605d6df03ce2,same,1.0,"However, with the presence of Elohim about to act, hovering as Ruakh over the face of the waters, we have hope.","However, with the presence of Elohim about to act, hovering as Ruakh over the face of the waters, we have hope."
280,Genesis 1-7: The Melody Template,ac11489c4495,same,1.0,"Elohim speaks to create light and divides those chaos waters to bring order to the sea, sky, and land in Days 1-3.","Elohim speaks to create light and divides those chaos waters to bring order to the sea, sky, and land in Days 1-3."
281,Genesis 1-7: The Melody Template,085c437897b5,same,1.0,"He then fills those spaces with inhabitants in Days 4-6, starting with the lights in the sky, which are called signs.","He then fills those spaces with inhabitants in Days 4-6, starting with the lights in the sky, which are called signs."
282,Genesis 1-7: The Melody Template,cbe4aef1764f,same,1.0,"He makes living beings to fill those spaces, giving them a blessing to be fruitful and multiply.","He makes living beings to fill those spaces, giving them a blessing to be fruitful and multiply."
283,Genesis 1-7: The Melody Template,e0b84720811a,same,1.0,"Ultimately, God creates the human in His image, male and female He created them, which He sees as “very good.”","Ultimately, God creates the human in His image, male and female He created them, which He sees as “very good.”"
284,Genesis 1-7: The Melody Template,8bd9feee85fa,same,1.0,"Finally, on the 7th day, God rests, i.e., takes up residence and rules without conflict.","Finally, on the 7th day, God rests, i.e., takes up residence and rules without conflict."
285,Genesis 1-7: The Melody Template,feece446aa74,same,1.0,"In the imagination of the Ancient Near East, when a ruler rests, it is a time of shalom, peace within the land.","In the imagination of the Ancient Near East, when a ruler rests, it is a time of shalom, peace within the land."
286,Genesis 1-7: The Melody Template,b9a1bf10cc55,same,1.0,"We know this story well, thinking of it as a one-time creation event, but we need to keep reading to realize that creation is a cycle.","We know this story well, thinking of it as a one-time creation event, but we need to keep reading to realize that creation is a cycle."
287,Genesis 1-7: The Melody Template,07140ee09989,same,1.0,It will repeat!,It will repeat!
288,Genesis 1-7: The Melody Template,4cc33c16d817,same,1.0,"Still in the Creation section, Genesis 2:4-6 offers another perspective of non-life, a barren desert without water.","Still in the Creation section, Genesis 2:4-6 offers another perspective of non-life, a barren desert without water."
289,Genesis 1-7: The Melody Template,55b20952aa3d,same,1.0,"God brings about life first via a stream, then the human, and finally trees, all in fun Hebrew wordplay.","God brings about life first via a stream, then the human, and finally trees, all in fun Hebrew wordplay."
290,Genesis 1-7: The Melody Template,c6a9fcb153bd,same,1.0,"Again, God’s life is present, gently breathing the breath of life into the human.","Again, God’s life is present, gently breathing the breath of life into the human."
291,Genesis 1-7: The Melody Template,21e0c62fea96,same,1.0,Melody Cycle 1 Calling,Melody Cycle 1 Calling
292,Genesis 1-7: The Melody Template,80790f6f8e6b,same,1.0,Genesis 1:27 and 2:15,Genesis 1:27 and 2:15
293,Genesis 1-7: The Melody Template,1a9d3bf1c075,same,1.0,The calling in the first round of the melody is the most significant in the Bible.,The calling in the first round of the melody is the most significant in the Bible.
294,Genesis 1-7: The Melody Template,57663c4b4ceb,same,1.0,"Every human is called an Image of God, the Imago Dei in Latin.","Every human is called an Image of God, the Imago Dei in Latin."
295,Genesis 1-7: The Melody Template,2cc6444da613,same,1.0,"That identification is used as a present tense, you are right now an Image of God, but that’s a surprising phrase.","That identification is used as a present tense, you are right now an Image of God, but that’s a surprising phrase."
296,Genesis 1-7: The Melody Template,a6b5e0ea1a40,same,1.0,"It is the true identity of every human, but I don’t personally feel like we’ve fully received that calling yet.","It is the true identity of every human, but I don’t personally feel like we’ve fully received that calling yet."
297,Genesis 1-7: The Melody Template,08813d63b6fb,same,1.0,"It reminds me of Ephesians 2:6, where Paul says that God has already “raised us up with him and seated us with him in the heavenly places in Christ Jesus”.","It reminds me of Ephesians 2:6, where Paul says that God has already “raised us up with him and seated us with him in the heavenly places in Christ Jesus”."
298,Genesis 1-7: The Melody Template,9a0be3bc180e,same,1.0,"It is a calling that is true, but I think God sees me differently than I see myself.","It is a calling that is true, but I think God sees me differently than I see myself."
299,Genesis 1-7: The Melody Template,f0d7822aa4ad,same,1.0,The text then goes on to call us rulers over the entire cosmos that God has created.,The text then goes on to call us rulers over the entire cosmos that God has created.
300,Genesis 1-7: The Melody Template,cf44d556df22,same,1.0,Receive ownership of all that is good.,Receive ownership of all that is good.
301,Genesis 1-7: The Melody Template,01e260ecfafa,same,1.0,Woah!,Woah!
302,Genesis 1-7: The Melody Template,61701e3b8bf2,same,1.0,Then in the Eden creation narrative there is a calling there as well.,Then in the Eden creation narrative there is a calling there as well.
303,Genesis 1-7: The Melody Template,80b3ace0f494,same,1.0,The human is called to work (עבד ‘avad) and to keep (שמר shamar) the Garden in Eden.,The human is called to work (עבד ‘avad) and to keep (שמר shamar) the Garden in Eden.
304,Genesis 1-7: The Melody Template,b89ca1a1178e,same,1.0,These are words that will later describe the priests who work and keep the temple.,These are words that will later describe the priests who work and keep the temple.
305,Genesis 1-7: The Melody Template,c1700b84439d,same,1.0,If only we had a kingdom of priests to represent God to the nations.,If only we had a kingdom of priests to represent God to the nations.
306,Genesis 1-7: The Melody Template,ef28dcd0e3d2,same,1.0,Melody Cycle 1 Choice,Melody Cycle 1 Choice
307,Genesis 1-7: The Melody Template,0145f6e8e5f0,same,1.0,Genesis 2:16 - 3:24,Genesis 2:16 - 3:24
308,Genesis 1-7: The Melody Template,9ab4460cf947,same,1.0,The Choice portion of the melody starts with the divine command not to eat from the tree of the knowledge of good and bad.,The Choice portion of the melody starts with the divine command not to eat from the tree of the knowledge of good and bad.
309,Genesis 1-7: The Melody Template,b162afadc342,same,1.0,"However, between the divine command and the Fall, the authors insert an example of Yahweh seeing, taking, building, and giving in 2:18-22.","However, between the divine command and the Fall, the authors insert an example of Yahweh seeing, taking, building, and giving in 2:18-22."
310,Genesis 1-7: The Melody Template,6c9ce7ef004f,same,1.0,"Unlike Yahweh, the humans see what is good in their eyes, then take, eat, and give non-life.","Unlike Yahweh, the humans see what is good in their eyes, then take, eat, and give non-life."
311,Genesis 1-7: The Melody Template,7b28ef674433,same,1.0,The inevitable consequences follow.,The inevitable consequences follow.
312,Genesis 1-7: The Melody Template,f016133c2b02,same,1.0,"God acknowledges the unfortunate new state of His creation but makes some promises worth noting on the way out, see Genesis 3:15.","God acknowledges the unfortunate new state of His creation but makes some promises worth noting on the way out, see Genesis 3:15."
313,Genesis 1-7: The Melody Template,bef9ca412a1b,same,1.0,Melody Cycle 1 Division,Melody Cycle 1 Division
314,Genesis 1-7: The Melody Template,68c6d0e3d6a5,same,1.0,"Genesis 4:1 - 4:24, 6:1 - 6:12","Genesis 4:1 - 4:24, 6:1 - 6:12"
315,Genesis 1-7: The Melody Template,824e1ea59968,same,1.0,"Outside of Eden, future generations escalate the spiral of Division in the characteristic human cycle.","Outside of Eden, future generations escalate the spiral of Division in the characteristic human cycle."
316,Genesis 1-7: The Melody Template,3e5f912c5080,same,1.0,"As predicted in Genesis 3:16, they conceive for themselves instead of receiving from God, then experience great anguish.","As predicted in Genesis 3:16, they conceive for themselves instead of receiving from God, then experience great anguish."
317,Genesis 1-7: The Melody Template,4cd7851c7581,same,1.0,Cain kills Abel.,Cain kills Abel.
318,Genesis 1-7: The Melody Template,90f6c1a29984,same,1.0,Lamech takes two wives and murders a boy for striking him.,Lamech takes two wives and murders a boy for striking him.
319,Genesis 1-7: The Melody Template,1529941e7afd,same,1.0,"The Sons of Elohim see and take the beautiful, tov, daughters of humanity in a parallel spiritual rebellion.","The Sons of Elohim see and take the beautiful, tov, daughters of humanity in a parallel spiritual rebellion."
320,Genesis 1-7: The Melody Template,13e842fb8421,same,1.0,"We end up with the Nephilim (the fallen ones), and the whole land is ruined by Genesis 6:12.","We end up with the Nephilim (the fallen ones), and the whole land is ruined by Genesis 6:12."
321,Genesis 1-7: The Melody Template,7c13a514d9ac,same,1.0,"If Genesis 1 had been a singular creation event then the whole cosmos would have been a very short, rather pointless, project.","If Genesis 1 had been a singular creation event then the whole cosmos would have been a very short, rather pointless, project."
322,Genesis 1-7: The Melody Template,c1d61b55fa4d,same,1.0,"Fortunately for us, creation, life, and blessing are repeated notes in God's song.","Fortunately for us, creation, life, and blessing are repeated notes in God's song."
323,Genesis 1-7: The Melody Template,bcf54afa5d33,same,1.0,Melody Cycle 1 Collapse,Melody Cycle 1 Collapse
324,Genesis 1-7: The Melody Template,06713a3dec12,same,1.0,Genesis 6:13 - 7:24,Genesis 6:13 - 7:24
325,Genesis 1-7: The Melody Template,65bc72f3a523,same,1.0,The Collapse here is one we all know well.,The Collapse here is one we all know well.
326,Genesis 1-7: The Melody Template,9c81981d72a3,same,1.0,God brings about a great leveling act to cleanse the land via the Flood.,God brings about a great leveling act to cleanse the land via the Flood.
327,Genesis 1-7: The Melody Template,75d4b7c0016d,same,1.0,This is a clear return to the Genesis 1:2 precreation state.,This is a clear return to the Genesis 1:2 precreation state.
328,Genesis 1-7: The Melody Template,63f31a968950,same,1.0,"By the end of Genesis 7, the world is again in the same watery chaos image of nothing, minus one small difference… a boat, covered with atonement, preserving seed.","By the end of Genesis 7, the world is again in the same watery chaos image of nothing, minus one small difference… a boat, covered with atonement, preserving seed."
329,Genesis 1-7: The Melody Template,0472ed690c3b,same,1.0,This symbol of God preserving life is of no small significance for you and me.,This symbol of God preserving life is of no small significance for you and me.
330,Genesis 1-7: The Melody Template,49158582c401,same,1.0,"Noah, seven other people, and a whole bunch of animals sit and wait until Yahweh does it again.","Noah, seven other people, and a whole bunch of animals sit and wait until Yahweh does it again."
331,Genesis 1-7: The Melody Template,61914f2bdd81,same,1.0,“How long?,“How long?
332,Genesis 1-7: The Melody Template,318a8fef2f89,same,1.0,Oh LORD?” the poets say.,Oh LORD?” the poets say.
333,Genesis 1-7: The Melody Template,3a9d26ec2be1,same,1.0,How long until You do it again?,How long until You do it again?
334,Genesis 1-7: Pattern Breakers!,3acd7831648f,same,1.0,Genesis 1-7: Pattern Breakers!,Genesis 1-7: Pattern Breakers!
335,Genesis 1-7: Pattern Breakers!,c7f7831367cf,same,1.0,"In the same way that Genesis 1-7 is the template for the characteristic humans, it is also the template for pattern breakers!","In the same way that Genesis 1-7 is the template for the characteristic humans, it is also the template for pattern breakers!"
336,Genesis 1-7: Pattern Breakers!,f321e2eac309,same,1.0,"Clearly, Enoch and Noah don’t follow the characteristic division and collapse cycle.","Clearly, Enoch and Noah don’t follow the characteristic division and collapse cycle."
337,Genesis 1-7: Pattern Breakers!,b80557e10c29,same,1.0,"Their patterns will be clear and discussed elsewhere, but the most commonly overlooked pattern breaker in this cycle is the delightful ski jump at the end of chapter 4.","Their patterns will be clear and discussed elsewhere, but the most commonly overlooked pattern breaker in this cycle is the delightful ski jump at the end of chapter 4."
338,Genesis 1-7: Pattern Breakers!,b5b030103e36,same,1.0,There is a moment where the rapid division descent takes a sharp up turn.,There is a moment where the rapid division descent takes a sharp up turn.
339,Genesis 1-7: Pattern Breakers!,353f9497cbcf,same,1.0,"Everyone reads the words, but we often overlook the significance of this pattern breaking moment.","Everyone reads the words, but we often overlook the significance of this pattern breaking moment."
340,Genesis 1-7: Pattern Breakers!,c4dabe1b35f3,same,1.0,From 4:1 to 4:24 we see characteristic human choices to establish “normal” human behavior.,From 4:1 to 4:24 we see characteristic human choices to establish “normal” human behavior.
341,Genesis 1-7: Pattern Breakers!,4fd8e926317e,same,1.0,"In that section, Eve claims to have made a man all by herself in comparison to Yahweh.","In that section, Eve claims to have made a man all by herself in comparison to Yahweh."
342,Genesis 1-7: Pattern Breakers!,408a904b471d,same,1.0,"The authors use clever wordplay by noting only that Cain was conceived, the same Hebrew root word as heron (הרנך) from 3:16, but with no mention of their male child being called a son, the Hebrew word ben (בן).","The authors use clever wordplay by noting only that Cain was conceived, the same Hebrew root word as heron (הרנך) from 3:16, but with no mention of their male child being called a son, the Hebrew word ben (בן)."
343,Genesis 1-7: Pattern Breakers!,a5db78ed50a4,same,1.0,"Cain, however, is invited by God to be a pattern breaker in the next generation.","Cain, however, is invited by God to be a pattern breaker in the next generation."
344,Genesis 1-7: Pattern Breakers!,7e01b9542e17,same,1.0,"He can rule over sin, but instead he too chooses the broad path of non-life.","He can rule over sin, but instead he too chooses the broad path of non-life."
345,Genesis 1-7: Pattern Breakers!,670cae24c501,same,1.0,"Then Cain’s wife will also conceive, but again no mention of their child, a different Enoch, being a son.","Then Cain’s wife will also conceive, but again no mention of their child, a different Enoch, being a son."
346,Genesis 1-7: Pattern Breakers!,c4345dfdc125,same,1.0,We have already seen where that path spirals out of control in the division section above.,We have already seen where that path spirals out of control in the division section above.
347,Genesis 1-7: Pattern Breakers!,705207b22859,same,1.0,"Let’s skip to verse 25, where we will see something new that you won’t find on the division spiral.","Let’s skip to verse 25, where we will see something new that you won’t find on the division spiral."
348,Genesis 1-7: Pattern Breakers!,0819c24d908d,same,1.0,"In the closing section of chapter 4, verses 25 and 26, we start with intentionally repeated words from verse 1, “Adam knew his wife again,” but things go differently this time!","In the closing section of chapter 4, verses 25 and 26, we start with intentionally repeated words from verse 1, “Adam knew his wife again,” but things go differently this time!"
349,Genesis 1-7: Pattern Breakers!,0171784a18e8,same,1.0,"First, right at this pivot, the Hebrew name for Adam changes from The Adam, i.e. “The Human”, to just Adam, a personal name.","First, right at this pivot, the Hebrew name for Adam changes from The Adam, i.e. “The Human”, to just Adam, a personal name."
350,Genesis 1-7: Pattern Breakers!,50258b97f4e2,same,1.0,"Conversely, Eve’s name was used in verse 1, but now she called only “his wife” to emphasize their union over individuality.","Conversely, Eve’s name was used in verse 1, but now she called only “his wife” to emphasize their union over individuality."
351,Genesis 1-7: Pattern Breakers!,4e569e9bd0b0,same,1.0,"Next, the authors hint that something is new by only stating that she bears a son (yalad ben) with no mention of her conceiving.","Next, the authors hint that something is new by only stating that she bears a son (yalad ben) with no mention of her conceiving."
352,Genesis 1-7: Pattern Breakers!,e8be2f48af46,same,1.0,"So it’s the same, but also opposite in every subtle way.","So it’s the same, but also opposite in every subtle way."
353,Genesis 1-7: Pattern Breakers!,d80d290c24e3,same,1.0,Interesting.,Interesting.
354,Genesis 1-7: Pattern Breakers!,cf23f6e8a99e,same,1.0,"4:1 Now, the human knew his wife Eve,","4:1 Now, the human knew his wife Eve,"
355,Genesis 1-7: Pattern Breakers!,3767601aff6d,same,1.0,and she conceived and she gave birth,and she conceived and she gave birth
356,Genesis 1-7: Pattern Breakers!,4b2f86f1ce14,same,1.0,4:25 and Adam knew his wife again,4:25 and Adam knew his wife again
357,Genesis 1-7: Pattern Breakers!,f98e310a690b,same,1.0,"and she gave birth to a son,","and she gave birth to a son,"
358,Genesis 1-7: Pattern Breakers!,3bad398fb899,same,1.0,"To be clear, she did conceive for every birth.","To be clear, she did conceive for every birth."
359,Genesis 1-7: Pattern Breakers!,06751285c8a8,same,1.0,"She clearly became pregnant at some point, but the authors do not mention it, since this birth is not all about Eve.","She clearly became pregnant at some point, but the authors do not mention it, since this birth is not all about Eve."
360,Genesis 1-7: Pattern Breakers!,a3b4b7dd6580,same,1.0,"Finally, Adam’s wife shows her new perspective by giving the glory to Elohim, not herself.","Finally, Adam’s wife shows her new perspective by giving the glory to Elohim, not herself."
361,Genesis 1-7: Pattern Breakers!,b7f3b058a0a6,same,1.0,She sees life as a gift to be received instead of an act accomplished by herself.,She sees life as a gift to be received instead of an act accomplished by herself.
362,Genesis 1-7: Pattern Breakers!,fca6bba75db1,same,1.0,Then it hits you... she is the first to break the pattern!,Then it hits you... she is the first to break the pattern!
363,Genesis 1-7: Pattern Breakers!,04534d507732,same,1.0,"She was the first to take the fruit, but she was also the first to turn back and make a different choice.","She was the first to take the fruit, but she was also the first to turn back and make a different choice."
364,Genesis 1-7: Pattern Breakers!,e93ffa6eaf8f,same,1.0,"We all fail, that’s really nothing new, but we don’t all turn back to God.","We all fail, that’s really nothing new, but we don’t all turn back to God."
365,Genesis 1-7: Pattern Breakers!,7187964a3653,same,1.0,"Eve, Mother of all living-ones, is famous for Genesis 3:6-7, but she was also the first to receive the fruit.","Eve, Mother of all living-ones, is famous for Genesis 3:6-7, but she was also the first to receive the fruit."
366,Genesis 1-7: Pattern Breakers!,a384938f660e,same,1.0,Welcome home!,Welcome home!
367,Genesis 1-7: Pattern Breakers!,17b5a751661f,same,1.0,I say “Welcome home” because Eden is a place where heaven and earth overlap.,I say “Welcome home” because Eden is a place where heaven and earth overlap.
368,Genesis 1-7: Pattern Breakers!,9761e008bdbf,same,1.0,A place where human and divine work together as one (yachad in Hebrew).,A place where human and divine work together as one (yachad in Hebrew).
369,Genesis 1-7: Pattern Breakers!,eed170afd3b5,same,1.0,It has always been more than just a physical spot on the map.,It has always been more than just a physical spot on the map.
370,Genesis 1-7: Pattern Breakers!,c96973415d26,same,1.0,Let's bring life to the next generation together!,Let's bring life to the next generation together!
371,Genesis 1-7: Pattern Breakers!,6aaf4cbee5d8,same,1.0,"Here are the pattern breaker choices in the first cycle of the melody, starting with Eve.","Here are the pattern breaker choices in the first cycle of the melody, starting with Eve."
372,Genesis 1-7: Pattern Breakers!,66fdb8fe8e1f,same,1.0,Genesis 4:25-26,Genesis 4:25-26
373,Genesis 1-7: Pattern Breakers!,313c95681257,same,1.0,"4:25 and Adam (the personal name, not the characteristic Human) knew his wife again","4:25 and Adam (the personal name, not the characteristic Human) knew his wife again"
374,Genesis 1-7: Pattern Breakers!,c09c65290564,same,1.0,"and she gave birth to a son (yalad ben),","and she gave birth to a son (yalad ben),"
375,Genesis 1-7: Pattern Breakers!,3302124076bd,same,1.0,"and she named him ""Seth (שת),"" because,","and she named him ""Seth (שת),"" because,"
376,Genesis 1-7: Pattern Breakers!,168daa144c1c,same,1.0,"“God has appointed (שת) me another seed in place of Abel, for Cain killed him.”","“God has appointed (שת) me another seed in place of Abel, for Cain killed him.”"
377,Genesis 1-7: Pattern Breakers!,f891c1bdddf8,same,1.0,"26 and to Seth, to him also a son was born (yalad ben);","26 and to Seth, to him also a son was born (yalad ben);"
378,Genesis 1-7: Pattern Breakers!,7d0b575523f5,same,1.0,and he called his name Enosh.,and he called his name Enosh.
379,Genesis 1-7: Pattern Breakers!,d522757246e4,same,1.0,"then it was begun, to call on the name of Yahweh.","then it was begun, to call on the name of Yahweh."
380,Genesis 1-7: Pattern Breakers!,1d23f519ce54,same,1.0,"Eve and Seth are living out only the second half of Genesis 3:16, the necessary labor pains, instead of the greatly multiplied grief of conception that we saw in 4:1-24.","Eve and Seth are living out only the second half of Genesis 3:16, the necessary labor pains, instead of the greatly multiplied grief of conception that we saw in 4:1-24."
381,Genesis 1-7: Pattern Breakers!,dc525bf244c6,same,1.0,"In your life too expect unavoidable labor pains as humans learn to be images of God, but do try to avoid the greatly multiplied grief that comes with conceiving your own plans over trusting God's word.","In your life too expect unavoidable labor pains as humans learn to be images of God, but do try to avoid the greatly multiplied grief that comes with conceiving your own plans over trusting God's word."
382,Genesis 1-7: Pattern Breakers!,164258abb044,same,1.0,"3:16 and to the woman he said,","3:16 and to the woman he said,"
383,Genesis 1-7: Pattern Breakers!,f0b200363d5b,same,1.0,"[Part 1] ""I will greatly multiply your grief and your conception (והרנך va- heron),","[Part 1] ""I will greatly multiply your grief and your conception (והרנך va- heron),"
384,Genesis 1-7: Pattern Breakers!,2a772b363434,same,1.0,"[Part 2] in grief you will birth children (yalad benim, sons),","[Part 2] in grief you will birth children (yalad benim, sons),"
385,Genesis 1-7: Pattern Breakers!,8e944b169600,same,1.0,"If these phrases were used only in this verse, the mystery would be impossible to unravel, but that's not how the Bible works.","If these phrases were used only in this verse, the mystery would be impossible to unravel, but that's not how the Bible works."
386,Genesis 1-7: Pattern Breakers!,84a865711fc4,same,1.0,The authors slowly reveal additional information as stories repeat to invite hearers to become active participants.,The authors slowly reveal additional information as stories repeat to invite hearers to become active participants.
387,Genesis 1-7: Pattern Breakers!,d66b66c2b2f2,same,1.0,"For example, these subtle “conceive” versus “bear a son” word choices will echo not just in chapter four with Eve herself, but with other mothers in Scripture.","For example, these subtle “conceive” versus “bear a son” word choices will echo not just in chapter four with Eve herself, but with other mothers in Scripture."
388,Genesis 1-7: Pattern Breakers!,bff712f9d9ca,same,1.0,"To conceive is not a 100% match for pending great anguish, but it’s a hint used more than a few times.","To conceive is not a 100% match for pending great anguish, but it’s a hint used more than a few times."
389,Genesis 1-7: Pattern Breakers!,5df9f68464e4,same,1.0,"Consider: Avram and Hagar conceive with Ishmael, Genesis 16:4, but Avraham and Sarah conceive and bear a son with Isaac in Genesis 21:2.","Consider: Avram and Hagar conceive with Ishmael, Genesis 16:4, but Avraham and Sarah conceive and bear a son with Isaac in Genesis 21:2."
390,Genesis 1-7: Pattern Breakers!,8627632de09d,same,1.0,"David and Bathsheba initially conceive a child who died on the seventh day, 2 Samuel 11:5, but later bear a son, Solomon in 12:24-25.","David and Bathsheba initially conceive a child who died on the seventh day, 2 Samuel 11:5, but later bear a son, Solomon in 12:24-25."
391,Genesis 1-7: Pattern Breakers!,391fe22996c5,same,1.0,The later stories inform the earlier Genesis 3:16 mystery.,The later stories inform the earlier Genesis 3:16 mystery.
392,Genesis 1-7: Pattern Breakers!,c54af87c28db,same,1.0,"As a teacher, I can identify this technique of putting an initial puzzle before students, a little mystery to figure out.","As a teacher, I can identify this technique of putting an initial puzzle before students, a little mystery to figure out."
393,Genesis 1-7: Pattern Breakers!,d0835c1bf1ef,same,1.0,These authors have intentionally crafted a learning experience to find linked words that unlock a cryptic statement.,These authors have intentionally crafted a learning experience to find linked words that unlock a cryptic statement.
394,Genesis 1-7: Pattern Breakers!,85657b34fcba,same,1.0,"Focusing on ten words at a time doesn't work, you need the greater narrative.","Focusing on ten words at a time doesn't work, you need the greater narrative."
395,Genesis 1-7: Pattern Breakers!,bea4218b606d,same,1.0,Hum… a little riddle that requires time to unpack used for teaching… that sounds familiar... have you read the Sermon on the Mount recently?,Hum… a little riddle that requires time to unpack used for teaching… that sounds familiar... have you read the Sermon on the Mount recently?
396,Genesis 1-7: Pattern Breakers!,7433c291a550,same,1.0,Is it any surprise that Jesus grew up immersed in this culture teaching style?,Is it any surprise that Jesus grew up immersed in this culture teaching style?
397,Genesis 1-7: Pattern Breakers!,aa0d8d921fa1,same,1.0,"There is more truth available as you spend more time receiving, “He who has ears to hear let him hear!”","There is more truth available as you spend more time receiving, “He who has ears to hear let him hear!”"
398,Genesis 1-7: Pattern Breakers!,fcd53d7375ab,same,1.0,Matthew 11:15.,Matthew 11:15.
399,Genesis 1-7: Pattern Breakers!,b895890d6f70,same,1.0,"Anyway… with these patterns in mind, we return to Genesis 4:25-26, where Seth and Enosh are on God’s chosen path.","Anyway… with these patterns in mind, we return to Genesis 4:25-26, where Seth and Enosh are on God’s chosen path."
400,Genesis 1-7: Pattern Breakers!,3bf1d7dd306d,same,1.0,"They are sons, think John 1:12, who experience only necessary labor pains.","They are sons, think John 1:12, who experience only necessary labor pains."
401,Genesis 1-7: Pattern Breakers!,d151b9fc42f9,same,1.0,Let's see how God will work through these pattern breaker choices in the generations that follow.,Let's see how God will work through these pattern breaker choices in the generations that follow.
402,Genesis 1-7: Pattern Breakers!,528309b18716,same,1.0,Genesis 5:22-24,Genesis 5:22-24
403,Genesis 1-7: Pattern Breakers!,027b3cba2a04,same,1.0,5:22 and Enoch walked with God three hundred years …,5:22 and Enoch walked with God three hundred years …
404,Genesis 1-7: Pattern Breakers!,b2aab516399f,same,1.0,"23 and all the days of Enoch were three hundred and sixty-five years,","23 and all the days of Enoch were three hundred and sixty-five years,"
405,Genesis 1-7: Pattern Breakers!,762b4495a23b,same,1.0,"24 and Enoch walked with God; and he was not, for God took him.","24 and Enoch walked with God; and he was not, for God took him."
406,Genesis 1-7: Pattern Breakers!,933219c5a769,same,1.0,Genesis 6:1-7:5,Genesis 6:1-7:5
407,Genesis 1-7: Pattern Breakers!,a00bff1a807e,same,1.0,"6:13 And Elohim said to Noah, …(build an ark, a mini cosmos)...","6:13 And Elohim said to Noah, …(build an ark, a mini cosmos)..."
408,Genesis 1-7: Pattern Breakers!,1afc771f652f,same,1.0,22 And Noah did,22 And Noah did
409,Genesis 1-7: Pattern Breakers!,218df6c791b6,same,1.0,"according to all that Elohim had commanded him, so he did.","according to all that Elohim had commanded him, so he did."
410,Genesis 1-7: Pattern Breakers!,1e08f6c65bb2,same,1.0,"7:1 And Yahweh said to Noah, …(fill that space with inhabitants)...","7:1 And Yahweh said to Noah, …(fill that space with inhabitants)..."
411,Genesis 1-7: Pattern Breakers!,836ece090b27,same,1.0,5 And Noah did,5 And Noah did
412,Genesis 1-7: Pattern Breakers!,c1cd6bcc0225,same,1.0,according to all that Yahweh had commanded him.,according to all that Yahweh had commanded him.
413,Genesis 1-7: Pattern Breakers!,30873e70ee60,same,1.0,And Noah did it!,And Noah did it!
414,Genesis 1-7: Pattern Breakers!,d0d679f4a69f,same,1.0,That’s all we needed to know.,That’s all we needed to know.
415,Genesis 1-7: Pattern Breakers!,c0c19cd01d9d,same,1.0,"God preserves a remnant to partner with him in the next melody cycle, and the pattern breakers are that remnant.","God preserves a remnant to partner with him in the next melody cycle, and the pattern breakers are that remnant."
416,Genesis 1-7: Pattern Breakers!,eb9310efa402,same,1.0,"The prophets will later develop this concept at length, see Isaiah 11:10-11 or Micah 4:7, but the theme is planted right here in Genesis.","The prophets will later develop this concept at length, see Isaiah 11:10-11 or Micah 4:7, but the theme is planted right here in Genesis."
417,Genesis 1-7: Pattern Breakers!,60d184d12fa3,same,1.0,They will join God to rebuild the cosmos when he does it again!,They will join God to rebuild the cosmos when he does it again!
418,Genesis 8-11: The Second Round of the Melody,e86546015fc4,same,1.0,Genesis 8-11: The Second Round of the Melody,Genesis 8-11: The Second Round of the Melody
419,Genesis 8-11: The Second Round of the Melody,e1afa87f6a2a,same,1.0,"Before we jump into the second cycle of the melody, I’d like to pause for a moment and congratulate you for making it to the center of the center of this guide.","Before we jump into the second cycle of the melody, I’d like to pause for a moment and congratulate you for making it to the center of the center of this guide."
420,Genesis 8-11: The Second Round of the Melody,6cff34553da9,same,1.0,"We find ourselves in Genesis chapter 8, section 8 of this guide, and it feels symbolic, as if very early in the morning on the first day of a new week, the dawn of new creation.","We find ourselves in Genesis chapter 8, section 8 of this guide, and it feels symbolic, as if very early in the morning on the first day of a new week, the dawn of new creation."
421,Genesis 8-11: The Second Round of the Melody,7200724b5e28,same,1.0,It's Sunday morning!,It's Sunday morning!
422,Genesis 8-11: The Second Round of the Melody,51bb3c84013d,same,1.0,We’re hopeful like the 8th son of Jesse.,We’re hopeful like the 8th son of Jesse.
423,Genesis 8-11: The Second Round of the Melody,77e9aa67443d,same,1.0,Give us something new!,Give us something new!
424,Genesis 8-11: The Second Round of the Melody,b9b00fb016e8,same,1.0,I sure hope something important happens! …,I sure hope something important happens! …
425,Genesis 8-11: The Second Round of the Melody,7af0e0da8921,same,1.0,"Sure enough, something truly remarkable and significant will happen.","Sure enough, something truly remarkable and significant will happen."
426,Genesis 8-11: The Second Round of the Melody,9bc7ee01d7b0,same,1.0,"Genesis 1 will replay in Genesis 8:1-9:18, but in new ways for a new generation.","Genesis 1 will replay in Genesis 8:1-9:18, but in new ways for a new generation."
427,Genesis 8-11: The Second Round of the Melody,2be039bbbab2,same,1.0,A pattern is not a pattern unless it repeats.,A pattern is not a pattern unless it repeats.
428,Genesis 8-11: The Second Round of the Melody,e0a14e9b09b3,same,1.0,"So in Genesis 1-11, the introduction to the Bible, we see the cycle of life, not once, but twice.","So in Genesis 1-11, the introduction to the Bible, we see the cycle of life, not once, but twice."
429,Genesis 8-11: The Second Round of the Melody,8da0ef51d660,same,1.0,The Hebrew Bible authors are quietly going to reshape the way you see the world.,The Hebrew Bible authors are quietly going to reshape the way you see the world.
430,Genesis 8-11: The Second Round of the Melody,ba97e739bf0e,same,1.0,"The Spirit has breathed into them a truth that God never stops bringing creation, life, and blessing.","The Spirit has breathed into them a truth that God never stops bringing creation, life, and blessing."
431,Genesis 8-11: The Second Round of the Melody,a640cce11f62,same,1.0,Let’s reflect on their words and try to become listeners that live out Psalm 1:1-1:3.,Let’s reflect on their words and try to become listeners that live out Psalm 1:1-1:3.
432,Genesis 8-11: The Second Round of the Melody,2e676807880d,same,1.0,"The cycle begins again in Genesis 8:1, unmistakably, right in the chiastic center of the flood narrative.","The cycle begins again in Genesis 8:1, unmistakably, right in the chiastic center of the flood narrative."
433,Genesis 8-11: The Second Round of the Melody,b980e1739b88,same,1.0,"Life begins with the presence of God, shown again as Ruakh (רוח), the Hebrew word that means wind, breath, or presence.","Life begins with the presence of God, shown again as Ruakh (רוח), the Hebrew word that means wind, breath, or presence."
434,Genesis 8-11: The Second Round of the Melody,d238c07e12e1,same,1.0,"Additionally, we introduce a new highly significant word, zakar, which means not just “remembered,” but more accurately “remembered and acted on it!”","Additionally, we introduce a new highly significant word, zakar, which means not just “remembered,” but more accurately “remembered and acted on it!”"
435,Genesis 8-11: The Second Round of the Melody,c2135ca7f02e,same,1.0,8:1 “And Elohim remembered (zakar) Noah,8:1 “And Elohim remembered (zakar) Noah
436,Genesis 8-11: The Second Round of the Melody,094f99a5e3fe,same,1.0,and all the living creatures,and all the living creatures
437,Genesis 8-11: The Second Round of the Melody,f20eb5f487ad,same,1.0,and all the beasts that were with him in the ark;,and all the beasts that were with him in the ark;
438,Genesis 8-11: The Second Round of the Melody,64c8b9f40a11,same,1.0,and Elohim caused to pass,and Elohim caused to pass
439,Genesis 8-11: The Second Round of the Melody,7a6a2c02b628,same,1.0,a Spirit/wind (Ruakh) to cover the land,a Spirit/wind (Ruakh) to cover the land
440,Genesis 8-11: The Second Round of the Melody,d7cf3bdb8688,same,1.0,and the waters subsided.”,and the waters subsided.”
441,Genesis 8-11: The Second Round of the Melody,6c11a12bd499,same,1.0,"To help you compare the two “about to act” creation moments, here is the precreation state of Genesis 1:2, where the Ruakh was over the face of the waters.","To help you compare the two “about to act” creation moments, here is the precreation state of Genesis 1:2, where the Ruakh was over the face of the waters."
442,Genesis 8-11: The Second Round of the Melody,07019ff54f66,same,1.0,"1:2 Now, the land was wild and waste (תהו ווהו • tohu va-vohu),","1:2 Now, the land was wild and waste (תהו ווהו • tohu va-vohu),"
443,Genesis 8-11: The Second Round of the Melody,5ce2ac83fcf6,same,1.0,"and darkness was over the face of the deep abyss (תהום • tehom),","and darkness was over the face of the deep abyss (תהום • tehom),"
444,Genesis 8-11: The Second Round of the Melody,2e863277fb71,same,1.0,but the breath (Ruakh) of Elohim was hovering over the face of the waters (המים),but the breath (Ruakh) of Elohim was hovering over the face of the waters (המים)
445,Genesis 8-11: The Second Round of the Melody,44fb8ba3da74,same,1.0,"This guide is not a deep dive on the Holy Spirit, the third person of the Trinity, for that consider a work like Tyler Staton’s The Familiar Stranger or the Spirit of God collection.","This guide is not a deep dive on the Holy Spirit, the third person of the Trinity, for that consider a work like Tyler Staton’s The Familiar Stranger or the Spirit of God collection."
446,Genesis 8-11: The Second Round of the Melody,4a2fd85b4810,same,1.0,"However, I do want to at least point out that the Spirit did not come only after Jesus' death at Pentecost in Acts 2.","However, I do want to at least point out that the Spirit did not come only after Jesus' death at Pentecost in Acts 2."
447,Genesis 8-11: The Second Round of the Melody,4c483ebb6954,same,1.0,"The same Spirit has been present and active since page one, doing what God does best, breathing life into His creation.","The same Spirit has been present and active since page one, doing what God does best, breathing life into His creation."
448,Genesis 8-11: The Second Round of the Melody,138b517c2b22,same,1.0,"Genesis always begins with the personal presence of God, and the biblical authors help us understand that simple truth by mentioning His Ruakh.","Genesis always begins with the personal presence of God, and the biblical authors help us understand that simple truth by mentioning His Ruakh."
449,Genesis 8-11: The Second Round of the Melody,a8df863ceb62,same,1.0,"By the way, props to Stephen Langton, the 1205 AD Archbishop of Canterbury, who did the Bible chapter divisions that we still use today.","By the way, props to Stephen Langton, the 1205 AD Archbishop of Canterbury, who did the Bible chapter divisions that we still use today."
450,Genesis 8-11: The Second Round of the Melody,0d082efe5411,same,1.0,He intentionally/accidentally chose to put the first melody into exactly seven chapters.,He intentionally/accidentally chose to put the first melody into exactly seven chapters.
451,Genesis 8-11: The Second Round of the Melody,74440deeff16,same,1.0,His chapter breaks aren’t perfect.,His chapter breaks aren’t perfect.
452,Genesis 8-11: The Second Round of the Melody,ede679b3551e,same,1.0,"He did the best he could with the Latin Vulgate and he only did it to ease citation, not structure the text, but this one was a winner: exactly seven chapters to complete the first melody.","He did the best he could with the Latin Vulgate and he only did it to ease citation, not structure the text, but this one was a winner: exactly seven chapters to complete the first melody."
453,Genesis 8-11: The Second Round of the Melody,11dbf5e50ce9,same,1.0,"Bible scholars love to point out happy coincidences, see Matthew 1-4.","Bible scholars love to point out happy coincidences, see Matthew 1-4."
454,Genesis 8-11: The Second Round of the Melody,fa3afc834155,same,1.0,"Next, Elohim commands Noah and his family to go out from the ark, blessing them Genesis 1 style:","Next, Elohim commands Noah and his family to go out from the ark, blessing them Genesis 1 style:"
455,Genesis 8-11: The Second Round of the Melody,b93f62140e64,same,1.0,"9:1 And Elohim blessed Noah and his sons and he said to them,","9:1 And Elohim blessed Noah and his sons and he said to them,"
456,Genesis 8-11: The Second Round of the Melody,14dedd418413,same,1.0,"“Be fruitful and multiply, and fill the land.","“Be fruitful and multiply, and fill the land."
457,Genesis 8-11: The Second Round of the Melody,123cbf9da165,same,1.0,All is good in blissful creation at the top of the mountain with God.,All is good in blissful creation at the top of the mountain with God.
458,Genesis 8-11: The Second Round of the Melody,03c8add3ff10,same,1.0,"However, it makes an informed reader wonder what will come next… and worry.","However, it makes an informed reader wonder what will come next… and worry."
459,Genesis 8-11: The Second Round of the Melody,05d24d28a85b,same,1.0,"The authors continue the Creation, Choice, Division of Relationships, and Collapse cycle using very clear notes.","The authors continue the Creation, Choice, Division of Relationships, and Collapse cycle using very clear notes."
460,Genesis 8-11: The Second Round of the Melody,912c9fdee514,same,1.0,"In the second pass through the melody, Genesis 8-11, notice that the authors never replay a story identically.","In the second pass through the melody, Genesis 8-11, notice that the authors never replay a story identically."
461,Genesis 8-11: The Second Round of the Melody,dc817622b151,same,1.0,"Each cycle fills out the one before, quietly expanding your sense of what each note is communicating.","Each cycle fills out the one before, quietly expanding your sense of what each note is communicating."
462,Genesis 8-11: The Second Round of the Melody,075947bbe637,same,1.0,"By the end of only two laps, you’ll reflect back on Genesis 1-7 in ways that you couldn’t see before.","By the end of only two laps, you’ll reflect back on Genesis 1-7 in ways that you couldn’t see before."
463,Genesis 8-11: The Second Round of the Melody,a5f10b7f947a,same,1.0,Melody Cycle 2 Creation,Melody Cycle 2 Creation
464,Genesis 8-11: The Second Round of the Melody,b1586b303c6f,same,1.0,Genesis 8:1-9:18,Genesis 8:1-9:18
465,Genesis 8-11: The Second Round of the Melody,15e6b493a4fb,same,1.0,"We again hear Creation notes of blessing, but with a new twist, the humans and animals are partnering with God in the creation process.","We again hear Creation notes of blessing, but with a new twist, the humans and animals are partnering with God in the creation process."
466,Genesis 8-11: The Second Round of the Melody,7264dade2644,same,1.0,"In Genesis 1:27 when Elohim created the ‘Image of God’, the authors used the phrase “male and female” he created them.","In Genesis 1:27 when Elohim created the ‘Image of God’, the authors used the phrase “male and female” he created them."
467,Genesis 8-11: The Second Round of the Melody,a3709543531a,same,1.0,That phrase in Hebrew is za-KAR oonKAY vah (זָכָ֥ר וּנְקֵבָ֖ה) and it became a creation note that we should listen for.,That phrase in Hebrew is za-KAR oonKAY vah (זָכָ֥ר וּנְקֵבָ֖ה) and it became a creation note that we should listen for.
468,Genesis 8-11: The Second Round of the Melody,836e56dd257f,same,1.0,"In this new creation story, Noah is bringing out the animals who were put into the ark za-KAR oonKAY vah, male and female.","In this new creation story, Noah is bringing out the animals who were put into the ark za-KAR oonKAY vah, male and female."
469,Genesis 8-11: The Second Round of the Melody,a7a18e4bb403,same,1.0,The repeated words are creation vocabulary that the authors didn't want you to miss.,The repeated words are creation vocabulary that the authors didn't want you to miss.
470,Genesis 8-11: The Second Round of the Melody,97f66401a9db,same,1.0,"In fact they repeat the phrase four times when the animals board the boat, za-KAR oonKay vah.","In fact they repeat the phrase four times when the animals board the boat, za-KAR oonKay vah."
471,Genesis 8-11: The Second Round of the Melody,d2c46579d949,same,1.0,"By the way, we are stepping around the rabbit hole where the letters for zakar, זכר, mean both “male child” from this phrase AND zakar זכר, “remembered,” in Genesis 8:1, too many hyperlinks!","By the way, we are stepping around the rabbit hole where the letters for zakar, זכר, mean both “male child” from this phrase AND zakar זכר, “remembered,” in Genesis 8:1, too many hyperlinks!"
472,Genesis 8-11: The Second Round of the Melody,622c1848cfba,same,1.0,But a listener in Hebrew would certainly hear the zakar creation notes.,But a listener in Hebrew would certainly hear the zakar creation notes.
473,Genesis 8-11: The Second Round of the Melody,eae10f87c05b,same,1.0,"These new creation events continue in blissful harmony with a sacrifice, covenant, and a sign of the covenant, the rainbow.","These new creation events continue in blissful harmony with a sacrifice, covenant, and a sign of the covenant, the rainbow."
474,Genesis 8-11: The Second Round of the Melody,ea4dc934fe24,same,1.0,What could go wrong?,What could go wrong?
475,Genesis 8-11: The Second Round of the Melody,0ed244e9bce3,same,1.0,"However, we know the cycle will repeat since Genesis 8:21 warns us that the human heart has not changed.","However, we know the cycle will repeat since Genesis 8:21 warns us that the human heart has not changed."
476,Genesis 8-11: The Second Round of the Melody,e551be81e14b,same,1.0,Melody Cycle 2 Calling,Melody Cycle 2 Calling
477,Genesis 8-11: The Second Round of the Melody,bf340a994703,same,1.0,Genesis 7:1-5 and 8:15-17,Genesis 7:1-5 and 8:15-17
478,Genesis 8-11: The Second Round of the Melody,0ecd9ef6a0a1,same,1.0,"7:1 “Go, you and all your household, into the ark","7:1 “Go, you and all your household, into the ark"
479,Genesis 8-11: The Second Round of the Melody,aa97132b720a,same,1.0,for you I have seen as a righteous one before me in this generation… to keep alive seed on the face of the land.”,for you I have seen as a righteous one before me in this generation… to keep alive seed on the face of the land.”
480,Genesis 8-11: The Second Round of the Melody,a677ca4a4fa9,same,1.0,"8:15 And Elohim spoke to Noah, saying, “Go out from the ark, you and your wife and your sons and your sons’ wives with you.","8:15 And Elohim spoke to Noah, saying, “Go out from the ark, you and your wife and your sons and your sons’ wives with you."
481,Genesis 8-11: The Second Round of the Melody,e339940ad2da,same,1.0,"From every living thing with you from all flesh, birds and animals and every creeper that creeps on the land, make them go out with you, so they can swarm in the land and be fruitful and multiply in the land.”","From every living thing with you from all flesh, birds and animals and every creeper that creeps on the land, make them go out with you, so they can swarm in the land and be fruitful and multiply in the land.”"
482,Genesis 8-11: The Second Round of the Melody,9bbb89bbe616,same,1.0,Melody Cycle 2 Choice,Melody Cycle 2 Choice
483,Genesis 8-11: The Second Round of the Melody,94a1217be3ab,same,1.0,Genesis 9:19-29,Genesis 9:19-29
484,Genesis 8-11: The Second Round of the Melody,72e6ea1c39d3,same,1.0,The next generation repeats the sins of the old as the Choice notes begin to play in the new Eden space.,The next generation repeats the sins of the old as the Choice notes begin to play in the new Eden space.
485,Genesis 8-11: The Second Round of the Melody,9aaecc69b8a2,same,1.0,Noah takes the wine in an illicit way by getting drunk.,Noah takes the wine in an illicit way by getting drunk.
486,Genesis 8-11: The Second Round of the Melody,88dd2c662616,same,1.0,Then he uncovers himself in the middle of his tent.,Then he uncovers himself in the middle of his tent.
487,Genesis 8-11: The Second Round of the Melody,8a34009b003d,same,1.0,"These are verbal echoes of Adam and Eve taking the fruit in the middle of the garden, then realizing they were naked.","These are verbal echoes of Adam and Eve taking the fruit in the middle of the garden, then realizing they were naked."
488,Genesis 8-11: The Second Round of the Melody,3983bc66d15e,same,1.0,"Finally, Ham “saw the nakedness of his father”.","Finally, Ham “saw the nakedness of his father”."
489,Genesis 8-11: The Second Round of the Melody,8484439fd966,same,1.0,"In Hebrew, a man's nakedness is his wife, Leviticus 18:7-8 spells this out plainly.","In Hebrew, a man's nakedness is his wife, Leviticus 18:7-8 spells this out plainly."
490,Genesis 8-11: The Second Round of the Melody,a2c1b9ee229b,same,1.0,The act is so terrible that the authors use a common Hebrew euphemism.,The act is so terrible that the authors use a common Hebrew euphemism.
491,Genesis 8-11: The Second Round of the Melody,31f09c4c4451,same,1.0,"Despite our modern debates and mystery, “seeing the nakedness” is a standard phrase stating that Ham had sex with his father’s wife (if you would like to have more evidence go read Ezekiel 22:10 in a literal translation).","Despite our modern debates and mystery, “seeing the nakedness” is a standard phrase stating that Ham had sex with his father’s wife (if you would like to have more evidence go read Ezekiel 22:10 in a literal translation)."
492,Genesis 8-11: The Second Round of the Melody,11f4a4328ab4,same,1.0,The word choice ties this unthinkable moment into the “seeing what is good in his eyes” theme.,The word choice ties this unthinkable moment into the “seeing what is good in his eyes” theme.
493,Genesis 8-11: The Second Round of the Melody,0a5f1387fddd,same,1.0,Translators face an impossible task here.,Translators face an impossible task here.
494,Genesis 8-11: The Second Round of the Melody,05c0eeafa9be,same,1.0,"They need to maintain the “seeing” hyperlink, discern the idioms, and keep it to five words or less.","They need to maintain the “seeing” hyperlink, discern the idioms, and keep it to five words or less."
495,Genesis 8-11: The Second Round of the Melody,671e9397fac5,same,1.0,"So they usually just follow the pattern of prior translations, throw their hands in the air, and give a literal word-for-word translation, leaving interpretation to the reader (which is fine, let commentaries explain it).","So they usually just follow the pattern of prior translations, throw their hands in the air, and give a literal word-for-word translation, leaving interpretation to the reader (which is fine, let commentaries explain it)."
496,Genesis 8-11: The Second Round of the Melody,857c8f2f7d73,same,1.0,"Next, much like God did in the Garden exit, this new state results in Noah giving blessings to Yahweh the Elohim of Shem and curses to Canaan.","Next, much like God did in the Garden exit, this new state results in Noah giving blessings to Yahweh the Elohim of Shem and curses to Canaan."
497,Genesis 8-11: The Second Round of the Melody,672d4e955b5f,same,1.0,"Wait, Canaan?","Wait, Canaan?"
498,Genesis 8-11: The Second Round of the Melody,ff28a2a2fdf8,same,1.0,Where did Ham go?,Where did Ham go?
499,Genesis 8-11: The Second Round of the Melody,3cf5c6e278a5,same,1.0,"Canaan, the father of the Canaanites, was Ham’s fourth and final son, but the authors don’t explain the generational jump at all.","Canaan, the father of the Canaanites, was Ham’s fourth and final son, but the authors don’t explain the generational jump at all."
500,Genesis 8-11: The Second Round of the Melody,893bb620beec,same,1.0,"Instead, you are forced to use your imagination to fill in the gap.","Instead, you are forced to use your imagination to fill in the gap."
501,Genesis 8-11: The Second Round of the Melody,7e19c6355d13,same,1.0,Melody Cycle 2 Division,Melody Cycle 2 Division
502,Genesis 8-11: The Second Round of the Melody,1b637aeb98a5,same,1.0,Genesis 9:22-11:5,Genesis 9:22-11:5
503,Genesis 8-11: The Second Round of the Melody,e53d759a77a0,same,1.0,It is no surprise that Division comes next.,It is no surprise that Division comes next.
504,Genesis 8-11: The Second Round of the Melody,bce15e9db979,same,1.0,"In fact, it has already begun.","In fact, it has already begun."
505,Genesis 8-11: The Second Round of the Melody,5f1f0460aafe,same,1.0,"Ham’s horrific power play fractured the family, causing the three brothers to divide into the nations.","Ham’s horrific power play fractured the family, causing the three brothers to divide into the nations."
506,Genesis 8-11: The Second Round of the Melody,8bb5576ad29c,same,1.0,"The spiral continues with Nimrod building Babylon, the icon for communal evil choices used throughout the Bible.","The spiral continues with Nimrod building Babylon, the icon for communal evil choices used throughout the Bible."
507,Genesis 8-11: The Second Round of the Melody,4d61a619498c,same,1.0,"Finally, Yahweh does a thorough investigation of the situation in Genesis 11:5, “And Yahweh came down to see the city and the tower that the sons of humanity built.”","Finally, Yahweh does a thorough investigation of the situation in Genesis 11:5, “And Yahweh came down to see the city and the tower that the sons of humanity built.”"
508,Genesis 8-11: The Second Round of the Melody,1f01d1618808,same,1.0,Dangerous notes are beginning to play.,Dangerous notes are beginning to play.
509,Genesis 8-11: The Second Round of the Melody,4a6df5800324,same,1.0,Melody Cycle 2 Collapse,Melody Cycle 2 Collapse
510,Genesis 8-11: The Second Round of the Melody,c8cc78e34e66,same,1.0,Genesis 11:7-9,Genesis 11:7-9
511,Genesis 8-11: The Second Round of the Melody,7ae037f3a98f,same,1.0,"In this cycle, the collapse is Yahweh scattering the civilization of Babylon at the Tower of Babel.","In this cycle, the collapse is Yahweh scattering the civilization of Babylon at the Tower of Babel."
512,Genesis 8-11: The Second Round of the Melody,6ed6c59e1811,same,1.0,11:9 “from there Yahweh scattered them upon the face of all the land.”,11:9 “from there Yahweh scattered them upon the face of all the land.”
513,Genesis 8-11: The Second Round of the Melody,1077eac7a900,same,1.0,"In our generation, scattering a nation doesn't carry the same weight, but in this context, these are Collapse notes.","In our generation, scattering a nation doesn't carry the same weight, but in this context, these are Collapse notes."
514,Genesis 8-11: The Second Round of the Melody,f3070a8ffe22,same,1.0,"For example, in 9:19, the authors describe the “scattering” using the Hebrew word naphats, which Psalm 2:9 uses to “shatter” like a pot.","For example, in 9:19, the authors describe the “scattering” using the Hebrew word naphats, which Psalm 2:9 uses to “shatter” like a pot."
515,Genesis 8-11: The Second Round of the Melody,490fbbeae7d7,same,1.0,So God shattered the people of Babylon like a pot onto the face of the land.,So God shattered the people of Babylon like a pot onto the face of the land.
516,Genesis 8-11: The Second Round of the Melody,18ebdbc9223e,same,1.0,"God has initiated the collapse in both cycles so far to set the stage for new life, but that will not always be the case as the melody continues.","God has initiated the collapse in both cycles so far to set the stage for new life, but that will not always be the case as the melody continues."
517,Genesis 8-11: The Second Round of the Melody,06655d0eff04,same,1.0,"With only two passes through the melody, we can already hear many distinctive notes that emerge from the Genesis 1-11 characteristic human cycle.","With only two passes through the melody, we can already hear many distinctive notes that emerge from the Genesis 1-11 characteristic human cycle."
518,Genesis 8-11: The Second Round of the Melody,8c3f63645e8f,same,1.0,Here are only a few:,Here are only a few:
519,Genesis 8-11: The Second Round of the Melody,ae776b33655b,same,1.0,"Enjoyable side quest: Go read the first two chapters of Luke, listening for Creation notes of Spirit, blessing, and signs.","Enjoyable side quest: Go read the first two chapters of Luke, listening for Creation notes of Spirit, blessing, and signs."
520,Genesis 8-11: The Second Round of the Melody,caabc3e62bbb,same,1.0,"There are more than you might guess, and you’ll wonder how you missed them before.","There are more than you might guess, and you’ll wonder how you missed them before."
521,Genesis 8-11: Pattern Breakers!,d96e731acbaa,same,1.0,Genesis 8-11: Pattern Breakers!,Genesis 8-11: Pattern Breakers!
522,Genesis 8-11: Pattern Breakers!,170c0bc004cd,same,1.0,Who are the pattern breakers in the second round of the melody and how will God preserve life through them?,Who are the pattern breakers in the second round of the melody and how will God preserve life through them?
523,Genesis 8-11: Pattern Breakers!,33b29e57b99e,same,1.0,"It is a shorter melody, so there are fewer pattern breakers, but we still see a few.","It is a shorter melody, so there are fewer pattern breakers, but we still see a few."
524,Genesis 8-11: Pattern Breakers!,1a2399a3ebd8,same,1.0,"We have primarily one man, Noah and the ark, who passed through the first archetypal flood collapse.","We have primarily one man, Noah and the ark, who passed through the first archetypal flood collapse."
525,Genesis 8-11: Pattern Breakers!,6da2381e48fb,same,1.0,He was called and received the calling.,He was called and received the calling.
526,Genesis 8-11: Pattern Breakers!,ef39beb03827,same,1.0,He listens and obeys.,He listens and obeys.
527,Genesis 8-11: Pattern Breakers!,6a9a8979ed5a,same,1.0,"Super fun side quest, look for how other people are called in the Bible to start a new genesis!","Super fun side quest, look for how other people are called in the Bible to start a new genesis!"
528,Genesis 8-11: Pattern Breakers!,35a6e1c219fd,same,1.0,"Consider moments like Moses being called to rise up and cross the Reed Sea, Samuel to arise and anoint David, Joseph to get up and flee to Egypt (Matthew 2), so Jesus could fulfill being called out of Egypt (disorder).","Consider moments like Moses being called to rise up and cross the Reed Sea, Samuel to arise and anoint David, Joseph to get up and flee to Egypt (Matthew 2), so Jesus could fulfill being called out of Egypt (disorder)."
529,Genesis 8-11: Pattern Breakers!,2da600310cf0,same,1.0,That's a great note to track!,That's a great note to track!
530,Genesis 8-11: Pattern Breakers!,058f18a19dff,same,1.0,You will come to realize it’s true even today.,You will come to realize it’s true even today.
531,Genesis 8-11: Pattern Breakers!,af2fd8471b03,same,1.0,"God blesses and calls us out of chaos, SO THAT we can be a blessing to others.","God blesses and calls us out of chaos, SO THAT we can be a blessing to others."
532,Genesis 8-11: Pattern Breakers!,fa1bc45821dd,same,1.0,Anyway…,Anyway…
533,Genesis 8-11: Pattern Breakers!,b0eb1e4dfb32,same,1.0,In the new creation Noah builds an altar and makes a going-up offering to Yahweh.,In the new creation Noah builds an altar and makes a going-up offering to Yahweh.
534,Genesis 8-11: Pattern Breakers!,237e05228609,same,1.0,Yahweh smells the soothing smell and responds in blessing.,Yahweh smells the soothing smell and responds in blessing.
535,Genesis 8-11: Pattern Breakers!,111f2f121e21,same,1.0,"This sacrifice note is mirrored in other rounds of the melody in creative ways, but we are trying to stay focused.","This sacrifice note is mirrored in other rounds of the melody in creative ways, but we are trying to stay focused."
536,Genesis 8-11: Pattern Breakers!,1aa3aabd7e0f,same,1.0,The next pattern breakers are Shem and Japheth.,The next pattern breakers are Shem and Japheth.
537,Genesis 8-11: Pattern Breakers!,b2dcace0fce2,same,1.0,They do the opposite of Ham and cover their father’s nakedness.,They do the opposite of Ham and cover their father’s nakedness.
538,Genesis 8-11: Pattern Breakers!,fe16d61d21d1,same,1.0,"This time, not seeing their father's nakedness is simple and literal.","This time, not seeing their father's nakedness is simple and literal."
539,Genesis 8-11: Pattern Breakers!,c0ccdc35925e,same,1.0,These authors use clever wordplay even when the subject matter makes us feel uncomfortable.,These authors use clever wordplay even when the subject matter makes us feel uncomfortable.
540,Genesis 8-11: Pattern Breakers!,dd87cf2b3f70,same,1.0,"Subtle symmetries, through repeated words, help readers see the inversion.","Subtle symmetries, through repeated words, help readers see the inversion."
541,Genesis 8-11: Pattern Breakers!,989285d176f3,same,1.0,"Afterwards, Noah blesses Yahweh the Elohim of Shem and again a remnant is preserved through Shem’s line.","Afterwards, Noah blesses Yahweh the Elohim of Shem and again a remnant is preserved through Shem’s line."
542,Genesis 8-11: Pattern Breakers!,71ac11b2abbc,same,1.0,"Genesis 11:10-26 gives another ten-generation bridge, mirroring chapter 5.","Genesis 11:10-26 gives another ten-generation bridge, mirroring chapter 5."
543,Genesis 8-11: Pattern Breakers!,9427669f06a4,same,1.0,"It is the tenth, Avram, who will partner with God to start the next melody cycle.","It is the tenth, Avram, who will partner with God to start the next melody cycle."
544,Genesis 8-11: Pattern Breakers!,249f43895c49,same,1.0,Will Avram be the one who will crush the head of the snake?,Will Avram be the one who will crush the head of the snake?
545,Genesis 11:27-22:19: Cycles Three to Seven with Avraham,ceb31137c24d,same,1.0,Genesis 11:27-22:19: Cycles Three to Seven with Avraham,Genesis 11:27-22:19: Cycles Three to Seven with Avraham
546,Genesis 11:27-22:19: Cycles Three to Seven with Avraham,88cdd44d3661,same,1.0,"With Genesis 1-11 complete, we come to the next major section of Genesis and start the third cycle of the melody.","With Genesis 1-11 complete, we come to the next major section of Genesis and start the third cycle of the melody."
547,Genesis 11:27-22:19: Cycles Three to Seven with Avraham,05c639faf3d7,same,1.0,"It opens with a title in Genesis 11:27, “Now these are the generations of Terakh.”","It opens with a title in Genesis 11:27, “Now these are the generations of Terakh.”"
548,Genesis 11:27-22:19: Cycles Three to Seven with Avraham,83e11ff71025,same,1.0,"Then, following the Genesis 1 pattern, we have a new precreation state in 11:28-32.","Then, following the Genesis 1 pattern, we have a new precreation state in 11:28-32."
549,Genesis 11:27-22:19: Cycles Three to Seven with Avraham,de78bfe1a6c2,same,1.0,"This time, the symbols for non-life are not watery chaos or a dry desert.","This time, the symbols for non-life are not watery chaos or a dry desert."
550,Genesis 11:27-22:19: Cycles Three to Seven with Avraham,2c7e3d4d7d9b,same,1.0,"Instead, if you read with eyes looking for symbols of death and disorder, you will notice:","Instead, if you read with eyes looking for symbols of death and disorder, you will notice:"
551,Genesis 11:27-22:19: Cycles Three to Seven with Avraham,08f159571a2f,same,1.0,And Haran died before his father Terakh,And Haran died before his father Terakh
552,Genesis 11:27-22:19: Cycles Three to Seven with Avraham,b9f7ebc1d857,same,1.0,"And Sarai was barren, she had no child","And Sarai was barren, she had no child"
553,Genesis 11:27-22:19: Cycles Three to Seven with Avraham,f4786253b86b,same,1.0,And they went out … to go to the land of Canaan; and they went as far as Haran,And they went out … to go to the land of Canaan; and they went as far as Haran
554,Genesis 11:27-22:19: Cycles Three to Seven with Avraham,fa0343ad2259,same,1.0,And Terakh died in Haran,And Terakh died in Haran
555,Genesis 11:27-22:19: Cycles Three to Seven with Avraham,91f91a0def43,same,1.0,"Without God’s presence, the “wild and waste” from Genesis 1:2 is depicted with these new symbols of precreation non-life.","Without God’s presence, the “wild and waste” from Genesis 1:2 is depicted with these new symbols of precreation non-life."
556,Genesis 11:27-22:19: Cycles Three to Seven with Avraham,bb166b535cf2,same,1.0,These authors are very clever and give us a small cairn in the word Haran that we are on the right track.,These authors are very clever and give us a small cairn in the word Haran that we are on the right track.
557,Genesis 11:27-22:19: Cycles Three to Seven with Avraham,cabfc6fa280e,same,1.0,"The Genesis 3:16 word to conceive heron הרן, sounds a lot like these new symbols of death: Haran the brother (הרן) has the very same letters, and Haran the place (חרן) is only one letter off.","The Genesis 3:16 word to conceive heron הרן, sounds a lot like these new symbols of death: Haran the brother (הרן) has the very same letters, and Haran the place (חרן) is only one letter off."
558,Genesis 11:27-22:19: Cycles Three to Seven with Avraham,1c584b20fb4b,same,1.0,"Most of our English translations even spell those two words identically to show they are connected, but none are able to show the Hebrew wordplay connection to Genesis 3:16 properly (these authors are amazing).","Most of our English translations even spell those two words identically to show they are connected, but none are able to show the Hebrew wordplay connection to Genesis 3:16 properly (these authors are amazing)."
559,Genesis 11:27-22:19: Cycles Three to Seven with Avraham,7deba00708f9,same,1.0,"Genesis 12:1 then starts the creation section of melody three with Yahweh speaking to Avram (the new ruakh), who steps into the role of Adam and Noah.","Genesis 12:1 then starts the creation section of melody three with Yahweh speaking to Avram (the new ruakh), who steps into the role of Adam and Noah."
560,Genesis 11:27-22:19: Cycles Three to Seven with Avraham,a363f9120826,same,1.0,"In this generation, he will partner with God to once again bring about creation, life, and blessing.","In this generation, he will partner with God to once again bring about creation, life, and blessing."
561,Genesis 11:27-22:19: Cycles Three to Seven with Avraham,5c1464d90145,same,1.0,The ruakh and the calling come together.,The ruakh and the calling come together.
562,Genesis 11:27-22:19: Cycles Three to Seven with Avraham,46c2c0629381,same,1.0,"12:1 “And Yahweh said to Avram,","12:1 “And Yahweh said to Avram,"
563,Genesis 11:27-22:19: Cycles Three to Seven with Avraham,45e22bbd3897,same,1.0,Get yourself going…”,Get yourself going…”
564,Genesis 11:27-22:19: Cycles Three to Seven with Avraham,dc2f53797637,same,1.0,"It’s a wonderful and significant speech, but a bit long for this guide.","It’s a wonderful and significant speech, but a bit long for this guide."
565,Genesis 11:27-22:19: Cycles Three to Seven with Avraham,36eefa81826f,same,1.0,Go read it!,Go read it!
566,Genesis 11:27-22:19: Cycles Three to Seven with Avraham,9a52e20b3659,same,1.0,"It calls Avram to come out, much like Noah was called out of the Ark.","It calls Avram to come out, much like Noah was called out of the Ark."
567,Genesis 11:27-22:19: Cycles Three to Seven with Avraham,157fa8ed46de,same,1.0,"The calling here is crisp and clean, perhaps Avram will crush the head of the snake and just help us all avoid the collapse?","The calling here is crisp and clean, perhaps Avram will crush the head of the snake and just help us all avoid the collapse?"
568,Genesis 11:27-22:19: Cycles Three to Seven with Avraham,a37089699fad,same,1.0,Perhaps not.,Perhaps not.
569,Genesis 11:27-22:19: Cycles Three to Seven with Avraham,1f496acac61e,same,1.0,"Well, at least like Noah he will receive his calling and pass through the collapse without failure?","Well, at least like Noah he will receive his calling and pass through the collapse without failure?"
570,Genesis 11:27-22:19: Cycles Three to Seven with Avraham,055fd60280e6,same,1.0,Perhaps not there as well.,Perhaps not there as well.
571,Genesis 11:27-22:19: Cycles Three to Seven with Avraham,3e796e9da403,same,1.0,People are complex and the melody is growing in complexity with us.,People are complex and the melody is growing in complexity with us.
572,Genesis 11:27-22:19: Cycles Three to Seven with Avraham,d01404d3d102,same,1.0,We’ll be tracking the ups and downs with Abraham through five melody cycles.,We’ll be tracking the ups and downs with Abraham through five melody cycles.
573,Genesis 11:27-22:19: Cycles Three to Seven with Avraham,cd37741f7895,same,1.0,"In this cycle, Yahweh kickstarts genesis with a call to Avram and expands the new Creation promise, stating: “in you all the families of the land will find blessing”.","In this cycle, Yahweh kickstarts genesis with a call to Avram and expands the new Creation promise, stating: “in you all the families of the land will find blessing”."
574,Genesis 11:27-22:19: Cycles Three to Seven with Avraham,08621ad5ba10,same,1.0,"Verses 4 and 5 then tell another journey story, but now with God present.","Verses 4 and 5 then tell another journey story, but now with God present."
575,Genesis 11:27-22:19: Cycles Three to Seven with Avraham,10a13a323e6e,same,1.0,"Interestingly, this second journey was perhaps the same trip, see Acts 7:2.","Interestingly, this second journey was perhaps the same trip, see Acts 7:2."
576,Genesis 11:27-22:19: Cycles Three to Seven with Avraham,ab3fc42667e9,same,1.0,"This reminds me of Genesis 1:2 where darkness was over the face of the tehom, the waters of death, but the Spirit of Elohim was hovering over the face of the waters.","This reminds me of Genesis 1:2 where darkness was over the face of the tehom, the waters of death, but the Spirit of Elohim was hovering over the face of the waters."
577,Genesis 11:27-22:19: Cycles Three to Seven with Avraham,ebf1ac6d0c71,same,1.0,"Those might be the same physical states, just described first without God's presence and then with it.","Those might be the same physical states, just described first without God's presence and then with it."
578,Genesis 11:27-22:19: Cycles Three to Seven with Avraham,50405429023c,same,1.0,The difference is not what you would see with your eyes.,The difference is not what you would see with your eyes.
579,Genesis 11:27-22:19: Cycles Three to Seven with Avraham,53c238d654cd,same,1.0,The difference is God.,The difference is God.
580,Genesis 11:27-22:19: Cycles Three to Seven with Avraham,8ecd045e4022,same,1.0,"Next, Avram journeys throughout the land with Yahweh in Genesis 12:6-9, much like Adam and Eve walked with God in the windy part of the day.","Next, Avram journeys throughout the land with Yahweh in Genesis 12:6-9, much like Adam and Eve walked with God in the windy part of the day."
581,Genesis 11:27-22:19: Cycles Three to Seven with Avraham,567ea0174967,same,1.0,"An informed reader enjoys the bliss of Creation notes, but is again worried about what will happen next.","An informed reader enjoys the bliss of Creation notes, but is again worried about what will happen next."
582,Genesis 11:27-22:19: Cycles Three to Seven with Avraham,fcf9aa8f6fd1,same,1.0,"Yahweh makes a clear, unconditioned declaration in Genesis 12:7: “To your seed I will give this land.”","Yahweh makes a clear, unconditioned declaration in Genesis 12:7: “To your seed I will give this land.”"
583,Genesis 11:27-22:19: Cycles Three to Seven with Avraham,22e166a8ba6f,same,1.0,"Will Avram trust and obey, staying in the land that Yahweh has promised?","Will Avram trust and obey, staying in the land that Yahweh has promised?"
584,Genesis 11:27-22:19: Cycles Three to Seven with Avraham,efe29fbdfaab,same,1.0,You already know.,You already know.
585,Genesis 11:27-22:19: Cycles Three to Seven with Avraham,6a034d18fb03,same,1.0,You have been shaped by the melody without even realizing it.,You have been shaped by the melody without even realizing it.
586,Genesis 11:27-22:19: Cycles Three to Seven with Avraham,f580ad976d08,same,1.0,"The cycle will continue as long as the human heart is unchanged, but God will continue to preserve life through it all.","The cycle will continue as long as the human heart is unchanged, but God will continue to preserve life through it all."
587,Genesis 11:27-22:19: Cycles Three to Seven with Avraham,a98e622ffd17,same,1.0,The One who IS does not change.,The One who IS does not change.
588,Genesis 11:27-22:19: Cycles Three to Seven with Avraham,9bb9c9393e41,same,1.0,"We could continue discussing the melody with the choice in Egypt of seeing, taking, and giving, then a division of relationships with the “brothers,” Avram and his nephew Lot, followed by a collapse of four kings sweeping away five.","We could continue discussing the melody with the choice in Egypt of seeing, taking, and giving, then a division of relationships with the “brothers,” Avram and his nephew Lot, followed by a collapse of four kings sweeping away five."
589,Genesis 11:27-22:19: Cycles Three to Seven with Avraham,d6acd232acc4,same,1.0,"Instead of continuing through the cycle in a linear way from this point, which is already getting pretty lengthy, let’s mention only the collapse moments that mark the seven cycles of Genesis 1-22.","Instead of continuing through the cycle in a linear way from this point, which is already getting pretty lengthy, let’s mention only the collapse moments that mark the seven cycles of Genesis 1-22."
590,Genesis 11:27-22:19: Cycles Three to Seven with Avraham,d6a9f01abf95,same,1.0,Working through each full cycle with your own group is worth your time.,Working through each full cycle with your own group is worth your time.
591,Genesis 11:27-22:19: Cycles Three to Seven with Avraham,23812bbbcfdf,same,1.0,"The story takes a much closer look at one person and we see the complexity of humans as we are pattern breakers one moment, then go right back to being characteristic ten seconds later.","The story takes a much closer look at one person and we see the complexity of humans as we are pattern breakers one moment, then go right back to being characteristic ten seconds later."
592,Genesis 11:27-22:19: Cycles Three to Seven with Avraham,9793982d464c,same,1.0,The creative twists will be surprising and rewarding as you meditate on the melody.,The creative twists will be surprising and rewarding as you meditate on the melody.
593,Genesis 11:27-22:19: Cycles Three to Seven with Avraham,7fa8e10fbc5b,same,1.0,The seven collapse stories of Genesis 1-22 are:,The seven collapse stories of Genesis 1-22 are:
594,Genesis 11:27-22:19: Cycles Three to Seven with Avraham,d0f80ea1704e,same,1.0,Melody Cycle 1 Collapse,Melody Cycle 1 Collapse
595,Genesis 11:27-22:19: Cycles Three to Seven with Avraham,c563045c881b,same,1.0,Genesis 7:17-24,Genesis 7:17-24
596,Genesis 11:27-22:19: Cycles Three to Seven with Avraham,1c8e627d8be3,same,1.0,"The Flood: 7:23 And he wiped away every standing-thing that was upon the face of the land, from humanity to animals to creepers and to birds of the skies, and they were wiped away from the land; and only Noah was left remaining, and those with him in the ark.","The Flood: 7:23 And he wiped away every standing-thing that was upon the face of the land, from humanity to animals to creepers and to birds of the skies, and they were wiped away from the land; and only Noah was left remaining, and those with him in the ark."
597,Genesis 11:27-22:19: Cycles Three to Seven with Avraham,3f5909d6f038,same,1.0,Melody Cycle 2 Collapse,Melody Cycle 2 Collapse
598,Genesis 11:27-22:19: Cycles Three to Seven with Avraham,129b7f0d089c,same,1.0,Genesis 11:8-9,Genesis 11:8-9
599,Genesis 11:27-22:19: Cycles Three to Seven with Avraham,9653dffc68a0,same,1.0,"The Scattering: 11:8-9 And Yahweh scattered them from there upon the face of all the land, and they stopped building the city.","The Scattering: 11:8-9 And Yahweh scattered them from there upon the face of all the land, and they stopped building the city."
600,Genesis 11:27-22:19: Cycles Three to Seven with Avraham,b9412597d76c,same,1.0,"Therefore, its name was called Babylon (Babel), because there Yahweh made-babble of the language of all the land, and from there Yahweh scattered them upon the face of all the land.","Therefore, its name was called Babylon (Babel), because there Yahweh made-babble of the language of all the land, and from there Yahweh scattered them upon the face of all the land."
601,Genesis 11:27-22:19: Cycles Three to Seven with Avraham,975af4af8aef,same,1.0,Melody Cycle 3 Collapse,Melody Cycle 3 Collapse
602,Genesis 11:27-22:19: Cycles Three to Seven with Avraham,72e382070266,same,1.0,Genesis 14:1-12,Genesis 14:1-12
603,Genesis 11:27-22:19: Cycles Three to Seven with Avraham,eaa59e93be72,same,1.0,"Sodom #1: Four kings from Mesopotamia waged war against five kings, which included the people, possessions, and food of Sodom and Gomorrah.","Sodom #1: Four kings from Mesopotamia waged war against five kings, which included the people, possessions, and food of Sodom and Gomorrah."
604,Genesis 11:27-22:19: Cycles Three to Seven with Avraham,bf1d21b98877,same,1.0,Avram’s nephew Lot is taken in the process.,Avram’s nephew Lot is taken in the process.
605,Genesis 11:27-22:19: Cycles Three to Seven with Avraham,8516b4a76cd6,same,1.0,"This is our first collapse of human origin, but the flood language remains the same as they sweep away.","This is our first collapse of human origin, but the flood language remains the same as they sweep away."
606,Genesis 11:27-22:19: Cycles Three to Seven with Avraham,f180b891b92e,same,1.0,"Meanwhile, Avram is symbolically in the ark, but then goes out with 318 men and “God’s help” to restore life.","Meanwhile, Avram is symbolically in the ark, but then goes out with 318 men and “God’s help” to restore life."
607,Genesis 11:27-22:19: Cycles Three to Seven with Avraham,abf4b1e11f73,same,1.0,Melody Cycle 4 Collapse,Melody Cycle 4 Collapse
608,Genesis 11:27-22:19: Cycles Three to Seven with Avraham,74a671f2f3f7,same,1.0,Genesis 16:6,Genesis 16:6
609,Genesis 11:27-22:19: Cycles Three to Seven with Avraham,f060b6aaf7e8,same,1.0,"Hagar #1: This melody ends with a rape victim, pregnant, fleeing in the wilderness with nowhere to go and no human that loves her in the world.","Hagar #1: This melody ends with a rape victim, pregnant, fleeing in the wilderness with nowhere to go and no human that loves her in the world."
610,Genesis 11:27-22:19: Cycles Three to Seven with Avraham,004fcfaac2f4,same,1.0,Only Yahweh sees this Egyptian slave-girl.,Only Yahweh sees this Egyptian slave-girl.
611,Genesis 11:27-22:19: Cycles Three to Seven with Avraham,e6b61842af05,same,1.0,"From Yahweh’s perspective the world has come to an end again, except for this time, it’s in the life of only 1 person.","From Yahweh’s perspective the world has come to an end again, except for this time, it’s in the life of only 1 person."
612,Genesis 11:27-22:19: Cycles Three to Seven with Avraham,2d6d7d1184ff,same,1.0,"In this fourth cycle of the melody the Choice, Division of Relationships, and Collapse happen in only six verses in 16:1-6.","In this fourth cycle of the melody the Choice, Division of Relationships, and Collapse happen in only six verses in 16:1-6."
613,Genesis 11:27-22:19: Cycles Three to Seven with Avraham,e34bfde2b92b,same,1.0,It’s an explosion where these authors can replay the whole story with very few words once you know the notes to listen for.,It’s an explosion where these authors can replay the whole story with very few words once you know the notes to listen for.
614,Genesis 11:27-22:19: Cycles Three to Seven with Avraham,6b55021f2877,same,1.0,A single choice by Sarai and Avram to take their Egyptian slave-girl Hagar causes a violent division of every relationship leading to a very sudden collapse.,A single choice by Sarai and Avram to take their Egyptian slave-girl Hagar causes a violent division of every relationship leading to a very sudden collapse.
615,Genesis 11:27-22:19: Cycles Three to Seven with Avraham,eda0f7eea28d,same,1.0,"God, however, enters our mess, sees Hagar in the wilderness, and restores life in ways that feel interestingly compromised, making the best of a broken situation.","God, however, enters our mess, sees Hagar in the wilderness, and restores life in ways that feel interestingly compromised, making the best of a broken situation."
616,Genesis 11:27-22:19: Cycles Three to Seven with Avraham,07f87db759af,same,1.0,Read this in-depth Hagar article for more insights.,Read this in-depth Hagar article for more insights.
617,Genesis 11:27-22:19: Cycles Three to Seven with Avraham,f8705861c356,same,1.0,Melody Cycle 5 Collapse,Melody Cycle 5 Collapse
618,Genesis 11:27-22:19: Cycles Three to Seven with Avraham,baecf1bd1b21,same,1.0,Genesis 19:15-29,Genesis 19:15-29
619,Genesis 11:27-22:19: Cycles Three to Seven with Avraham,a47ea79dcac8,same,1.0,"Sodom #2: 19:24 and Yahweh caused it to rain over Sodom and over Gomorrah, sulphur and fire from Yahweh from the skies.","Sodom #2: 19:24 and Yahweh caused it to rain over Sodom and over Gomorrah, sulphur and fire from Yahweh from the skies."
620,Genesis 11:27-22:19: Cycles Three to Seven with Avraham,287ed4f2f7bf,same,1.0,The notes of this culminating collapse can’t be missed as it uses a flood of words to connect the melodies.,The notes of this culminating collapse can’t be missed as it uses a flood of words to connect the melodies.
621,Genesis 11:27-22:19: Cycles Three to Seven with Avraham,d2fb599c5df0,same,1.0,"Noteworthy in this story is that Lot and his family are saved due to Yahweh’s mercy, 19:16, and the phrase “Yahweh remembered (zakar) Avraham"" is used in 19:29, when Avraham wasn’t even there.","Noteworthy in this story is that Lot and his family are saved due to Yahweh’s mercy, 19:16, and the phrase “Yahweh remembered (zakar) Avraham"" is used in 19:29, when Avraham wasn’t even there."
622,Genesis 11:27-22:19: Cycles Three to Seven with Avraham,9407cb3c2c8b,same,1.0,These authors don’t use words for no reason.,These authors don’t use words for no reason.
623,Genesis 11:27-22:19: Cycles Three to Seven with Avraham,a47a4554b7e3,same,1.0,Melody Cycle 6 Collapse,Melody Cycle 6 Collapse
624,Genesis 11:27-22:19: Cycles Three to Seven with Avraham,6019115b1df1,same,1.0,Genesis 21:14-16,Genesis 21:14-16
625,Genesis 11:27-22:19: Cycles Three to Seven with Avraham,f89ccebe6cf0,same,1.0,"Hagar #2: The sixth melody cycle again ends in a collapse, but when you look at the details with your group, hopefully you notice something odd, a new twist in the melody.","Hagar #2: The sixth melody cycle again ends in a collapse, but when you look at the details with your group, hopefully you notice something odd, a new twist in the melody."
626,Genesis 11:27-22:19: Cycles Three to Seven with Avraham,14706f626957,same,1.0,"Abraham and Sarah are blessed with Isaac, a divine command is given to listen to the voice of your wife, and the divine command is followed perfectly.","Abraham and Sarah are blessed with Isaac, a divine command is given to listen to the voice of your wife, and the divine command is followed perfectly."
627,Genesis 11:27-22:19: Cycles Three to Seven with Avraham,897f59f445c3,same,1.0,We see abiding obedience showing love for God as John would put it.,We see abiding obedience showing love for God as John would put it.
628,Genesis 11:27-22:19: Cycles Three to Seven with Avraham,cf04dfe1f9a9,same,1.0,Great!,Great!
629,Genesis 11:27-22:19: Cycles Three to Seven with Avraham,8a8de09c2e5d,same,1.0,Doesn't Proverbs tell us that now all things will work out well?,Doesn't Proverbs tell us that now all things will work out well?
630,Genesis 11:27-22:19: Cycles Three to Seven with Avraham,c5347e2e42d4,same,1.0,There is so much here to unpack and you absolutely must compare both times Abraham listens to the voice of his wife.,There is so much here to unpack and you absolutely must compare both times Abraham listens to the voice of his wife.
631,Genesis 11:27-22:19: Cycles Three to Seven with Avraham,313acbb4aafb,same,1.0,There is subtlety and complexity to this message.,There is subtlety and complexity to this message.
632,Genesis 11:27-22:19: Cycles Three to Seven with Avraham,aad07bb7b51f,same,1.0,I’ll just say that the result of passing the test with Hagar is a collapse.,I’ll just say that the result of passing the test with Hagar is a collapse.
633,Genesis 11:27-22:19: Cycles Three to Seven with Avraham,17850af87072,same,1.0,Wait what?,Wait what?
634,Genesis 11:27-22:19: Cycles Three to Seven with Avraham,dacdb6f091d3,same,1.0,"In this world, obedience can result in suffering and yield a collapse.","In this world, obedience can result in suffering and yield a collapse."
635,Genesis 11:27-22:19: Cycles Three to Seven with Avraham,630c4b2a4597,same,1.0,Store that idea away.,Store that idea away.
636,Genesis 11:27-22:19: Cycles Three to Seven with Avraham,f38708ce0bf9,same,1.0,This is a Job moment not a Proverbs moment.,This is a Job moment not a Proverbs moment.
637,Genesis 11:27-22:19: Cycles Three to Seven with Avraham,b07d909060bd,same,1.0,"Hagar is sent into the wilderness with Ishmael, her, most likely, 17 year old boy lad, the Hebrew word na’ar.","Hagar is sent into the wilderness with Ishmael, her, most likely, 17 year old boy lad, the Hebrew word na’ar."
638,Genesis 11:27-22:19: Cycles Three to Seven with Avraham,c0791f5eefb4,same,1.0,"She is a slave-girl no longer and has her son with her, but the water runs dry and death seems inevitable.","She is a slave-girl no longer and has her son with her, but the water runs dry and death seems inevitable."
639,Genesis 11:27-22:19: Cycles Three to Seven with Avraham,714497b9fc9b,same,1.0,"Does this remind you of Genesis 2:5, a lifeless desert with no water?","Does this remind you of Genesis 2:5, a lifeless desert with no water?"
640,Genesis 11:27-22:19: Cycles Three to Seven with Avraham,7040638e9714,same,1.0,"But Elohim listens to the voice of the na’ar (a fun wordplay on the meaning of Ishmael’s name), converting Collapse into Creation once more.","But Elohim listens to the voice of the na’ar (a fun wordplay on the meaning of Ishmael’s name), converting Collapse into Creation once more."
641,Genesis 11:27-22:19: Cycles Three to Seven with Avraham,7479edc6815c,same,1.0,The turning point is a messenger of Elohim calling to Hagar from the skies.,The turning point is a messenger of Elohim calling to Hagar from the skies.
642,Genesis 11:27-22:19: Cycles Three to Seven with Avraham,752111e0234a,same,1.0,"Hagar is told not to be afraid, but to ‘get up’ and take the lad with her hand.","Hagar is told not to be afraid, but to ‘get up’ and take the lad with her hand."
643,Genesis 11:27-22:19: Cycles Three to Seven with Avraham,1925a775c697,same,1.0,Elohim will make him into a great nation.,Elohim will make him into a great nation.
644,Genesis 11:27-22:19: Cycles Three to Seven with Avraham,e10642f3fd23,same,1.0,Sound familiar?,Sound familiar?
645,Genesis 11:27-22:19: Cycles Three to Seven with Avraham,d511d740e4e1,same,1.0,The same promise was given to Avram.,The same promise was given to Avram.
646,Genesis 11:27-22:19: Cycles Three to Seven with Avraham,2a072926065c,same,1.0,"Elohim opened her eyes and she saw a well of water at Beer Sheva, the Well of Seven.","Elohim opened her eyes and she saw a well of water at Beer Sheva, the Well of Seven."
647,Genesis 11:27-22:19: Cycles Three to Seven with Avraham,828e392ac895,same,1.0,She fills the water skin and she gives life to the lad as well.,She fills the water skin and she gives life to the lad as well.
648,Genesis 11:27-22:19: Cycles Three to Seven with Avraham,4befc2e5918e,same,1.0,"Not a single word is unimportant as Hagar, the non-chosen, becomes an unexpected partner in creation, life, and blessing.","Not a single word is unimportant as Hagar, the non-chosen, becomes an unexpected partner in creation, life, and blessing."
649,Genesis 11:27-22:19: Cycles Three to Seven with Avraham,41ba1db399e8,same,1.0,Melody Cycle 7 Collapse,Melody Cycle 7 Collapse
650,Genesis 11:27-22:19: Cycles Three to Seven with Avraham,95f0229667d3,same,1.0,Genesis 22:1-10,Genesis 22:1-10
651,Genesis 11:27-22:19: Cycles Three to Seven with Avraham,d0adf404f011,same,1.0,"The Binding of Isaac: The seventh collapse is told one syllable at a time as Avraham sends out his hand and takes the eater, the knife, to slay his son.","The Binding of Isaac: The seventh collapse is told one syllable at a time as Avraham sends out his hand and takes the eater, the knife, to slay his son."
652,Genesis 11:27-22:19: Cycles Three to Seven with Avraham,11d46b4fd5a0,same,1.0,"This collapse is brought about by God’s command, the calling of Abraham again with the words “Get yourself going…” (lekh lekha) precisely mirroring the initial calling of Avram, and Abraham’s perfect obedience.","This collapse is brought about by God’s command, the calling of Abraham again with the words “Get yourself going…” (lekh lekha) precisely mirroring the initial calling of Avram, and Abraham’s perfect obedience."
653,Genesis 11:27-22:19: Cycles Three to Seven with Avraham,48dd65a8f9e1,same,1.0,Hyperlinking all the way back to the start of his journey hints that everything in between has been leading up to this moment and Abraham is no longer just 75% ready to listen.,Hyperlinking all the way back to the start of his journey hints that everything in between has been leading up to this moment and Abraham is no longer just 75% ready to listen.
654,Genesis 11:27-22:19: Cycles Three to Seven with Avraham,20072bca4da9,same,1.0,"Avraham's struggle to trust God is put to the ultimate test and Abraham is all in, but God’s song is again at the precipice of non-life as the promised seed is bound on the altar.","Avraham's struggle to trust God is put to the ultimate test and Abraham is all in, but God’s song is again at the precipice of non-life as the promised seed is bound on the altar."
655,Genesis 11:27-22:19: Cycles Three to Seven with Avraham,9606c324164f,same,1.0,"When we open the pages to this collapse, we find quite a bit more than just a flood.","When we open the pages to this collapse, we find quite a bit more than just a flood."
656,Genesis 11:27-22:19: Cycles Three to Seven with Avraham,11bd6dc948d6,same,1.0,The seventh collapse necessitates a more in-depth discussion to make sure we all see a bit more of what the authors are communicating.,The seventh collapse necessitates a more in-depth discussion to make sure we all see a bit more of what the authors are communicating.
657,The Melody Points to Jesus,e7ad3064cd66,same,1.0,The Melody Points to Jesus,The Melody Points to Jesus
658,The Melody Points to Jesus,45de54f6c9e1,same,1.0,"Without really planning it, we’ll carefully study the seventh melody and something will happen where the story naturally turns to Jesus.","Without really planning it, we’ll carefully study the seventh melody and something will happen where the story naturally turns to Jesus."
659,The Melody Points to Jesus,14db9f46186b,same,1.0,Let’s ride the wave together.,Let’s ride the wave together.
660,The Seventh Collapse: Avraham’s Test,1f5c03f26b5a,same,1.0,The Seventh Collapse: Avraham’s Test,The Seventh Collapse: Avraham’s Test
661,The Seventh Collapse: Avraham’s Test,47c662d36b7f,same,1.0,"As you might have suspected, the seventh collapse of the melody and the creation moment after are rather significant.","As you might have suspected, the seventh collapse of the melody and the creation moment after are rather significant."
662,The Seventh Collapse: Avraham’s Test,54918b2482c6,same,1.0,"Without even knowing the rest of the story, a careful reader of the Hebrew Bible would know that when this melody repeats, it will reveal God in a major way.","Without even knowing the rest of the story, a careful reader of the Hebrew Bible would know that when this melody repeats, it will reveal God in a major way."
663,The Seventh Collapse: Avraham’s Test,ed2ee0f8b0ff,same,1.0,"Indeed, the concept of the Melody and the Test are both HUGE topics on their own, but they are so interwoven that we have no choice but to jump into Genesis 22:1-19 with both feet!","Indeed, the concept of the Melody and the Test are both HUGE topics on their own, but they are so interwoven that we have no choice but to jump into Genesis 22:1-19 with both feet!"
664,The Seventh Collapse: Avraham’s Test,9b3d1b02b31b,same,1.0,"Take a moment to read those 19 verses again, then we’ll discuss.","Take a moment to read those 19 verses again, then we’ll discuss."
665,The Seventh Collapse: Avraham’s Test,a351a6dd8ffb,same,1.0,In the text below the name Isaac is written as Yitskhaq to help us more faithfully pronounce the original Hebrew name.,In the text below the name Isaac is written as Yitskhaq to help us more faithfully pronounce the original Hebrew name.
666,The Seventh Collapse: Avraham’s Test,2f9dd0d05e4b,same,1.0,"22:1 And it came about after these things,","22:1 And it came about after these things,"
667,The Seventh Collapse: Avraham’s Test,a93a1e43845e,same,1.0,"that Elohim tested Avraham,","that Elohim tested Avraham,"
668,The Seventh Collapse: Avraham’s Test,d9dfa5331e23,same,1.0,"and he said to him,","and he said to him,"
669,The Seventh Collapse: Avraham’s Test,c8d594500e49,same,1.0,“Avraham.”,“Avraham.”
670,The Seventh Collapse: Avraham’s Test,1d9d85923eea,same,1.0,"And he said,","And he said,"
671,The Seventh Collapse: Avraham’s Test,4e21ce953dfd,same,1.0,"“Look, it’s me!”","“Look, it’s me!”"
672,The Seventh Collapse: Avraham’s Test,0ad1ac4a1a6d,same,1.0,"2 And he said,","2 And he said,"
673,The Seventh Collapse: Avraham’s Test,80a7d5c69e63,same,1.0,"“Please take your son,","“Please take your son,"
674,The Seventh Collapse: Avraham’s Test,8fa9dd1401fc,same,1.0,"your only one,","your only one,"
675,The Seventh Collapse: Avraham’s Test,23306f84f3b8,same,1.0,"whom you love,","whom you love,"
676,The Seventh Collapse: Avraham’s Test,8c61a5fb414f,same,1.0,"Yitskhaq,","Yitskhaq,"
677,The Seventh Collapse: Avraham’s Test,7b31bceceb84,same,1.0,"and get yourself going to the land of Moriah [“Seeing” = (מריה)],","and get yourself going to the land of Moriah [“Seeing” = (מריה)],"
678,The Seventh Collapse: Avraham’s Test,b5b4a71d582a,same,1.0,"and make him go up there as a going-up offering,","and make him go up there as a going-up offering,"
679,The Seventh Collapse: Avraham’s Test,9223f871c9fe,same,1.0,on one of the mountains which I will say to you.”,on one of the mountains which I will say to you.”
680,The Seventh Collapse: Avraham’s Test,2c53ab049523,same,1.0,"3 And Avraham rose early in the morning,","3 And Avraham rose early in the morning,"
681,The Seventh Collapse: Avraham’s Test,3c5c5e86e68f,same,1.0,"and he bound up his donkey,","and he bound up his donkey,"
682,The Seventh Collapse: Avraham’s Test,9bb2f42a1add,same,1.0,and he took,and he took
683,The Seventh Collapse: Avraham’s Test,8efa3650cf4c,same,1.0,two of his young men with him,two of his young men with him
684,The Seventh Collapse: Avraham’s Test,022f59f8e9eb,same,1.0,"and Yitskhaq his son,","and Yitskhaq his son,"
685,The Seventh Collapse: Avraham’s Test,5503030f5ddd,same,1.0,"and he split the wood of the going-up offering,","and he split the wood of the going-up offering,"
686,The Seventh Collapse: Avraham’s Test,cdc704316761,same,1.0,and he arose and he went to the place which Elohim said to him.,and he arose and he went to the place which Elohim said to him.
687,The Seventh Collapse: Avraham’s Test,4009ebcbebf1,same,1.0,"4 On the third day,","4 On the third day,"
688,The Seventh Collapse: Avraham’s Test,162f27bc31a7,same,1.0,"then Avraham lifted his eyes,","then Avraham lifted his eyes,"
689,The Seventh Collapse: Avraham’s Test,2ce9c1ca5162,same,1.0,and he saw (ראה) the place from a distance.,and he saw (ראה) the place from a distance.
690,The Seventh Collapse: Avraham’s Test,f0f394705522,same,1.0,"5 And Avraham said to his young men,","5 And Avraham said to his young men,"
691,The Seventh Collapse: Avraham’s Test,30bf5251711f,same,1.0,"“Sit yourselves here with the donkey,","“Sit yourselves here with the donkey,"
692,The Seventh Collapse: Avraham’s Test,bd5157514e5f,same,1.0,"and I and the young boy,","and I and the young boy,"
693,The Seventh Collapse: Avraham’s Test,e8cadbd0dff1,same,1.0,"we will go to there,","we will go to there,"
694,The Seventh Collapse: Avraham’s Test,e189dcd55605,same,1.0,"and we will worship,","and we will worship,"
695,The Seventh Collapse: Avraham’s Test,5fad8fc21b60,same,1.0,and we will return to you.”,and we will return to you.”
696,The Seventh Collapse: Avraham’s Test,aefe4e0239ce,same,1.0,"6 And Avraham took the wood of the going-up offering,","6 And Avraham took the wood of the going-up offering,"
697,The Seventh Collapse: Avraham’s Test,2bdcb83b8d2b,same,1.0,"and he placed upon Yitskhaq his son,","and he placed upon Yitskhaq his son,"
698,The Seventh Collapse: Avraham’s Test,6226ca6e2c90,same,1.0,"and he took in his hand the fire and the eater [= knife],","and he took in his hand the fire and the eater [= knife],"
699,The Seventh Collapse: Avraham’s Test,dcdb2e511d8a,same,1.0,"and the two of them went, together as one.","and the two of them went, together as one."
700,The Seventh Collapse: Avraham’s Test,2d749b77becb,same,1.0,"7 And Yitskhaq said to Avraham his father,","7 And Yitskhaq said to Avraham his father,"
701,The Seventh Collapse: Avraham’s Test,8c3a613dbb2c,same,1.0,"and he said,","and he said,"
702,The Seventh Collapse: Avraham’s Test,554d9b31808c,same,1.0,“My father.”,“My father.”
703,The Seventh Collapse: Avraham’s Test,d49c5908835f,same,1.0,"And he said,","And he said,"
704,The Seventh Collapse: Avraham’s Test,990ec4114d75,same,1.0,"“Look, it’s me, my son.”","“Look, it’s me, my son.”"
705,The Seventh Collapse: Avraham’s Test,948c062a4a0b,same,1.0,"And he said,","And he said,"
706,The Seventh Collapse: Avraham’s Test,38239cbd88bd,same,1.0,"“Look, the fire and the wood,","“Look, the fire and the wood,"
707,The Seventh Collapse: Avraham’s Test,bc0a1d16892d,same,1.0,but where is the sheep for the going-up offering?”,but where is the sheep for the going-up offering?”
708,The Seventh Collapse: Avraham’s Test,6f08faa801d2,same,1.0,"8 And Avraham said,","8 And Avraham said,"
709,The Seventh Collapse: Avraham’s Test,ba5748c7d425,same,1.0,"“Elohim will see to it (יראה), the sheep for the going-up offering, my son.”","“Elohim will see to it (יראה), the sheep for the going-up offering, my son.”"
710,The Seventh Collapse: Avraham’s Test,164bc17a1921,same,1.0,"And the two of them went, together as one.","And the two of them went, together as one."
711,The Seventh Collapse: Avraham’s Test,99bd8d65b222,same,1.0,(Take a pause… selah. Perfect Father Son alignment),(Take a pause… selah. Perfect Father Son alignment)
712,The Seventh Collapse: Avraham’s Test,fa13fc643189,same,1.0,"9 And they went to the place which Elohim said to him,","9 And they went to the place which Elohim said to him,"
713,The Seventh Collapse: Avraham’s Test,c56bcfffe27f,same,1.0,"and Avraham built there an altar,","and Avraham built there an altar,"
714,The Seventh Collapse: Avraham’s Test,7b6e77d402cf,same,1.0,"and he arranged the wood,","and he arranged the wood,"
715,The Seventh Collapse: Avraham’s Test,aad1bf5c97b8,same,1.0,"and he bound up Yitskhaq his son,","and he bound up Yitskhaq his son,"
716,The Seventh Collapse: Avraham’s Test,06efc7f75f26,same,1.0,"and he placed him upon the altar atop the wood,","and he placed him upon the altar atop the wood,"
717,The Seventh Collapse: Avraham’s Test,dfe4527d6361,same,1.0,"10 and Avraham sent out his hand,","10 and Avraham sent out his hand,"
718,The Seventh Collapse: Avraham’s Test,228f3ae09de8,same,1.0,"and he took the eater [= knife] to slay his son,","and he took the eater [= knife] to slay his son,"
719,The Seventh Collapse: Avraham’s Test,33cfdc320666,same,1.0,[Collapse],[Collapse]
720,The Seventh Collapse: Avraham’s Test,7fc4dee735d8,same,1.0,[Creation],[Creation]
721,The Seventh Collapse: Avraham’s Test,41092e0640a7,same,1.0,"11 and the messenger of Yahweh called to him from the skies,","11 and the messenger of Yahweh called to him from the skies,"
722,The Seventh Collapse: Avraham’s Test,db1b10f5d41d,same,1.0,"and he said,","and he said,"
723,The Seventh Collapse: Avraham’s Test,51e76c56941b,same,1.0,“Avraham! Avraham!”,“Avraham! Avraham!”
724,The Seventh Collapse: Avraham’s Test,52f80b8d3ce2,same,1.0,"and he said,","and he said,"
725,The Seventh Collapse: Avraham’s Test,dd142226ca0c,same,1.0,"“Look, it’s me!","“Look, it’s me!"
726,The Seventh Collapse: Avraham’s Test,82cf51d45b61,same,1.0,"12 And he said,","12 And he said,"
727,The Seventh Collapse: Avraham’s Test,65a7af739c19,same,1.0,“Don’t send out your hand toward the young one!,“Don’t send out your hand toward the young one!
728,The Seventh Collapse: Avraham’s Test,f6992a37d6d0,same,1.0,"And don’t do anything to him,","And don’t do anything to him,"
729,The Seventh Collapse: Avraham’s Test,8cd9cf1f2c01,same,1.0,"because now I know that you are one who fears Elohim,","because now I know that you are one who fears Elohim,"
730,The Seventh Collapse: Avraham’s Test,b3425d9e1b99,same,1.0,"and you didn’t withhold your son, your only one, from me.”","and you didn’t withhold your son, your only one, from me.”"
731,The Seventh Collapse: Avraham’s Test,351a203db60a,same,1.0,"13 And Avraham lifted his eyes,","13 And Avraham lifted his eyes,"
732,The Seventh Collapse: Avraham’s Test,942d8922cba6,same,1.0,"and he saw (ראה), and look, a ram afar, caught in a bramble by its horns,","and he saw (ראה), and look, a ram afar, caught in a bramble by its horns,"
733,The Seventh Collapse: Avraham’s Test,571f74bdb8be,same,1.0,"and Avraham went and he took the ram,","and Avraham went and he took the ram,"
734,The Seventh Collapse: Avraham’s Test,9897b93977ab,same,1.0,"and he made it go up as a going-up offering in the place of his son,","and he made it go up as a going-up offering in the place of his son,"
735,The Seventh Collapse: Avraham’s Test,e572d9a4c448,same,1.0,"14 and Avraham called the name of that place,","14 and Avraham called the name of that place,"
736,The Seventh Collapse: Avraham’s Test,7ac2cf32677b,same,1.0,“Yahweh will see to it (יראה).“,“Yahweh will see to it (יראה).“
737,The Seventh Collapse: Avraham’s Test,66b40609227f,same,1.0,"Which is why, today, it is said,","Which is why, today, it is said,"
738,The Seventh Collapse: Avraham’s Test,de8fc2d10dbf,same,1.0,"“On the mountain of Yahweh, it will be seen to (יראה).”","“On the mountain of Yahweh, it will be seen to (יראה).”"
739,The Seventh Collapse: Avraham’s Test,9dd25c0ecd62,same,1.0,"15 And the messenger of Yahweh called to Avraham a second time from the skies,","15 And the messenger of Yahweh called to Avraham a second time from the skies,"
740,The Seventh Collapse: Avraham’s Test,70558ce05b2b,same,1.0,"16 and he said,","16 and he said,"
741,The Seventh Collapse: Avraham’s Test,96eef45a3005,same,1.0,"“I swear an oath (שבע) by myself, utterance of Yahweh,","“I swear an oath (שבע) by myself, utterance of Yahweh,"
742,The Seventh Collapse: Avraham’s Test,7d54d8d41d0b,same,1.0,"on account of the fact that you did this thing,","on account of the fact that you did this thing,"
743,The Seventh Collapse: Avraham’s Test,eeccbdcbe727,same,1.0,"and you did not withhold your son, your only one,","and you did not withhold your son, your only one,"
744,The Seventh Collapse: Avraham’s Test,6d1ca75ce0e4,same,1.0,"17 that I will certainly bless you,","17 that I will certainly bless you,"
745,The Seventh Collapse: Avraham’s Test,f85822c204fb,same,1.0,"and I will certainly multiply your seed,","and I will certainly multiply your seed,"
746,The Seventh Collapse: Avraham’s Test,9cd9ab612ba9,same,1.0,"like the stars of the skies,","like the stars of the skies,"
747,The Seventh Collapse: Avraham’s Test,3c5b151c4704,same,1.0,"and like the sand upon the edge of the sea,","and like the sand upon the edge of the sea,"
748,The Seventh Collapse: Avraham’s Test,70a18ac8e31b,same,1.0,"and your seed will inherit the gate of their enemies,","and your seed will inherit the gate of their enemies,"
749,The Seventh Collapse: Avraham’s Test,35723dd6c10f,same,1.0,"18 and all the nations of the land will find blessing in your seed,","18 and all the nations of the land will find blessing in your seed,"
750,The Seventh Collapse: Avraham’s Test,40f1dfa30fe6,same,1.0,on the heel of the fact that you listened to my voice.”,on the heel of the fact that you listened to my voice.”
751,The Seventh Collapse: Avraham’s Test,ab6c55c2ec4f,same,1.0,"19 And Avraham returned to his young men,","19 And Avraham returned to his young men,"
752,The Seventh Collapse: Avraham’s Test,6047987d548c,same,1.0,and they arose and they went together as one to Beer-Sheva (=Well of Seven (שבע)),and they arose and they went together as one to Beer-Sheva (=Well of Seven (שבע))
753,The Seventh Collapse: Avraham’s Test,3f231dad6d8b,same,1.0,and Avraham dwelt in Beer-Sheva.,and Avraham dwelt in Beer-Sheva.
754,The Seventh Collapse: Avraham’s Test,12aa18992552,same,1.0,The collapse opens with a clear title in 22:1 stating that Avraham is tested.,The collapse opens with a clear title in 22:1 stating that Avraham is tested.
755,The Seventh Collapse: Avraham’s Test,32ea9922ac20,same,1.0,"When you think “test,” try to imagine an experience that reveals the truth, not a stressful exam with right and wrong answers.","When you think “test,” try to imagine an experience that reveals the truth, not a stressful exam with right and wrong answers."
756,The Seventh Collapse: Avraham’s Test,08285a9079bc,same,1.0,It reveals what is already present through action.,It reveals what is already present through action.
757,The Seventh Collapse: Avraham’s Test,b06e4f673211,same,1.0,"For example, Noah was called righteous in 6:9 by the narrator, but he still had to actually build the Ark in 6:22 and Yahweh sees the truth in 7:1.","For example, Noah was called righteous in 6:9 by the narrator, but he still had to actually build the Ark in 6:22 and Yahweh sees the truth in 7:1."
758,The Seventh Collapse: Avraham’s Test,a2822e264a3d,same,1.0,"Likewise, Avraham was called righteous in 15:6, but he would still have to go through his test in Genesis 22.","Likewise, Avraham was called righteous in 15:6, but he would still have to go through his test in Genesis 22."
759,The Seventh Collapse: Avraham’s Test,8e295ac4ea00,same,1.0,"God is giving him a quest to reveal truth, not tempting him to do evil.","God is giving him a quest to reveal truth, not tempting him to do evil."
760,The Seventh Collapse: Avraham’s Test,85e4f192dae1,same,1.0,There is a difference.,There is a difference.
761,The Seventh Collapse: Avraham’s Test,f9faa95ba369,same,1.0,God is asking him to trust in His wisdom beyond anything he can see with his eyes.,God is asking him to trust in His wisdom beyond anything he can see with his eyes.
762,The Seventh Collapse: Avraham’s Test,f9a3269dfe78,same,1.0,"It is clearly not a test God would give you or me, but the test fits the man if you reflect on Avraham’s whole story.","It is clearly not a test God would give you or me, but the test fits the man if you reflect on Avraham’s whole story."
763,The Seventh Collapse: Avraham’s Test,28d20e0f284e,same,1.0,Jesus illustrated that tests are specific to the person when he spoke to the rich young ruler.,Jesus illustrated that tests are specific to the person when he spoke to the rich young ruler.
764,The Seventh Collapse: Avraham’s Test,3240240d7101,same,1.0,"That man’s test was based on the thing that separated him from God, his wealth.","That man’s test was based on the thing that separated him from God, his wealth."
765,The Seventh Collapse: Avraham’s Test,f5ee75748edb,same,1.0,"He needed to trust God and give away all he had to the poor, then follow Jesus.","He needed to trust God and give away all he had to the poor, then follow Jesus."
766,The Seventh Collapse: Avraham’s Test,7e03a43b58ad,same,1.0,"In his case, it only revealed his inability to take a radical step of trust, and he went away downcast.","In his case, it only revealed his inability to take a radical step of trust, and he went away downcast."
767,The Seventh Collapse: Avraham’s Test,6d64515038e5,same,1.0,"When God chose “Father Abraham” to initiate His restoration plan, he knew exactly what test would reveal him and he knew that Avraham would trust his voice.","When God chose “Father Abraham” to initiate His restoration plan, he knew exactly what test would reveal him and he knew that Avraham would trust his voice."
768,The Seventh Collapse: Avraham’s Test,e291635767e1,same,1.0,"In the same way, The Father knew what test would reveal The Son and he trusted the Son to complete it.","In the same way, The Father knew what test would reveal The Son and he trusted the Son to complete it."
769,The Seventh Collapse: Avraham’s Test,f01b7f1fb9c8,same,1.0,That test reveals God to us.,That test reveals God to us.
770,The Seventh Collapse: Avraham’s Test,664e7a9d2a6f,same,1.0,Consider Psalm 22:31 and John 3:16.,Consider Psalm 22:31 and John 3:16.
771,The Seventh Collapse: Avraham’s Test,7b885a38d47c,same,1.0,The hyperlinks from Genesis 22 to Jesus are impossible to miss.,The hyperlinks from Genesis 22 to Jesus are impossible to miss.
772,The Seventh Collapse: Avraham’s Test,5683e16791c5,same,1.0,It is a test for both the father and the son.,It is a test for both the father and the son.
773,The Seventh Collapse: Avraham’s Test,8584f5ec4606,same,1.0,"However, they traveled together perfectly aligned, both before and after all the details are known.","However, they traveled together perfectly aligned, both before and after all the details are known."
774,The Seventh Collapse: Avraham’s Test,6fde90316c64,same,1.0,"The phrase “and the two of them went, together-as-one” (yachad in Hebrew) is repeated three times.","The phrase “and the two of them went, together-as-one” (yachad in Hebrew) is repeated three times."
775,The Seventh Collapse: Avraham’s Test,5acad27f2729,same,1.0,Isaac put the wood on his back and walked with his father at the same physical place where Jesus will later be lifted up on the cross.,Isaac put the wood on his back and walked with his father at the same physical place where Jesus will later be lifted up on the cross.
776,The Seventh Collapse: Avraham’s Test,e6d7bee12693,same,1.0,Keep in mind that all of this was written hundreds of years before Jesus ever walked the earth.,Keep in mind that all of this was written hundreds of years before Jesus ever walked the earth.
777,The Seventh Collapse: Avraham’s Test,89db153eacea,same,1.0,That’s worth a long walk and a cup of tea.,That’s worth a long walk and a cup of tea.
778,The Seventh Collapse: Avraham’s Test,5776f45c778b,same,1.0,"Finally, Avraham’s collapse and Jesus' collapse end the same way, the son is returned to life.","Finally, Avraham’s collapse and Jesus' collapse end the same way, the son is returned to life."
779,The Seventh Collapse: Avraham’s Test,c6988e274f05,same,1.0,Avraham is revealed.,Avraham is revealed.
780,The Seventh Collapse: Avraham’s Test,8cd1b961d5a2,same,1.0,Elohim sees.,Elohim sees.
781,The Seventh Collapse: Avraham’s Test,9ecf800d1b7a,same,1.0,And a going-up offering of a ram substitutes for Avraham’s offspring.,And a going-up offering of a ram substitutes for Avraham’s offspring.
782,The Seventh Collapse: Avraham’s Test,0ce3ab1a26fd,same,1.0,"As always, God makes sure that creation, life, and blessing have the final say over a collapse.","As always, God makes sure that creation, life, and blessing have the final say over a collapse."
783,The Seventh Collapse: Avraham’s Test,113f61ec5c8c,same,1.0,"Before we leave this story, let’s consider what it might have meant to Jesus.","Before we leave this story, let’s consider what it might have meant to Jesus."
784,The Seventh Collapse: Avraham’s Test,985d1851e875,same,1.0,What thoughts raced through Jesus’ head as he mentally recounted this story in the Garden of Gethsemane?,What thoughts raced through Jesus’ head as he mentally recounted this story in the Garden of Gethsemane?
785,The Seventh Collapse: Avraham’s Test,1637a0fd1baf,same,1.0,And when did He fully grasp the details?,And when did He fully grasp the details?
786,The Seventh Collapse: Avraham’s Test,a1ba878bac70,same,1.0,John the Baptist publicly named Jesus as the “Lamb of God” in John 1:29.,John the Baptist publicly named Jesus as the “Lamb of God” in John 1:29.
787,The Seventh Collapse: Avraham’s Test,42d3fb4c3a77,same,1.0,I think Jesus knew fully what that meant.,I think Jesus knew fully what that meant.
788,The Seventh Collapse: Avraham’s Test,5adbd44800ba,same,1.0,"Yahweh’s character has been known since Exodus 34:6-7, but Jesus would still have to go through the test.","Yahweh’s character has been known since Exodus 34:6-7, but Jesus would still have to go through the test."
789,The Seventh Collapse: Avraham’s Test,a8b650aa357c,same,1.0,"This plan, made before time began, is how God would reveal who He is to us.","This plan, made before time began, is how God would reveal who He is to us."
790,The Seventh Collapse: Avraham’s Test,4a2b6d2adbf7,same,1.0,God loves you.,God loves you.
791,The Seventh Collapse: Avraham’s Test,39672968e5d5,same,1.0,"He has said it in His Word, and He has shown it in His actions.","He has said it in His Word, and He has shown it in His actions."
792,The Seventh Collapse: Avraham’s Test,b8070d3082e3,same,1.0,He has passed the test to show that nothing will separate Him from joining us even when he knows it’s coming.,He has passed the test to show that nothing will separate Him from joining us even when he knows it’s coming.
793,The Seventh Collapse: Avraham’s Test,5bb883dde8ab,same,1.0,Then the outpouring of blessings given by God’s oath “on the heel” of the test is worth reading a few times.,Then the outpouring of blessings given by God’s oath “on the heel” of the test is worth reading a few times.
794,The Seventh Collapse: Avraham’s Test,7e6f9f41e725,same,1.0,"Genesis 22:16-18, Yahweh’s Oath (שבע sheva) at the conclusion of melody seven (שבע sheva):","Genesis 22:16-18, Yahweh’s Oath (שבע sheva) at the conclusion of melody seven (שבע sheva):"
795,The Seventh Collapse: Avraham’s Test,fabbc11bf139,same,1.0,"22:16 “I swear an oath (שבע sheva) by myself, utterance of Yahweh,","22:16 “I swear an oath (שבע sheva) by myself, utterance of Yahweh,"
796,The Seventh Collapse: Avraham’s Test,8b9f94426955,same,1.0,"on account of the fact that you did this thing,","on account of the fact that you did this thing,"
797,The Seventh Collapse: Avraham’s Test,202962dc4a29,same,1.0,"and you did not withhold your son, your only one,","and you did not withhold your son, your only one,"
798,The Seventh Collapse: Avraham’s Test,d7df4ba45bf0,same,1.0,"17 that I will certainly bless you,","17 that I will certainly bless you,"
799,The Seventh Collapse: Avraham’s Test,aa8d4527a898,same,1.0,"and I will certainly multiply your seed,","and I will certainly multiply your seed,"
800,The Seventh Collapse: Avraham’s Test,4a9dcb6fa383,same,1.0,"like the stars of the skies,","like the stars of the skies,"
801,The Seventh Collapse: Avraham’s Test,563cebb8cdf6,same,1.0,"and like the sand upon the edge of the sea,","and like the sand upon the edge of the sea,"
802,The Seventh Collapse: Avraham’s Test,9df43c4b5c2c,same,1.0,"and your seed will inherit the gate of their enemies,","and your seed will inherit the gate of their enemies,"
803,The Seventh Collapse: Avraham’s Test,72eee146b130,same,1.0,"18 and all the nations of the land will find blessing in your seed,","18 and all the nations of the land will find blessing in your seed,"
804,The Seventh Collapse: Avraham’s Test,76a7e0e70bbf,same,1.0,on the heel of the fact that you listened to my voice.”,on the heel of the fact that you listened to my voice.”
805,The Seventh Collapse: Avraham’s Test,81d48dd1ef12,same,1.0,"Let’s read it again, “all nations will find blessing in your seed.”","Let’s read it again, “all nations will find blessing in your seed.”"
806,The Seventh Collapse: Avraham’s Test,423bb3fcba4f,same,1.0,The author wants you to remember Genesis 3:15 by mentioning the words “heel” and the future “seed” so close together.,The author wants you to remember Genesis 3:15 by mentioning the words “heel” and the future “seed” so close together.
807,The Seventh Collapse: Avraham’s Test,23c7f81502b7,same,1.0,Two words are more than enough to see this connection.,Two words are more than enough to see this connection.
808,The Seventh Collapse: Avraham’s Test,dbd06dd9e9f3,same,1.0,3:15 And I will set hostility,3:15 And I will set hostility
809,The Seventh Collapse: Avraham’s Test,db7ce5638cfa,same,1.0,"between you and the woman,","between you and the woman,"
810,The Seventh Collapse: Avraham’s Test,23e3f9d9ecd9,same,1.0,"and between your seed and her seed,","and between your seed and her seed,"
811,The Seventh Collapse: Avraham’s Test,3e043f6c4d2f,same,1.0,he will strike your head,he will strike your head
812,The Seventh Collapse: Avraham’s Test,479fa117ed57,same,1.0,"and you will strike his heel.""","and you will strike his heel."""
813,The Seventh Collapse: Avraham’s Test,d00be546e40d,same,1.0,"However, the people would have to wait a long time until God repeats these specific notes.","However, the people would have to wait a long time until God repeats these specific notes."
814,The Seventh Collapse: Avraham’s Test,07a3699f7bbe,same,1.0,"The Genesis Melody won't fail, but it does require waiting patiently for God’s teleios timing.","The Genesis Melody won't fail, but it does require waiting patiently for God’s teleios timing."
815,Seeing the Melody in the New Testament,f7717c49fd49,same,1.0,Seeing the Melody in the New Testament,Seeing the Melody in the New Testament
816,Seeing the Melody in the New Testament,ae74b3cb0b64,same,1.0,"The Genesis Melody is about a time when God sees (or sometimes causes) a collapse and instead of it being the end, it is an opportunity to bring about a new creation, a genesis.","The Genesis Melody is about a time when God sees (or sometimes causes) a collapse and instead of it being the end, it is an opportunity to bring about a new creation, a genesis."
817,Seeing the Melody in the New Testament,4eb8506f5f06,same,1.0,We’ll briefly pause our review of Genesis and consider The Genesis Melody as it plays out in the Gospel According to Luke.,We’ll briefly pause our review of Genesis and consider The Genesis Melody as it plays out in the Gospel According to Luke.
818,Seeing the Melody in the New Testament,1a0472a0ab9b,same,1.0,You hopefully know this cycle of the melody well.,You hopefully know this cycle of the melody well.
819,Seeing the Melody in the New Testament,e29a402ebdeb,same,1.0,"Jesus, being the monogenes (μονογενής), is utterly unique, but, sure enough, He fulfills the same melody pattern.","Jesus, being the monogenes (μονογενής), is utterly unique, but, sure enough, He fulfills the same melody pattern."
820,Seeing the Melody in the New Testament,58fef88ec2bf,same,1.0,"In Luke, the story opens with God’s Spirit creating life in two impossible places of non-life: a barren womb long past childbearing and one that had never known a man.","In Luke, the story opens with God’s Spirit creating life in two impossible places of non-life: a barren womb long past childbearing and one that had never known a man."
821,Seeing the Melody in the New Testament,6719d90dcbc7,same,1.0,"Luke starts, not just with the birth of Jesus to the virgin Mary, but with the interwoven story of John the Baptist’s birth to Zechariah and Elizabeth.","Luke starts, not just with the birth of Jesus to the virgin Mary, but with the interwoven story of John the Baptist’s birth to Zechariah and Elizabeth."
822,Seeing the Melody in the New Testament,f98f2480f58b,same,1.0,The author of this story saw that even the names of the parents were significant:,The author of this story saw that even the names of the parents were significant:
823,Seeing the Melody in the New Testament,715d6df13e7e,same,1.0,"Zechariah, from the Hebrew Zakar-Yah זכריה, means “Yahweh Remembered, zakar.”","Zechariah, from the Hebrew Zakar-Yah זכריה, means “Yahweh Remembered, zakar.”"
824,Seeing the Melody in the New Testament,34ab19c958f0,same,1.0,"It's that zakar word again, the one that means “acts on his promise.”","It's that zakar word again, the one that means “acts on his promise.”"
825,Seeing the Melody in the New Testament,cde553fbab05,same,1.0,"Compare that with Genesis 8:1, “Elohim remembered, zakar, Noah” or 19:29, “Yahweh remembered, zakar, Avraham.”","Compare that with Genesis 8:1, “Elohim remembered, zakar, Noah” or 19:29, “Yahweh remembered, zakar, Avraham.”"
826,Seeing the Melody in the New Testament,0bb2504919bd,same,1.0,"Elizabeth, from the Hebrew Eli-Sheva אלישבע, means “My Elohim’s Oath”.","Elizabeth, from the Hebrew Eli-Sheva אלישבע, means “My Elohim’s Oath”."
827,Seeing the Melody in the New Testament,5277451ed0e5,same,1.0,"It’s that sheva, oath, word again!","It’s that sheva, oath, word again!"
828,Seeing the Melody in the New Testament,e9533b6935cc,same,1.0,"Compare that with 22:16, “I swear an oath (שבע sheva).”","Compare that with 22:16, “I swear an oath (שבע sheva).”"
829,Seeing the Melody in the New Testament,fdf8fdeb3f0e,same,1.0,"Zechariah and Elizabeth are set up as clear mirrors of Avraham and Sarah, childless at a good old age.","Zechariah and Elizabeth are set up as clear mirrors of Avraham and Sarah, childless at a good old age."
830,Seeing the Melody in the New Testament,03ade76e6367,same,1.0,"And if you put their names together, you literally have “Yahweh Remembered His Oath from Genesis 22!”","And if you put their names together, you literally have “Yahweh Remembered His Oath from Genesis 22!”"
831,Seeing the Melody in the New Testament,017359abd82b,same,1.0,"OK, I admit, I added that last bit, but “Zechariah Elizabeth” means that Yahweh made good, delivered on, remembered his oath to Abraham in Jesus and John was the forerunner of that good news.","OK, I admit, I added that last bit, but “Zechariah Elizabeth” means that Yahweh made good, delivered on, remembered his oath to Abraham in Jesus and John was the forerunner of that good news."
832,Seeing the Melody in the New Testament,b8117e12851b,same,1.0,"The authors who handed over source material to the gentile Luke, see Luke 1:1, saw the Genesis melody at work.","The authors who handed over source material to the gentile Luke, see Luke 1:1, saw the Genesis melody at work."
833,Seeing the Melody in the New Testament,33374e1d04d1,same,1.0,"They partnered with Luke to share the Good News about Jesus to all the nations via the same creation notes that echo Genesis, now appearing in Luke, chapters 1 and 2.","They partnered with Luke to share the Good News about Jesus to all the nations via the same creation notes that echo Genesis, now appearing in Luke, chapters 1 and 2."
834,Seeing the Melody in the New Testament,8975a0d79b86,same,1.0,Jesus is then clearly called (identified) at John’s Baptism.,Jesus is then clearly called (identified) at John’s Baptism.
835,Seeing the Melody in the New Testament,46eb2c741d69,same,1.0,Luke’s story then has a choice in the wilderness for forty days and a matching test in Gethsemane before the end.,Luke’s story then has a choice in the wilderness for forty days and a matching test in Gethsemane before the end.
836,Seeing the Melody in the New Testament,9223ffca5ea3,same,1.0,"There is a journey with Jesus, just like Avram's journey with Yahweh.","There is a journey with Jesus, just like Avram's journey with Yahweh."
837,Seeing the Melody in the New Testament,9d6389ff7859,same,1.0,"Jesus and the Father are fully aligned, fully unified, completely faithful, the only ever, perfect Image of God.","Jesus and the Father are fully aligned, fully unified, completely faithful, the only ever, perfect Image of God."
838,Seeing the Melody in the New Testament,06300e5568ed,same,1.0,"However, in his generation there was still a division with the leaders of Israel (that’s putting it lightly).","However, in his generation there was still a division with the leaders of Israel (that’s putting it lightly)."
839,Seeing the Melody in the New Testament,bdcc10e2695b,same,1.0,Then a replay of the seventh cycle collapse at the cross.,Then a replay of the seventh cycle collapse at the cross.
840,Seeing the Melody in the New Testament,b7be3db503e0,same,1.0,"Finally, this is the most important part, what comes after a collapse?","Finally, this is the most important part, what comes after a collapse?"
841,Seeing the Melody in the New Testament,93c334405271,same,1.0,"The author of life allows His own body, His Son, to experience collapse, from which God will…","The author of life allows His own body, His Son, to experience collapse, from which God will…"
842,Seeing the Melody in the New Testament,91b471a085e9,same,1.0,"You know exactly what happened next, on the third day no less, see Genesis 22:4.","You know exactly what happened next, on the third day no less, see Genesis 22:4."
843,Seeing the Melody in the New Testament,22e9a96ffa8d,same,1.0,The Genesis Melody has been written in Scripture for a thousand years.,The Genesis Melody has been written in Scripture for a thousand years.
844,Seeing the Melody in the New Testament,fdaab69abfcf,same,1.0,"Jesus surely said many similar things on the road to Emmaus in Luke 24, as he “opened the Scriptures” to his disciples.","Jesus surely said many similar things on the road to Emmaus in Luke 24, as he “opened the Scriptures” to his disciples."
845,Seeing the Melody in the New Testament,5d39561f3ed9,same,1.0,"As for me, when this really sank in, it made me want to be a pattern breaker, join God’s story, and be part of the work He is doing.","As for me, when this really sank in, it made me want to be a pattern breaker, join God’s story, and be part of the work He is doing."
846,Seeing the Melody in the New Testament,99b7ca761e6e,same,1.0,"I've carefully read, reflected on, and discussed His Word.","I've carefully read, reflected on, and discussed His Word."
847,Seeing the Melody in the New Testament,a686b6e3d3d2,same,1.0,I now see myself within this grand message of hope and love.,I now see myself within this grand message of hope and love.
848,Seeing the Melody in the New Testament,069c8e87d962,same,1.0,I've been promised that it is possible to help bring life.,I've been promised that it is possible to help bring life.
849,Seeing the Melody in the New Testament,8ba0ee84db56,same,1.0,I choose to live in right-relationship with Yahweh.,I choose to live in right-relationship with Yahweh.
850,Seeing the Melody in the New Testament,02c852b45248,same,1.0,I am part of Avraham’s seed and want to do my part in bringing blessing to the nations.,I am part of Avraham’s seed and want to do my part in bringing blessing to the nations.
851,Seeing the Melody in the New Testament,a9583ad2afe8,same,1.0,"Now,... how do I do it?","Now,... how do I do it?"
852,Seeing the Melody in the New Testament,32b0580994ca,same,1.0,"How can I receive the Spirit, partner with God, and bring about creation, life, and blessing in my generation?","How can I receive the Spirit, partner with God, and bring about creation, life, and blessing in my generation?"
853,Seeing the Melody in the New Testament,8a418b8c57d5,same,1.0,"It sounds complex, but the first step is actually easy,... trust Jesus, listen to His voice.","It sounds complex, but the first step is actually easy,... trust Jesus, listen to His voice."
854,Seeing the Melody in the New Testament,250614c8fabf,same,1.0,"No word from the Lord is unimportant, so it's wise to study the New Testament even more diligently than the Old.","No word from the Lord is unimportant, so it's wise to study the New Testament even more diligently than the Old."
855,Seeing the Melody in the New Testament,0b9ad418ac37,same,1.0,When studying His word you’ll find Wisdom for finding life and see the path Jesus laid out for his followers for then and now.,When studying His word you’ll find Wisdom for finding life and see the path Jesus laid out for his followers for then and now.
856,Seeing the Melody in the New Testament,3b2a393b1435,same,1.0,"For example, Jesus prayed aloud His plan for us during the Last Supper, recorded in John 17:20-26.","For example, Jesus prayed aloud His plan for us during the Last Supper, recorded in John 17:20-26."
857,Seeing the Melody in the New Testament,49d0cb16a3c7,same,1.0,Life is an intentional choice to be united through love with God and His images.,Life is an intentional choice to be united through love with God and His images.
858,Seeing the Melody in the New Testament,a37f92852167,same,1.0,Jesus knew that we needed encouragement to avoid the division of relationships.,Jesus knew that we needed encouragement to avoid the division of relationships.
859,Seeing the Melody in the New Testament,fa309985f5f1,same,1.0,"He had seen the Bible's message play out in his generation, just like us.","He had seen the Bible's message play out in his generation, just like us."
860,Seeing the Melody in the New Testament,069261020a71,same,1.0,Perfect unity through abiding (meno) love between all the images of God with the Father and the Son.,Perfect unity through abiding (meno) love between all the images of God with the Father and the Son.
861,Seeing the Melody in the New Testament,fc3d32828662,same,1.0,"Everything else in the Bible is an implementation detail of that simple, primary premise.","Everything else in the Bible is an implementation detail of that simple, primary premise."
862,Seeing the Melody in the New Testament,c72f87a1eeda,same,1.0,We have to choose unity in Jesus to avoid the characteristic human cycle.,We have to choose unity in Jesus to avoid the characteristic human cycle.
863,Seeing the Melody in the New Testament,e905e0e460bd,same,1.0,That plan also reminds me of the BibleProject mission statement:,That plan also reminds me of the BibleProject mission statement:
864,Seeing the Melody in the New Testament,e39797202955,same,1.0,"However, when I look at my life, how I use my time, where I invest my given resources,…","However, when I look at my life, how I use my time, where I invest my given resources,…"
865,Seeing the Melody in the New Testament,f81b87d9059e,same,1.0,Do I make the Choice that leads to life with every little choice I make?,Do I make the Choice that leads to life with every little choice I make?
866,Seeing the Melody in the New Testament,a22a6e7795a5,same,1.0,Do I contribute to Division and fear Collapse or embrace my Calling?,Do I contribute to Division and fear Collapse or embrace my Calling?
867,Seeing the Melody in the New Testament,09b753495057,same,1.0,Do I have eyes to see and ears to hear God’s melody?,Do I have eyes to see and ears to hear God’s melody?
868,Seeing the Melody in the New Testament,501786c17988,same,1.0,What is God clearly going to do next?,What is God clearly going to do next?
869,Seeing the Melody in the New Testament,fe01224d6da2,same,1.0,"He does not prevent the Collapse, even though that seems good in our eyes, but instead He goes through it with us and there will be a genesis coming soon after.","He does not prevent the Collapse, even though that seems good in our eyes, but instead He goes through it with us and there will be a genesis coming soon after."
870,Seeing the Melody in the New Testament,68b8e02b3aab,same,1.0,Will we choose to trust God in even this?,Will we choose to trust God in even this?
871,Seeing the Melody in the New Testament,36dbaf5ba5d2,same,1.0,"Let the Bible reshape your understanding of the world, so that you can know|love Him more.","Let the Bible reshape your understanding of the world, so that you can know|love Him more."
872,Seeing the Melody in the New Testament,3a30b20580fd,same,1.0,"Make a Choice to become an image of God who receives your calling, sees good and not good through the eyes of God, then builds and gives in every part of the melody.","Make a Choice to become an image of God who receives your calling, sees good and not good through the eyes of God, then builds and gives in every part of the melody."
873,Beyond Genesis 22: After the Sheva Cycle,dfa6554a1476,same,1.0,Beyond Genesis 22: After the Sheva Cycle,Beyond Genesis 22: After the Sheva Cycle
874,Beyond Genesis 22: After the Sheva Cycle,0141e1ac50cb,same,1.0,"The melody in Genesis, of course, doesn’t end in chapter 22.","The melody in Genesis, of course, doesn’t end in chapter 22."
875,Beyond Genesis 22: After the Sheva Cycle,b58a5c2c80c3,same,1.0,"If you read Matthew 24:1-14, it’s clear Jesus knew the inevitable path of typical human choices across every generation, and he prepared his disciples for what was coming.","If you read Matthew 24:1-14, it’s clear Jesus knew the inevitable path of typical human choices across every generation, and he prepared his disciples for what was coming."
876,Beyond Genesis 22: After the Sheva Cycle,6d6e6ed82abc,same,1.0,The cycle would not end even with Jesus’ resurrection.,The cycle would not end even with Jesus’ resurrection.
877,Beyond Genesis 22: After the Sheva Cycle,55c2a2d221f4,same,1.0,"Something did change that day, but the difference is not what you would see with your eyes.","Something did change that day, but the difference is not what you would see with your eyes."
878,Beyond Genesis 22: After the Sheva Cycle,e08356683994,same,1.0,"Hearts aren’t changed in our world today either, so every generation, including ours, faces the same challenges.","Hearts aren’t changed in our world today either, so every generation, including ours, faces the same challenges."
879,Beyond Genesis 22: After the Sheva Cycle,ecf0c721294b,same,1.0,"Yahweh, the one who IS, has always known the answer, and He has made it known to us through His Son, completing a test, revealing the truth.","Yahweh, the one who IS, has always known the answer, and He has made it known to us through His Son, completing a test, revealing the truth."
880,Beyond Genesis 22: After the Sheva Cycle,1837e59e3d5e,same,1.0,God really loves you.,God really loves you.
881,Beyond Genesis 22: After the Sheva Cycle,92dea29d66cc,same,1.0,"After the mountaintop, you should also read chapter 23.","After the mountaintop, you should also read chapter 23."
882,Beyond Genesis 22: After the Sheva Cycle,573c234740c4,same,1.0,It is a wonderfully symbolic story about paying the full price for the land.,It is a wonderfully symbolic story about paying the full price for the land.
883,Beyond Genesis 22: After the Sheva Cycle,3ec191403647,same,1.0,You can meditate with me about why that is important.,You can meditate with me about why that is important.
884,Beyond Genesis 22: After the Sheva Cycle,1cf36ca9b139,same,1.0,How does that square with Yahweh promising to just give the land in Genesis 12:7 and 17:8 (or Ezekiel 11:17)?,How does that square with Yahweh promising to just give the land in Genesis 12:7 and 17:8 (or Ezekiel 11:17)?
885,Beyond Genesis 22: After the Sheva Cycle,b2ee78e546b2,same,1.0,Shouldn't we just receive the free Eden gift?,Shouldn't we just receive the free Eden gift?
886,Beyond Genesis 22: After the Sheva Cycle,2bd6a01ba4a1,same,1.0,"Interestingly, Avraham, like David later, declines the offer and is steadfast to pay the full price.","Interestingly, Avraham, like David later, declines the offer and is steadfast to pay the full price."
887,Beyond Genesis 22: After the Sheva Cycle,9ed641c91c6b,same,1.0,They both refuse to make an offering/sacrifice that costs them nothing.,They both refuse to make an offering/sacrifice that costs them nothing.
888,Beyond Genesis 22: After the Sheva Cycle,b819235e2d09,same,1.0,Do I get it?,Do I get it?
889,Beyond Genesis 22: After the Sheva Cycle,86f5c83f02ab,same,1.0,Not yet.,Not yet.
890,Beyond Genesis 22: After the Sheva Cycle,8a11973a0521,same,1.0,"However, I feel like we should consider this story as significant after the 1-22 melody cycles.","However, I feel like we should consider this story as significant after the 1-22 melody cycles."
891,Beyond Genesis 22: After the Sheva Cycle,618b2e0c0d68,same,1.0,My random thoughts that maybe your group could build off of:,My random thoughts that maybe your group could build off of:
892,Beyond Genesis 22: After the Sheva Cycle,b9a71c5ec644,same,1.0,Both men had messed up pretty badly in their story before that moment.,Both men had messed up pretty badly in their story before that moment.
893,Beyond Genesis 22: After the Sheva Cycle,a403d44174b4,same,1.0,"I'm not sure if money alone will change the human heart, but it seems like a good first step.","I'm not sure if money alone will change the human heart, but it seems like a good first step."
894,Beyond Genesis 22: After the Sheva Cycle,8d5483ccc098,same,1.0,Jesus didn't really ask for money.,Jesus didn't really ask for money.
895,Beyond Genesis 22: After the Sheva Cycle,d19b05c4e6ac,same,1.0,What are the hyperlinks to these stories?,What are the hyperlinks to these stories?
896,Beyond Genesis 22: After the Sheva Cycle,ca011e59a326,same,1.0,"Perhaps the woman who bought the perfume, Joseph of Arimathea, Zacchaeus, or Nicodemus.","Perhaps the woman who bought the perfume, Joseph of Arimathea, Zacchaeus, or Nicodemus."
897,Beyond Genesis 22: After the Sheva Cycle,b3be0b8fa686,same,1.0,I wonder what our world would be like if a billion people woke up tomorrow choosing to pay the full price for our land.,I wonder what our world would be like if a billion people woke up tomorrow choosing to pay the full price for our land.
898,Beyond Genesis 22: After the Sheva Cycle,c3c94d7260fd,same,1.0,I wonder what that world would be like.,I wonder what that world would be like.
899,Beyond Genesis 22: After the Sheva Cycle,d5c487690b2d,same,1.0,"Anyway, the story keeps going after Genesis 23.","Anyway, the story keeps going after Genesis 23."
900,Beyond Genesis 22: After the Sheva Cycle,f0a1fa5c3829,same,1.0,"The eighth melody cycle, 22:20-25:18, ends with Avraham's death and the scattering of his various sons.","The eighth melody cycle, 22:20-25:18, ends with Avraham's death and the scattering of his various sons."
901,Beyond Genesis 22: After the Sheva Cycle,6430a6001a39,same,1.0,He takes a third wife and has six more sons in chapter 25 (oh my).,He takes a third wife and has six more sons in chapter 25 (oh my).
902,Beyond Genesis 22: After the Sheva Cycle,4cc32a8728c3,same,1.0,The biblical authors aren’t selling “happily ever after” stories; they are communicating the choices we humans make and how God works through it all (consider Jacob!).,The biblical authors aren’t selling “happily ever after” stories; they are communicating the choices we humans make and how God works through it all (consider Jacob!).
903,Beyond Genesis 22: After the Sheva Cycle,5e7606106519,same,1.0,"After Avraham is old and complete (sheva), he is “gathered to his people” in 25:8.","After Avraham is old and complete (sheva), he is “gathered to his people” in 25:8."
904,Beyond Genesis 22: After the Sheva Cycle,6efd4c2e6621,same,1.0,"The melody, however, continues generation after generation with Rivqah (Rebecca) and Yitskhaq (Isaac), then Jacob and Esau, Judah and Joseph, and on into our lives.","The melody, however, continues generation after generation with Rivqah (Rebecca) and Yitskhaq (Isaac), then Jacob and Esau, Judah and Joseph, and on into our lives."
905,Extra Sheva Observations,3c1a125c62fd,same,1.0,Extra Sheva Observations,Extra Sheva Observations
906,Extra Sheva Observations,a6e3eff7489a,same,1.0,"To bring this discussion full circle, let’s return to Genesis 21-22 once more to see evidence that these authors, with the help of the Spirit, already realized the significance of this forward pointing message.","To bring this discussion full circle, let’s return to Genesis 21-22 once more to see evidence that these authors, with the help of the Spirit, already realized the significance of this forward pointing message."
907,Extra Sheva Observations,9e49528523c0,same,1.0,"Throughout Scripture the authors regularly highlight the most important concept of a literary unit by using key repeated words, known as lead words.","Throughout Scripture the authors regularly highlight the most important concept of a literary unit by using key repeated words, known as lead words."
908,Extra Sheva Observations,34e864285204,same,1.0,"In this seventh cycle of the melody, which goes from the voice in the sky bringing life to Hagar and Ishmael, through the binding of Isaac, the primary lead word is clearly sheva.","In this seventh cycle of the melody, which goes from the voice in the sky bringing life to Hagar and Ishmael, through the binding of Isaac, the primary lead word is clearly sheva."
909,Extra Sheva Observations,c4995c794159,same,1.0,"The same Hebrew letters of sheva, שבע, form multiple Hebrew words.","The same Hebrew letters of sheva, שבע, form multiple Hebrew words."
910,Extra Sheva Observations,f160adbc4239,same,1.0,"Think of it like the English letters lead, which has multiple meanings: lead the way, pencil lead, or leader.","Think of it like the English letters lead, which has multiple meanings: lead the way, pencil lead, or leader."
911,Extra Sheva Observations,9b373a93d433,same,1.0,"The Hebrew word sheva, שבע, means seven, oath, and, later, completion, making it a very significant word.","The Hebrew word sheva, שבע, means seven, oath, and, later, completion, making it a very significant word."
912,Extra Sheva Observations,d5fdf41ac0d8,same,1.0,Perhaps you've noticed the number 7 gets used a lot.,Perhaps you've noticed the number 7 gets used a lot.
913,Extra Sheva Observations,27d9ceaea99b,same,1.0,The repeated use of sheva in this melody cycle is another cairn left by the authors to reinforce that we are on the right track.,The repeated use of sheva in this melody cycle is another cairn left by the authors to reinforce that we are on the right track.
914,Extra Sheva Observations,79b511c428b2,same,1.0,It gives us confidence that we are indeed seeing the path that these authors laid out for us.,It gives us confidence that we are indeed seeing the path that these authors laid out for us.
915,Extra Sheva Observations,78f0c1c61740,same,1.0,The sheva theme is everywhere in this melody cycle.,The sheva theme is everywhere in this melody cycle.
916,Extra Sheva Observations,b3f4b8a97f1a,same,1.0,"The creation notes open with Hagar and Ishmael at Beer-Sheva, the Well of Seven.","The creation notes open with Hagar and Ishmael at Beer-Sheva, the Well of Seven."
917,Extra Sheva Observations,eda3aafe51c4,same,1.0,"The middle section with Avimelek takes place at Beer-Sheva, centered on an oath, a sheva.","The middle section with Avimelek takes place at Beer-Sheva, centered on an oath, a sheva."
918,Extra Sheva Observations,65fc0485d6ef,same,1.0,"Then, after the mountain in Moriah, the literary unit ends with Avraham dwelling in Beer-Sheva.","Then, after the mountain in Moriah, the literary unit ends with Avraham dwelling in Beer-Sheva."
919,Extra Sheva Observations,67035da6ba8e,same,1.0,"The start, middle, and end are all at Beer-Sheva.","The start, middle, and end are all at Beer-Sheva."
920,Extra Sheva Observations,15c977730a58,same,1.0,"Everything points to Yahweh's culminating sheva, His oath.","Everything points to Yahweh's culminating sheva, His oath."
921,Extra Sheva Observations,a803ee274fe3,same,1.0,"In addition to the location, there are more sheva words used in Genesis 21-22 than you might guess.","In addition to the location, there are more sheva words used in Genesis 21-22 than you might guess."
922,Extra Sheva Observations,009bb0cac749,same,1.0,The numbers tell the story:,The numbers tell the story:
923,Extra Sheva Observations,ad98ecfcffe5,same,1.0,In fact if you focus on only the use of sheva words in cycles three to seven with Avraham it becomes clear that the authors have intentionally marked this round of the melody as the Sheva Cycle.,In fact if you focus on only the use of sheva words in cycles three to seven with Avraham it becomes clear that the authors have intentionally marked this round of the melody as the Sheva Cycle.
924,Extra Sheva Observations,afb43d2337ec,same,1.0,"By modern writing standards, the repeated use of sheva borders on excessive, but that’s exactly the point.","By modern writing standards, the repeated use of sheva borders on excessive, but that’s exactly the point."
925,Extra Sheva Observations,ea2487cbac68,same,1.0,Listeners would hear the word as prominent and realize this is the seven-oath for completion.,Listeners would hear the word as prominent and realize this is the seven-oath for completion.
926,Extra Sheva Observations,416c5016e463,same,1.0,Imagine sitting in the temple courts on Shabbat listening to Simeon read this text.,Imagine sitting in the temple courts on Shabbat listening to Simeon read this text.
927,Extra Sheva Observations,d0cca94d3351,same,1.0,"The word sheva appears nine times as this cycle builds toward the collapse, and then the 10th is Yahweh's Sheva, His oath, the very first words of the new creation (plus two more Beer-Sheva uses to finish the literary unit).","The word sheva appears nine times as this cycle builds toward the collapse, and then the 10th is Yahweh’s Sheva, His oath, the very first words of the new creation (plus two more Beer-Sheva uses to finish the literary unit)."
928,Extra Sheva Observations,c62e10acccef,same,1.0,Did ancient readers like Simeon emphasize the word each time for his hearers?,Did ancient readers like Simeon emphasize the word each time for his hearers?
929,Extra Sheva Observations,0408f94b920e,same,1.0,"Let’s look at one example from Genesis 21:28-32, a “seemingly” insignificant passage.","Let’s look at one example from Genesis 21:28-32, a “seemingly” insignificant passage."
930,Extra Sheva Observations,602bbcf70ec4,same,1.0,"The authors use extra sheva, שבע, words surrounding being a witness.","The authors use extra sheva, שבע, words surrounding being a witness."
931,Extra Sheva Observations,090818d6f21f,same,1.0,That’ll preach!,That’ll preach!
932,Extra Sheva Observations,e3b615836ac2,same,1.0,"In this passage with Avraham and Avimelek, two men whose names mean Father of Nations and My Father is King, make the first human-to-human covenant in the Bible.","In this passage with Avraham and Avimelek, two men whose names mean Father of Nations and My Father is King, make the first human-to-human covenant in the Bible."
933,Extra Sheva Observations,2a2765b980d1,same,1.0,They mend the division cycle without directly mentioning God using a covenant.,They mend the division cycle without directly mentioning God using a covenant.
934,Extra Sheva Observations,9beeba103c48,same,1.0,That's interesting!,That's interesting!
935,Extra Sheva Observations,b98ba46e92d8,same,1.0,"The testing and the collapse are still coming in Genesis 22, Abraham has made a lifetime of choices that need resolution, but we see a glimmer of hope in chapter 21 about how to slow down this crazy hamster wheel… covenant relationships with fellow images of God.","The testing and the collapse are still coming in Genesis 22, Abraham has made a lifetime of choices that need resolution, but we see a glimmer of hope in chapter 21 about how to slow down this crazy hamster wheel… covenant relationships with fellow images of God."
936,Extra Sheva Observations,d5e5174422fa,same,1.0,"Covenants aren't as good as changed hearts, but usually it's the best option we have available outside of Eden.","Covenants aren't as good as changed hearts, but usually it's the best option we have available outside of Eden."
937,Extra Sheva Observations,2c3d07758084,same,1.0,"Every generation has to renew a covenant, Isaac and Avimelek in Genesis 26, Jacob and Lavan in Genesis 31, and on into today.","Every generation has to renew a covenant, Isaac and Avimelek in Genesis 26, Jacob and Lavan in Genesis 31, and on into today."
938,Extra Sheva Observations,0bcadab95692,same,1.0,This seventh cycle is packed with insights!,This seventh cycle is packed with insights!
939,Extra Sheva Observations,b62341164331,same,1.0,I’ll let you be the judge.,I’ll let you be the judge.
940,Extra Sheva Observations,8e59983e7817,same,1.0,Do you agree that these authors intentionally marked the seventh cycle of the melody?,Do you agree that these authors intentionally marked the seventh cycle of the melody?
941,Extra Sheva Observations,470dd37a0062,same,1.0,Did they count melodies from the beginning and intentionally work with the Spirit to reveal God to you?,Did they count melodies from the beginning and intentionally work with the Spirit to reveal God to you?
942,Extra Sheva Observations,536f60576800,same,1.0,"How did they know, even then, to write the text in this way?","How did they know, even then, to write the text in this way?"
943,Extra Sheva Observations,67282d0aea2a,same,1.0,"I'm not gonna lie, this kinda blows my mind.","I'm not gonna lie, this kinda blows my mind."
944,Extra Sheva Observations,3cc666e2765c,same,1.0,"The seventh, culminating, oath cycle about fulfillment points to Jesus.","The seventh, culminating, oath cycle about fulfillment points to Jesus."
945,Extra Sheva Observations,267a189cfae5,same,1.0,It is the highly structured Word of God given to us by humans working with the Ruakh of Elohim after all.,It is the highly structured Word of God given to us by humans working with the Ruakh of Elohim after all.
946,Extra Sheva Observations,0f93640c88eb,same,1.0,When Jesus read his Bible he figured that out!,When Jesus read his Bible he figured that out!
947,Extra Sheva Observations,14af29d33a61,same,1.0,I’m beginning to believe Luke 24 that this whole story is about Him.,I’m beginning to believe Luke 24 that this whole story is about Him.
948,Extra Sheva Observations,5acc6884ac4a,same,1.0,Luke 24:44-47,Luke 24:44-47
949,Extra Sheva Observations,b7de17728cbe,same,1.0,"Now He said to them,","Now He said to them,"
950,Extra Sheva Observations,a40c20eecfa3,same,1.0,"“These are My words which I spoke to you while I was still with you, that","“These are My words which I spoke to you while I was still with you, that"
951,Extra Sheva Observations,758dec94cd6c,same,1.0,all things which are written about Me,all things which are written about Me
952,Extra Sheva Observations,14792ae77345,same,1.0,in the Law of Moses and the Prophets and the Psalms,in the Law of Moses and the Prophets and the Psalms
953,Extra Sheva Observations,8a513a282cff,same,1.0,must be fulfilled.”,must be fulfilled.”
954,Extra Sheva Observations,67f581e4bb45,same,1.0,"Then He opened their minds to understand the Scriptures, and He said to them,","Then He opened their minds to understand the Scriptures, and He said to them,"
955,Extra Sheva Observations,8f66e63176f5,same,1.0,"“Thus it is written, that","“Thus it is written, that"
956,Extra Sheva Observations,76e4818a69e2,same,1.0,the Christ would suffer and rise again from the dead the third day,the Christ would suffer and rise again from the dead the third day
957,Extra Sheva Observations,668c21fd0578,same,1.0,and that repentance for forgiveness of sins would be proclaimed in His name,and that repentance for forgiveness of sins would be proclaimed in His name
958,Extra Sheva Observations,be087e5822d6,same,1.0,"to all the nations, beginning from Jerusalem.”","to all the nations, beginning from Jerusalem.”"
959,Extra Sheva Observations,c3159bf25b6d,same,1.0,Tim loves this passage btw.,Tim loves this passage btw.
960,Extra Sheva Observations,0be36e11c3b3,same,1.0,Go listen to him explain it some time.,Go listen to him explain it some time.
961,Extra Sheva Observations,8d47484f3dff,same,1.0,Speaking of your next steps…,Speaking of your next steps…
962,Your Next Steps,12c6ad9f65c9,same,1.0,Your Next Steps,Your Next Steps
963,Your Next Steps,41149d8806d3,same,1.0,God's not finished and we’re not done.,God's not finished and we’re not done.
964,Your Next Steps,9ff73cc579f9,same,1.0,Let's talk about next steps.,Let's talk about next steps.
965,Your Next Steps,bb8408fc0c74,same,1.0,There is quite a bit more Bible to learn from after these opening chapters and there is an endless amount of work to do once we are prepared to do it.,There is quite a bit more Bible to learn from after these opening chapters and there is an endless amount of work to do once we are prepared to do it.
966,Your Next Steps,6d71bb98971b,same,1.0,Spend time laying your foundation and then expect to keep going.,Spend time laying your foundation and then expect to keep going.
967,Your Next Steps,6b4254185517,same,1.0,"To learn more about the melody, if you can find a group of people that like to read the Bible, don’t passively read anything else from us.","To learn more about the melody, if you can find a group of people that like to read the Bible, don’t passively read anything else from us."
968,Your Next Steps,ec8375776ad7,same,1.0,Go do it!,Go do it!
969,Your Next Steps,ae25f948e641,same,1.0,Read directly from God what the Spirit has breathed.,Read directly from God what the Spirit has breathed.
970,Your Next Steps,8de6609417ae,same,1.0,"Grab a friend, sit down with your family, or work with a small group to read Genesis 1-23 again, listening for the melody woven throughout these narratives.","Grab a friend, sit down with your family, or work with a small group to read Genesis 1-23 again, listening for the melody woven throughout these narratives."
971,Your Next Steps,040e4077450f,same,1.0,"Ideally, your reading community should have a variety of veteran and novice readers, plus a diversity of people to see different angles, but work with what you've got to take your next steps.","Ideally, your reading community should have a variety of veteran and novice readers, plus a diversity of people to see different angles, but work with what you've got to take your next steps."
972,Your Next Steps,0b416749182b,same,1.0,Use any translation you like.,Use any translation you like.
973,Your Next Steps,510bf051c175,same,1.0,"For my group, we use the BibleProject Classroom translations.","For my group, we use the BibleProject Classroom translations."
974,Your Next Steps,e9bbc1de5b29,same,1.0,"They are colorful, hyperliteral translations that help us see the structure behind the Wisdom of God.","They are colorful, hyperliteral translations that help us see the structure behind the Wisdom of God."
975,Your Next Steps,59287de8f284,same,1.0,You can easily access that translation here: https://thegenesismelody.web.app/reader/.,You can easily access that translation here: https://thegenesismelody.web.app/reader/.
976,Your Next Steps,3a1ba21e61c8,same,1.0,I hope you and your group can DELIGHT in using it.,I hope you and your group can DELIGHT in using it.
977,Your Next Steps,2629fafe978b,same,1.0,"If you do find yourself in a situation where you don’t have people around you today that you can read the Bible with, then spend time watching and learning from the Genesis Classroom courses.","If you do find yourself in a situation where you don’t have people around you today that you can read the Bible with, then spend time watching and learning from the Genesis Classroom courses."
978,Your Next Steps,d6857e5dd193,same,1.0,"Start at the beginning with Heaven and Earth and make sure you get all the way to Jacob, then re-read this guide.","Start at the beginning with Heaven and Earth and make sure you get all the way to Jacob, then re-read this guide."
979,Your Next Steps,d756d45c3812,same,1.0,They will change the way you read the rest of the story!,They will change the way you read the rest of the story!
980,Your Next Steps,c7d175057a96,same,1.0,Just visit https://bibleproject.com/classroom/ on the website or use our mobile app.,Just visit https://bibleproject.com/classroom/ on the website or use our mobile app.
981,Your Next Steps,f60f9a5c59a6,same,1.0,"Have fun falling in love with these amazing, and sometimes challenging, texts.","Have fun falling in love with these amazing, and sometimes challenging, texts."
982,Your Next Steps,db64f4afc079,same,1.0,"When you approach the rest of the Hebrew Bible and the New Testament, what you get out of it depends a lot on the reading skills you have developed.","When you approach the rest of the Hebrew Bible and the New Testament, what you get out of it depends a lot on the reading skills you have developed."
983,Your Next Steps,db3a51b2ac0c,same,1.0,"Becoming a better community of receivers takes work, but it’s worth it.","Becoming a better community of receivers takes work, but it’s worth it."
984,Your Next Steps,996b98664519,same,1.0,"We all learn differently, but establish a foundation with the Bible’s introduction and it will help so many stories lock into place.","We all learn differently, but establish a foundation with the Bible’s introduction and it will help so many stories lock into place."
985,Your Next Steps,c1b4da6d0dd9,same,1.0,"For example, when you read in John 20:22 that Jesus “breathed on them,” you’ll see even more.","For example, when you read in John 20:22 that Jesus “breathed on them,” you’ll see even more."
986,Your Next Steps,5bcc53dbf92d,same,1.0,Why did he breathe on them?,Why did he breathe on them?
987,Your Next Steps,bf8dfb4c091a,same,1.0,That’s weird right?,That’s weird right?
988,Your Next Steps,a1d4099d4acb,same,1.0,Nope.,Nope.
989,Your Next Steps,fc0074b31a31,same,1.0,Not weird at all actually.,Not weird at all actually.
990,Your Next Steps,658611d9d79f,same,1.0,"In fact, it's exactly what you should expect if you knew the Genesis Melody the way Jesus knew the Genesis Melody.","In fact, it's exactly what you should expect if you knew the Genesis Melody the way Jesus knew the Genesis Melody."
991,Your Next Steps,39f3a512973f,same,1.0,"He gives his Ruakh, his breath/Spirit to his disciples so that he can become one with them to empower them as he sends them into the world to represent Him.","He gives his Ruakh, his breath/Spirit to his disciples so that he can become one with them to empower them as he sends them into the world to represent Him."
992,Your Next Steps,04a7c43d7353,same,1.0,He is symbolically replaying genesis Creation notes.,He is symbolically replaying genesis Creation notes.
993,Your Next Steps,4f5b6a60d6b3,same,1.0,Every single genesis comes about via the personal presence of God.,Every single genesis comes about via the personal presence of God.
994,Your Next Steps,695126e9abdd,same,1.0,"His Ruakh, in the remnant, as they partner with Him to bring about creation, life, and blessing to the next generation has always been the pattern.","His Ruakh, in the remnant, as they partner with Him to bring about creation, life, and blessing to the next generation has always been the pattern."
995,Your Next Steps,ba0193f16334,same,1.0,"Jesus, as God, as the Holy Spirit, was kickstarting the next cycle.","Jesus, as God, as the Holy Spirit, was kickstarting the next cycle."
996,Your Next Steps,13e8bc124d49,same,1.0,That’s exactly how it had to start.,That’s exactly how it had to start.
997,Your Next Steps,a9bef4798fc8,same,1.0,What a ride they had too!,What a ride they had too!
998,Your Next Steps,686e930dfa70,same,1.0,Now it’s your turn!,Now it’s your turn!
999,Your Next Steps,89687323e8dd,same,1.0,You have been sent.,You have been sent.
1000,Your Next Steps,339d35403e75,same,1.0,You have been called out and given power to do the work in your generation.,You have been called out and given power to do the work in your generation.
1001,Your Next Steps,da63de7c715d,same,1.0,Represent God through unity and love to all creation.,Represent God through unity and love to all creation.
1002,Your Next Steps,84a55020e630,same,1.0,"Or, as Jesus phrased it in Matthew, Turn Around for the Kingdom of Heaven is near.","Or, as Jesus phrased it in Matthew, Turn Around for the Kingdom of Heaven is near."
1003,Your Next Steps,4e0acdb27118,same,1.0,No pressure.,No pressure.
1004,Your Next Steps,c5e9215c2ec7,same,1.0,"By spending time meditating on the Bible’s introduction, we’ve already begun to know|love Him more.","By spending time meditating on the Bible’s introduction, we’ve already begun to know|love Him more."
1005,Your Next Steps,f6d05a4283c7,same,1.0,"Of course, real change comes when you personally partner with God and live it out by loving your neighbor, the image of God sitting right next to you.","Of course, real change comes when you personally partner with God and live it out by loving your neighbor, the image of God sitting right next to you."
1006,Your Next Steps,934226aa7e1f,same,1.0,This is a test we all know is coming.,This is a test we all know is coming.
1007,Your Next Steps,b1828e65f1e0,same,1.0,What will it reveal in you that is already present?,What will it reveal in you that is already present?
1008,Closing Thoughts,55c29ed02351,same,1.0,Closing Thoughts,Closing Thoughts
1009,A Short Farewell Prayer,d4e48a4791e2,same,1.0,A Short Farewell Prayer,A Short Farewell Prayer
1010,A Short Farewell Prayer,e5325620b25c,same,1.0,As the thief said on the cross:,As the thief said on the cross:
1011,A Short Farewell Prayer,4cfe28ae61a6,same,1.0,"“Jesus, remember us when You come into Your kingdom.”","“Jesus, remember us when You come into Your kingdom.”"
1012,A Short Farewell Prayer,21bf91c915cf,same,1.0,We choose to follow you.,We choose to follow you.
1013,A Short Farewell Prayer,fe30c6cefa8f,same,1.0,Let’s do it again!,Let’s do it again!
