html_line,old_start,old_end,html_text,new_start,new_end,new_text,match_score,txt_match,txt_score,is_scripture,flag,notes
125,0,2,The Genesis Melody,0,2,"The Genesis melody, a quick forward.",0.692,﻿The Genesis Melody,1.000,,HEADING_SKIP,
128,2,3,A Quick Foreword,0,2,"The Genesis melody, a quick forward.",0.560,A Quick Foreword,1.000,,HEADING_SKIP,
129,3,5,Hey. Hi.,3,4,"Hey, hi.",1.000,,0.471,,HEADING_SKIP,
129,5,9,"Before we get started, I wanted to let you know that I love you.",5,8,"Before we get started, I wanted to let you know that I love you.",1.000,,0.472,,OK+WHISPER_CHECK,
129,9,14,"Yes, that’s extremely awkward to say in our generation, but it really shouldn’t be.",8,12,"Yes, that's extremely awkward to say in our generation, but it really shouldn't be.",1.000,,0.413,,OK+WHISPER_CHECK,
130,14,21,"Of course, I don’t know you, and we’ve never met. So my love for you is a bit limited, but you are an image of God like me,",13,22,"Of course, I don't know you, and we've never met, so my love for you is a bit limited, but you are an image of God like me, so I love you.",0.943,,0.414,,TEXT_CHANGED+WHISPER_CHECK,
133,21,22,so… I love you.,787,788,"No, of course not.",0.483,,0.538,,HEADING_SKIP,
134,22,25,"Oops, I said it again.",22,23,"Oops, I said it again.",1.000,,0.511,,OK+WHISPER_CHECK,
134,25,36,"My goal here is not to convince you of anything at all, but to invite you to receive a gift from God in His Word, so that we can know|love Him more.",24,33,"My goal here is not to convince you of anything at all, but to invite you to receive a gift from God in His Word so that we can know, love Him more.",0.997,,0.339,,OK+WHISPER_CHECK,
138,36,38,Introduction and Motivation,35,36,Introduction and motivation.,1.000,Introduction and Motivation,1.000,,HEADING_SKIP,
139,38,41,This guide is organized into three main sections:,37,40,This guide is organized into three main sections.,1.000,This guide is organized into three main sections:,1.000,,OK,
141,41,45,Introduction and Motivation - The part you are about to read.,41,42,Introduction and motivation.,0.982,1. Introduction and Motivation - The part you are about to read.,0.983,,TEXT_CHANGED,
142,45,46,Melody Observations,45,45,Melody observations.,1.000,Melody Observations,1.000,,HEADING_SKIP,
142,46,51,"- A detailed look at Genesis 1-22, broken into three parts:",46,51,A detailed look at Genesis 1 through 22 broken into three parts.,0.923,"2. Melody Observations - A detailed look at Genesis 1-22, broken into three parts:",0.831,,TEXT_CHANGED,
145,51,54,Genesis 1-7 : The Template of the Melody,52,54,"Genesis 1 through 7, the template of the melody.",0.892,1. Genesis 1-7: The Template of the Melody,0.974,,TEXT_CHANGED,
146,54,57,Genesis 8-11 : The Second Round of the Melody,55,58,"Genesis 8 through 11, the second round of the melody.",0.903,Genesis 8-11: The Second Round of the Melody,1.000,,TEXT_CHANGED,
147,57,64,Genesis 11:27-22:19 : Cycles Three to Seven with Avraham,59,64,"Genesis 11, 27 through 22 19, cycles 3 to 7 with Abraham.",0.762,Genesis 11:27-22:19: Cycles Three to Seven with Avraham,1.000,,LOW_CONFIDENCE,
149,64,71,"From there, the guide naturally pivots on the details of the seventh cycle’s collapse and re-creation moments.",65,71,"From there, this guide will pivot when we read the details of the seventh cycles, collapse, and recreation moments.",0.885,,0.533,,TEXT_CHANGED+WHISPER_CHECK,
149,71,79,"In the final section, we’ll dive into that narrative and see how Avraham’s Test connects to Jesus.",715,725,"For the purposes of this guide, we will consider a four-part melody that is repeated seven times from Genesis 1 through 22.",0.430,,0.425,,MANUAL_REVIEW,
151,79,81,The Melody Points to Jesus,82,84,"Part 3, the melody points to Jesus.",0.881,The Melody Points to Jesus,1.000,,TEXT_CHANGED,
151,81,86,"- When you read the Bible, it’s tempting to read only the Gospels and New Testament letters.",85,91,"When you read the Bible, it's tempting to read only the parts about Jesus and the early church.",0.760,,0.464,,LOW_CONFIDENCE+WHISPER_CHECK,
151,86,92,"However, God’s grand song is best experienced when the Old Testament paves the way.",91,98,"However, God's grand song is best experience when the Old Testament paves the way.",0.994,,0.444,,OK+WHISPER_CHECK,
151,92,93,This guide is the same.,98,100,This guide is the same.,1.000,,0.571,,OK+WHISPER_CHECK,
151,93,100,"You should expect to enjoy the final section about Jesus the most, but do try to read the earlier sections first.",100,107,"You should expect to enjoy the final section about Jesus the most, but do try to read the earlier sections first?",1.000,,0.393,,OK+WHISPER_CHECK,
151,100,106,Think of it like a movie: the climax means more when you haven’t skipped the first hour.,108,109,Think of it like a movie.,1.000,,0.463,,TEXT_CHANGED+WHISPER_CHECK,
153,106,107,Summary,714,715,Structure.,0.375,Summary,1.000,,HEADING_SKIP,
154,107,111,"When you approach the Bible, what do you see there?",118,121,"When you approach the Bible, what do you see there?",1.000,,0.454,,OK+WHISPER_CHECK,
154,111,113,"Well, what do you expect to see there?",122,123,"Well, what do you expect to see there?",1.000,,0.545,,OK+WHISPER_CHECK,
154,113,119,Our expectations are often at odds with our ability to simply receive the message.,124,129,Our expectations are often at odds with our ability to simply receive the message.,1.000,,0.421,,OK+WHISPER_CHECK,
154,119,125,This guide will focus on reading Genesis 1-22 trying to see patterns.,130,134,This guide will focus on reading Genesis 1 through 23 trying to see patterns.,0.923,,0.517,,TEXT_CHANGED+WHISPER_CHECK,
154,125,129,The goal is to approach the text as a blank slate.,135,138,The goal is to approach the test as a blank slate.,0.980,,0.505,,OK+WHISPER_CHECK,
154,129,135,"To be honest, I’m not capable of doing that either, but it’s important to know the mindset we are seeking for.",139,144,"To be honest, I'm not capable of doing that either, but it's important to know the mindset we're seeking to see.",0.957,,0.410,,TEXT_CHANGED+WHISPER_CHECK,
154,135,140,Shaping the Bible to meet our expectations is rather pointless.,144,149,"Therefore, shaping the Bible to meet our expectations is rather pointless.",0.925,,0.479,,TEXT_CHANGED+WHISPER_CHECK,
154,140,144,"The goal is to open ourselves up, so that we can be shaped by the Bible.",150,154,The goal is to open ourselves up so that we can be shaped by the Bible.,1.000,,0.443,,OK+WHISPER_CHECK,
154,144,149,What would we find there if we tried to read it like little children?,85,91,"When you read the Bible, it's tempting to read only the parts about Jesus and the early church.",0.450,,0.441,,MANUAL_REVIEW,
156,149,160,"The Hebrew Bible, the Old Testament, was carefully written by humans partnering with the work of the Spirit over the course of hundreds of years to make God known to us. 1",168,180,"The Hebrew Bible, the Old Testament, was carefully written by humans, partnering with the work of the Spirit over the course of hundreds of years to make God known to us.",0.994,,0.486,,OK+WHISPER_CHECK,
156,160,168,"As a result, it is a VERY dense, beautiful collection of ancient scrolls with many layers to unpack. Readers who start at the beginning, myself included, see only a small fraction of the depth the authors are communicating.",181,188,"As a result, it is a very dense, beautiful collection of ancient scrolls with many layers done packed.",0.961,,0.535,,TEXT_CHANGED+WHISPER_CHECK,
156,168,181,The goal of this guide is to focus on one significant layer that is often overlooked.,201,205,We'll choose to focus on just one significant layer that is often overlooked.,0.818,,0.394,,LOW_CONFIDENCE+WHISPER_CHECK,
158,181,190,"There is a clear, repeated creation melody that runs throughout the Hebrew Bible and into the New Testament.",206,214,"There is a clear, repeated, creation melody that runs throughout the Hebrew Bible and into the New Testament.",1.000,,0.431,,OK+WHISPER_CHECK,
158,190,198,"Once you have eyes to see and ears to hear how the authors replay the notes, you won’t be able to miss them as you continue to read the Bible.",215,223,"Once you have eyes to see and ears to hear how the authors replay the notes, you won't be able to miss them as you continue to read the Bible.",1.000,,0.455,,OK+WHISPER_CHECK,
158,198,210,"This song starts with God bringing about creation , life, and blessing. Then, characteristic human choices and division cause things to come to a head in a collapse .",223,234,"This song starts with God bringing about creation, life and blessing, then characteristic human choices and division, cause things to come to a head and a collapse.",0.991,,0.388,,OK+WHISPER_CHECK,
158,210,218,"God, however, uses collapse to once again bring about creation , life, and blessing from non-life.",235,242,"God, however, uses a collapse to once again bring about creation, life, and blessing from the non-life.",0.968,,0.410,,TEXT_CHANGED+WHISPER_CHECK,
158,218,226,"Understanding how God brings about and sustains life is foundational not just in the Bible, but in our own lives as well.",244,252,"Understanding how God continually brings about and sustains life is foundational, not just in the Bible, but in our own lives as well.",0.952,,0.385,,TEXT_CHANGED+WHISPER_CHECK,
158,226,234,"So the authors provide a decoder ring, beginning on page one, to unlock the rest of the story.",253,261,So the authors of the Bible provided a coderring beginning on page 1 to unlock the rest of the story.,0.890,,0.434,,TEXT_CHANGED+WHISPER_CHECK,
158,234,244,"Since this repeated pattern is about creation, a genesis, and since it is easily seen in the scroll of Genesis, we call it The Genesis Melody .",287,299,"So when choosing a title for a repeated creation pattern, a Genesis, that is easily seen in the scroll of Genesis, it seemed only fitting to call it the Genesis melody.",0.695,,0.431,,LOW_CONFIDENCE+WHISPER_CHECK,
158,244,251,"However, don’t be fooled! The author of life keeps creating well beyond the pages of Genesis.",300,306,"However, don't be fooled, the author of life keeps creating well beyond the pages of Genesis.",1.000,,0.473,,OK+WHISPER_CHECK,
162,251,252,Background,775,775,Patternbreakers.,0.320,Background,1.000,,HEADING_SKIP,
163,251,259,"The melody is discussed at length in the BibleProject Genesis Classroom series, namely, these five courses:",308,317,"Background The melody is discussed at length in the Bible Project Genesis classroom series, namely these five courses.",0.945,"The melody is discussed at length in the BibleProject Genesis Classroom series, namely, these five courses:",1.000,,TEXT_CHANGED,
205,266,277,"The most succinct summaries of what Tim Mackie calls “The Melody” are found in session 11 of the Abraham class, titled The Genesis 1-11 Melody Repeats",325,343,"The most succinct summaries of what Tim Mackey calls the melody are found in Session 11 of the Abraham class titled The Genesis 1 through 11 melody repeats, or in Sessions 2 and 3 of the Jacob class, the thematic melody of Genesis 1 through 9,",0.746,,0.427,,LOW_CONFIDENCE+WHISPER_CHECK,
205,277,291,", or sessions 2 and 3 of the Jacob class, The Thematic Melody of Genesis 1-9 and Abraham Replays the Melody . However, if you are new to the melody concept, it’s best to start from the beginning",343,346,and Abraham replays the melody.,0.749,,0.394,,LOW_CONFIDENCE+WHISPER_CHECK,
205,291,308,". Through his studies, Tim began to see how the authors replayed similar concepts, often in the same order, that felt like the melody of a song. It emerged after years of teaching, exploring commentaries, and discussing the text with reading communities.",353,370,"Through his studies, Tim began to see how the authors replayed similar concepts, often in the same order, that felt like the melody of a song, and emerged after years of teaching, exploring commentaries, and discussing the text with reading communities.",0.990,,0.417,,OK+WHISPER_CHECK,
205,308,316,"This guide builds on those insights, to lay out the melody for you and help us all meditate on the purpose.",371,378,"This guide builds on those insights, to lay out the melody for you, and help us all meditate on the purpose.",1.000,,0.405,,OK+WHISPER_CHECK,
205,316,322,What were these authors communicating by intentionally structuring the text in this way?,379,384,What were these authors communicating by intentionally structuring the text in this way?,1.000,,0.386,,OK+WHISPER_CHECK,
206,322,324,Why Study the Melody,388,389,Why study the melody?,1.000,Why Study the Melody,1.000,,HEADING_SKIP,
207,324,328,What is the value in seeing the structure of the melody?,391,393,What is the value in seeing the structure of the melody?,1.000,,0.532,,OK+WHISPER_CHECK,
207,328,336,The main focus in the Genesis courses is how the repeated notes should be ringing in our ears to link parts of the melody.,394,401,The main focus in the Genesis courses is how the repeated notes should be ringing in our ears to link parts of the melody.,1.000,,0.412,,OK+WHISPER_CHECK,
207,336,347,"Parallel stories might be separated by many chapters, but with only a few distinct notes the authors can put them side-by-side in your mind. 2",402,412,"Parallel stories might be separated by many chapters, but with only a few distinct notes, the authors can put them side by side in your mind.",0.986,,0.379,,OK+WHISPER_CHECK,
207,347,350,"One story informs the other, and both benefit from the connection.",413,416,"One story informs the other, and both benefit from the connection.",1.000,,0.468,,OK+WHISPER_CHECK,
207,350,356,Let’s take a short but deep dive to consider one specific example:,417,426,"Let's take a short, but deep dive to consider one specific example, Genesis 3 6 through 7a.",0.848,,0.429,,LOW_CONFIDENCE+WHISPER_CHECK,
207,356,365,Genesis 3:6–7a. You probably know this text well. Notice the key words as you read it again.,426,432,"You probably know this text well, notice the key words as you read it again.",0.919,,0.406,,TEXT_CHANGED+WHISPER_CHECK,
209,365,380,"3:6 and the woman saw that the tree was good for eating ,",433,444,"And the woman saw that the tree was good for reading, and that it was desirable to the eyes, and that the tree was desirable to make one wise.",0.518,"3:6 and the woman saw that the tree was good for eating,",1.000,YES,SCRIPTURE_OK,
210,365,380,"and that it was desirable to the eyes ,",538,540,And Abram listened to the voice of Sarah.,0.494,"and that it was desirable to the eyes,",1.000,YES,SCRIPTURE_OK,
212,365,380,"and that the tree was desirable to make one wise ,",433,444,"And the woman saw that the tree was good for reading, and that it was desirable to the eyes, and that the tree was desirable to make one wise.",0.513,"and that the tree was desirable to make one wise,",1.000,YES,SCRIPTURE_OK,
217,380,389,"and she gave also to her husband with her, and he ate .",444,455,"And she took from its fruit, and she ate, and she gave also to her husband with her, and he ate, and the eyes of both of them were opened.",0.562,"and she gave also to her husband with her, and he ate.",1.000,YES,SCRIPTURE_OK,
222,389,396,The best way to hear what the authors are communicating in this passage is not to focus on these words alone.,457,473,"The best way to hear what the authors are communicating in this passage is not to focus on these words alone, and isolation these words have some value, but to fully grasp the verse you have to spend time thinking about how it connects to the greater narrative.",0.590,,0.410,,MANUAL_REVIEW,
222,396,405,"In isolation, these words have some value, but to fully grasp the verse, you have to spend time thinking about how it connects to the greater narrative.",457,473,"The best way to hear what the authors are communicating in this passage is not to focus on these words alone, and isolation these words have some value, but to fully grasp the verse you have to spend time thinking about how it connects to the greater narrative.",0.532,,0.415,,MANUAL_REVIEW,
222,405,412,"As we will soon discuss, this verse is a Choice in the first round of the melody.",474,479,"As we will soon discuss, this verse is a choice, in the first round of the melody.",1.000,,0.542,,OK+WHISPER_CHECK,
222,412,422,"Let’s compare it to the Choice in Melody four, Genesis 16:2–4, by reading the story of Sarai, Avram, and Hagar.",479,488,"Let's compare it to the choice in melody 4, Genesis 16 2 through 4, by reading the story of Sarah I, Abram, and Hagar.",0.912,,0.403,,TEXT_CHANGED+WHISPER_CHECK,
222,422,428,"Note, Avram is just an alternative spelling of Abram, who will later be renamed Abraham.",489,495,"Note, Abram is just an alternative spelling of Abram, who will later be renamed Abraham.",0.988,,0.418,,OK+WHISPER_CHECK,
222,428,436,"In the BibleProject translation, you will see a few surprising spellings to help us more faithfully pronounce the original Hebrew names.",496,504,"In the Bible Project translation, you will see a few surprising spellings to help us more faithfully pronounce the original Hebrew names.",0.996,,0.645,,OK+WHISPER_CHECK,
222,436,443,"Additionally, Yahweh, God’s personal name, is used when appropriate instead of translating it to God or LORD .",505,512,"Additionally, Yahweh, God's personal name, is used when appropriate, instead of translating it to God or Lord.",1.000,,0.366,,OK+WHISPER_CHECK,
222,443,448,"If that makes you feel uncomfortable, just replace “Yahweh” with “God” as you read (that’s fine).",513,517,"If that makes you feel uncomfortable, just replace Yahweh with God as you read that spine.",0.977,,0.409,,OK+WHISPER_CHECK,
224,448,454,Notice the repeated words here that echo the Eden passage above.,518,522,Notice the repeated words here that echo the Eden passage above.,1.000,Notice the repeated words here that echo the Eden passage above.,1.000,,OK,
225,454,468,"16:2 And Sarai said to Avram , “Look, please! Yahweh has restrained me from giving birth . Please, go into my slave-girl . Perhaps I can be built up by means of her.” And Avram listened to the voice of Sarai .",524,537,"And Sarah I said to Abram, look, please, Yahweh has restrained me from giving birth. Please go into my slave-girl. Perhaps I can be built up by means of her.",0.969,,0.437,YES,SCRIPTURE_OK,
233,472,487,"3 And Sarai, the wife of Avram took Hagar, her Egyptian slave-girl , at the end of ten years of Avram dwelling in the land of Canaan, and she gave her to Avram her husband as a wife .",541,556,"And Sarah I, the wife of Abram, took Hagar her Egyptian slave at the end of ten years of Abram dwelling in the land of Canaan, and she gave her to Abram her husband as a wife.",0.960,,0.529,YES,SCRIPTURE_OK,
238,487,499,"4 And he went into Hagar and she became pregnant , and she saw that she was pregnant , and her mistress became cursed in her eyes .",557,567,"And he went into Hagar, and she became pregnant, and she saw that she was pregnant, and her mistress became cursed in her eyes.",0.992,,0.555,YES,SCRIPTURE_OK,
246,499,506,The reuse pattern goes from taking a piece of fruit to taking an image of God. That escalated quickly!,569,575,"The reuse pattern goes from taking a piece of fruit to taking an image of God, that escalated quickly.",1.000,,0.449,,OK+WHISPER_CHECK,
246,506,512,"These two Choices are separated by 13 chapters, but they are clear hyperlinks.",576,581,"These two choices are separated by thirteen chapters, but they are clear hyperlinks.",0.937,,0.438,,TEXT_CHANGED+WHISPER_CHECK,
246,512,517,"If you set them alongside one another, you can see how they are similar and how they are different.",582,586,"If you set them alongside one another, you can see how they are similar and how they are different.",1.000,,0.443,,OK+WHISPER_CHECK,
246,517,531,"Additionally, they are both inversions of an earlier Choice pattern from Genesis 2:18–22, where God himself sees what is not good , then takes , builds , and gives .",587,601,"Additionally, they are both in versions of an earlier choice pattern from Genesis 2 18-22, where God Himself sees what is not good, then takes, builds, and gives.",0.994,,0.465,,OK+WHISPER_CHECK,
246,531,537,Let’s read that story and consider how all three passages inform one another.,602,607,Let's read that story and consider how all three passages inform one another.,1.000,,0.478,,OK+WHISPER_CHECK,
253,537,546,I will make a help-counterpart for him,615,624,"I will make a help counter-part for Him, and Yahweh caused to fall asleep on the human, and He slept.",0.552,I will make a help-counterpart for him,1.000,YES,SCRIPTURE_OK,
256,546,569,"… 21 and Yahweh caused to fall a deep sleep on the human and he slept and he took one from his sides and he closed the flesh of its place 22 and Yahweh built the side which he took from the human into woman , and he brought her to the human",615,624,"I will make a help counter-part for Him, and Yahweh caused to fall asleep on the human, and He slept.",0.866,,0.447,YES,SCRIPTURE_OK,
266,569,574,The authors signal connections through both word repetition and shared symbols. 2,640,646,The author's signal connections through both repeated words and shared symbols.,0.854,,0.432,,TEXT_CHANGED+WHISPER_CHECK,
266,574,585,"They are clues to help us become better readers, and it’s remarkable the depth of understanding your group can reach as you hold repeated stories in your mind.",646,656,"They are clues to help us become better readers, and it's remarkable the depth of understanding your group can reach as you hold repeated stories in your mind.",1.000,,0.338,,OK+WHISPER_CHECK,
266,585,592,"God saw good , tov, טוב, in Genesis 1 seven times, ending in a “very good.”",656,662,"God saw good, tove, and Genesis 1 seven times, ending in a very good.",0.939,,0.441,,TEXT_CHANGED+WHISPER_CHECK,
266,592,599,"Humans, however, characteristically see what is good for themselves in their own eyes:",663,669,"Humans, however, characteristically, see what is good for themselves and their own eyes.",0.982,,0.459,,OK+WHISPER_CHECK,
266,599,610,"we take and eat (an image to consume in this case), then give (send out non-life choices), as shown in 3:6 and 16:3.",669,679,"We take and eat an image to consume in this case, and then give, send out non-life choices, as shown in 3 6 and 16 3.",0.972,,0.411,,OK+WHISPER_CHECK,
266,610,620,"But God sees what is not good : He takes and builds (multiplies abundance), then gives (sends out life).",680,684,"But God sees what is not good, something in our world that is broken.",0.835,,0.392,,LOW_CONFIDENCE+WHISPER_CHECK,
266,620,626,Both the similarities and the differences pop out as significant when you compare rounds of the melody.,691,697,Both the similarities and the differences pop out as significant when you compare arounds of the melody.,0.995,,0.403,,OK+WHISPER_CHECK,
266,626,641,"Finally, in both human replays, the male character is said to have “listened to the voice of his wife,” instead of trusting God. Who will you trust to receive the knowledge of good and bad?",698,712,"Finally, in both human replays, the male character is said to have listened to the voice of his wife, instead of trusting God, who will you trust to receive the knowledge of good and bad?",1.000,,0.377,,OK+WHISPER_CHECK,
267,641,642,Structure,714,715,Structure.,1.000,Structure,1.000,,HEADING_SKIP,
268,641,657,"For the purposes of this guide, we will consider a four-part melody that is repeated seven times from Genesis 1 to 22: Creation (C1), Choice (C2), the Division of Relationships (D), and Collapse (C3).",715,725,"For the purposes of this guide, we will consider a four-part melody that is repeated seven times from Genesis 1 through 22.",0.956,,0.494,,TEXT_CHANGED+WHISPER_CHECK,
268,657,666,The repeated pattern can be broken down in many ways and variations are welcome as we all understand the Hebrew authors slightly differently.,733,741,"The repeated pattern can be broken down in many ways, and variations are welcome as we all understand the Hebrew authors slightly differently.",1.000,,0.398,,OK+WHISPER_CHECK,
268,666,676,"Additionally, as the melody repeats beyond Genesis 22, the authors get more creative with twists and inversions that make this four-part model too strict;",742,751,"Additionally, as the melody repeats beyond Genesis 22, the authors get more creative with twist and inversions that make this four-part melody too strict.",0.980,,0.437,,OK+WHISPER_CHECK,
268,676,683,"however, for our purposes here, it works pretty well. The cycle goes around like a circle.",752,755,"However, for our purposes here, it works pretty well.",1.000,,0.397,,TEXT_CHANGED+WHISPER_CHECK,
271,688,696,"Once you firmly grasp the melody, the stories from Genesis 1 through 23 will lock into place.",765,772,"Once you firmly grasp the melody, the story is from Genesis 1 through 23, will lock into place.",0.984,"Once you firmly grasp the melody, the stories from Genesis 1 through 23 will lock into place.",1.000,,OK,
272,696,702,Pattern Breakers!,775,775,Patternbreakers.,0.968,Pattern Breakers!,1.000,,HEADING_SKIP,
273,702,707,"Now, you might be thinking that this all seems pretty gloom and doom. Is life really an inevitable downward spiral that ends in a collapse?",776,785,"Now you might be thinking that this all seems pretty gloom and doom, is life really an inevitable downward spiral that ends in a collapse?",1.000,,0.448,,OK+WHISPER_CHECK,
273,707,710,That’s depressing. No! Of course not.,785,786,That's depressing.,1.000,,0.522,,TEXT_CHANGED+WHISPER_CHECK,
273,710,714,"This is the characteristic human pattern, NOT the way to life.",789,793,"This is the characteristic human pattern, not the way to life.",1.000,,0.547,,OK+WHISPER_CHECK,
273,714,719,I think these authors love to make patterns just to break them.,794,797,I think these authors love to make patterns just to break them.,1.000,,0.473,,OK+WHISPER_CHECK,
273,719,724,"Let’s look at Genesis 5 for a moment, which uses a very clear pattern.",798,802,"Let's look at Genesis 5 for a moment, which uses a very clear pattern.",1.000,,0.448,,OK+WHISPER_CHECK,
273,724,731,"The text below is super long, but I bet you can see the point I’m making about pattern breaking in two seconds.",803,809,"The text below is super long, but I bet you can see the point I'm making about pattern breakingers in about two seconds.",0.960,,0.382,,TEXT_CHANGED+WHISPER_CHECK,
275,731,752,"15 And Mahalalel lived sixty-five years , and he caused the birth of Jared. 16 And Mahalalel lived eight hundred and thirty years after he became the father of Jared, and he caused the birth of sons and daughters. 17 And all the days of Mahalalel were eight hundred and ninety-five years, and he died .",839,847,"And Jared lived 800 years after he became the father of Enoch, and he caused the birth of other sons and daughters.",0.629,,0.467,YES,SCRIPTURE_OK,
281,752,776,"18 And Yared lived one hundred and sixty-two years , and he caused the birth of Enoch. 19 And Yared lived eight hundred years after he became the father of Enoch, and he caused the birth of sons and daughters. 20 And all the days of Yared were nine hundred and sixty-two years, and he died.",832,838,"And Jared lived 162 years, and he caused the birth of Enoch.",0.698,,0.417,YES,SCRIPTURE_OK,
287,776,800,"21 And Enoch lived sixty-five years, and he caused the birth of Methuselah, 22 and Enoch walked with God three hundred years after he became the father of Methuselah, and he caused the birth of sons and daughters, 23 and all the days of Enoch were three hundred and sixty-five years, 24 and Enoch walked with God; and he was not, for God took him .",857,864,And Enoch walked with God 300 years after he became the father of Mathusela.,0.621,,0.418,YES,SCRIPTURE_OK,
294,798,803,The point is NOT the pattern. The point is the pattern breakers!,878,880,The point is not the pattern.,1.000,,0.526,,TEXT_CHANGED+WHISPER_CHECK,
294,803,809,"As we listen for the notes in the melody, be especially on the lookout for pattern breaker moments.",883,889,"As we listened for the notes in the melody, be especially on the lookout for pattern breaker moments.",0.990,,0.474,,OK+WHISPER_CHECK,
294,809,816,"God can work through characteristic human choices, but see what God can do with the pattern breakers.",890,897,"God can work through characteristic human choices, but see what God can do with the pattern breakers.",1.000,,0.461,,OK+WHISPER_CHECK,
294,816,822,"People who choose to listen to God’s voice get an opportunity to become partners in creation,",898,904,"People who choose to listen to God's voice, get an opportunity to become partners in creation.",1.000,,0.398,,OK+WHISPER_CHECK,
294,822,828,"not just in Genesis 1-23, but throughout the Bible. But I’m getting ahead of myself.",905,908,"Not just in Genesis 1 through 23, but throughout the Bible.",0.946,,0.439,,TEXT_CHANGED+WHISPER_CHECK,
294,828,832,"First, we need to see the pattern.",911,913,"First, we need to see the pattern.",1.000,,0.472,,OK+WHISPER_CHECK,
295,832,835,Melody Observations,916,917,Melody observations.,1.000,Melody Observations,1.000,,HEADING_SKIP,
297,835,840,"This middle section is the most academic, but also the heart of this guide.",919,924,"This middle section is the most academic, but also the heart of this guide.",1.000,,0.426,,OK+WHISPER_CHECK,
297,840,846,"If you are a person who spends time in biblical scholarship, to you I say “Enjoy!”",925,930,"If you are a person who spends time in biblical scholarship, to U.I.A. enjoy.",0.960,,0.420,,TEXT_CHANGED+WHISPER_CHECK,
297,846,853,"However, if you are a normal person without a rich background in Bible study, then to you I say “You can do it!”",931,937,"However, if you are a normal person without a rich background in Bible study, then to U.I.A. you can do it.",0.971,,0.394,,OK+WHISPER_CHECK,
297,853,866,Try to be like the people Paul met in Berea in Acts 16:11: “They received the message with great eagerness and examined the Scriptures every day to see if what Paul said was true.”,938,942,Try to be like the people Paul Metin-Beria in Acts 1611.,0.974,,0.573,,TEXT_CHANGED+WHISPER_CHECK,
298,866,870,Genesis 1-7: The Melody Template,951,954,"Genesis 1 through 7, the melody template.",0.870,Genesis 1-7: The Melody Template,1.000,,TEXT_CHANGED,
299,870,880,"Instead of abstractly describing the characteristics of the notes, let’s look at the template of The Genesis Melody provided in Genesis 1-7.",956,965,"Instead of abstractly describing the characteristics of the notes, let's look at the template of the Genesis melody provided in Genesis 1 through 7.",0.968,,0.473,,TEXT_CHANGED+WHISPER_CHECK,
303,880,888,These early chapters of Genesis are intentionally placed at the start of this massive collection as an introduction to the entire work.,966,974,These early chapters of Genesis are intentionally placed at the start of this massive collection as an introduction to the entire work.,1.000,,0.369,,OK+WHISPER_CHECK,
305,888,893,They will plant seeds for themes that will take volumes to fully unpack.,975,979,They will plant seeds for themes that will take volumes down path.,0.882,,0.432,,TEXT_CHANGED+WHISPER_CHECK,
307,893,901,"If we allow them to properly shape our imagination and world view, we will become better Bible readers.",979,985,"If we allow them to properly shape our imagination and worldview, we will become better Bible readers.",0.995,,0.415,,OK+WHISPER_CHECK,
311,901,909,"Work was necessary for the biblical authors to share God's message with us, and work is required to receive it today.",987,995,"Work was necessary for the biblical authors to share God's message with us, and work is necessary to receive it today.",0.934,,0.391,,TEXT_CHANGED+WHISPER_CHECK,
311,909,918,How would Jesus have expressed this point? In John 4:37-38 Jesus quotes an unusual phrase:,996,998,How would Jesus have expressed that point?,0.966,,0.375,,TEXT_CHANGED+WHISPER_CHECK,
311,918,929,"""Thus the saying 'One sows and another reaps' is true... Others have done the hard work, and you have reaped the benefits of their labor.""",1006,1014,"Thus the saying, one so's and another reaps is true, others have done the hard work, and you have reaped the benefits of their labor.",0.996,,0.381,,OK+WHISPER_CHECK,
311,929,940,"Parables can have more than one meaning, a common Hebrew Bible technique, but, for our theme study, the seed sown represents the Wisdom of God planted in His Word.",1015,1026,"Parables can have more than one meaning, a common Hebrew Bible technique, but for our theme study, the seed zone represents the wisdom of God planted in his word.",0.987,,0.355,,OK+WHISPER_CHECK,
311,940,948,"These authors have worked with the Spirit to plant the key insights, but communication requires work from both the speaker and the listener.",1027,1036,"These authors have worked with the Spirit to plant the key insights, but communication requires work from both the speaker and the listener.",1.000,,0.352,,OK+WHISPER_CHECK,
311,948,958,"We have to put in time together with the Spirit to convert words into a relationship, so that we can live in a right relationship with Him.",1036,1045,We have to put in time together with the Spirit to convert these words into a relationship so that we can live in right relationship with Him.,0.971,,0.352,,OK+WHISPER_CHECK,
311,958,969,"The authors use analogies that we can understand, like seed or light, but it all centers around taking on God's view of reality as truth.",1046,1056,"The authors use analogies that we can understand like seed or light, but it all centers around taking on God's view of reality as truth.",1.000,,0.344,,OK+WHISPER_CHECK,
311,969,976,"The only way to reap this freely given fruit is by meditating on it over time, then living it out in our lives.",1057,1064,The only way to reap this freely given fruit is by meditating on it over time and then living it out in our lives.,0.982,,0.359,,OK+WHISPER_CHECK,
311,976,984,Let's get started by looking for the four-part melody in Genesis 1-7 using the table below.,1064,1071,Let's get started by looking for the four-part melody in Genesis 1 through 7 using the table below.,0.951,,0.432,,TEXT_CHANGED+WHISPER_CHECK,
313,984,991,"As you read the text, note that the name Elohim is yet another name for God, a bit less personal than Yahweh.",1072,1080,"As you read the text, note that the name Elohim is yet another name for God, a bit less personal than Yahweh.",1.000,,0.567,,OK+WHISPER_CHECK,
315,991,997,"Again, feel free to translate “Elohim” as “God” if it makes you feel more comfortable.",1081,1085,"Again, feel free to translate Elohim as God if it makes you feel more comfortable.",1.000,,0.391,,OK+WHISPER_CHECK,
317,997,1005,"Also, Ruakh is a Hebrew word which means Spirit, wind, or breath, more on that later.",1086,1091,"Also a Ruhak is a Hebrew word which means Spirit, Wind, or Breath, more on that later.",0.975,,0.394,,OK+WHISPER_CHECK,
343,1013,1033,"After the seven-word Hebrew title of Genesis 1:1, we read about the precreation state of watery chaos, a standard image for nothing at that point in history. However, with the presence of Elohim about to act, hovering as Ruakh over the face of the waters, we have hope.",1102,1113,"After the seven-word Hebrew title of Genesis 1,1 we read about the pre-creation state of watery chaos, a standard image for nothing at that point in history.",0.838,,0.406,,LOW_CONFIDENCE+WHISPER_CHECK,
348,1033,1053,"Elohim speaks to create light and divides those chaos waters to bring order to the sea, sky, and land in Days 1-3. He then fills those spaces with inhabitants in Days 4-6, starting with the lights in the sky, which are called signs. He makes living",1123,1133,"Elohim speaks to create light and divides those chaos waters to bring order to the sea, sky, and land in days 1 through 3.",0.929,,0.380,,TEXT_CHANGED+WHISPER_CHECK,
354,1053,1070,"beings to fill those spaces, giving them a blessing to be fruitful and multiply . Ultimately, God creates the human in His image, male and female He created them, which He sees as "" very good.""",1143,1149,"He makes living beings to fill those spaces, giving them a blessing to be fruitful and multiply.",0.958,,0.363,,TEXT_CHANGED+WHISPER_CHECK,
361,1070,1085,"Finally, on the 7th day, God rests, i.e., takes up residence and rules without conflict. In the imagination of the Ancient Near East, when a ruler rests, it is a time of shalom, peace within the land.",1161,1167,"Finally on the seventh day, God rest, i.e. takes up residence and rules without conflict.",0.979,,0.348,,TEXT_CHANGED+WHISPER_CHECK,
366,1085,1097,"We know this story well, thinking of it as a one-time creation event, but we need to keep reading to realize that creation is a cycle. It will repeat! 3",1177,1188,"We know this story well, thinking of it as a one-time creation event, but we need to keep reading to realize that creation is a cycle, it will repeat.",0.993,,0.368,,OK+WHISPER_CHECK,
370,1097,1107,"Still in the Creation section, Genesis 2:4-6 offers another perspective of non-life, a barren desert without water.",1189,1198,"Still in the creation section, Genesis 2, 4 through 6, offers another perspective of non-life, a barren desert without water.",0.956,,0.549,,TEXT_CHANGED+WHISPER_CHECK,
373,1107,1116,"God brings about life first via a stream, then the human, and finally trees, all in fun Hebrew wordplay.",1199,1207,"God brings about life, first via a stream, then the human, and finally trees, all in fun Hebrew wordplay.",1.000,,0.407,,OK+WHISPER_CHECK,
375,1116,1124,"Again, God's life is present, gently breathing the breath of life into the human.",1208,1214,"Again, God's life is present, gently breathing the breath of life into the human.",1.000,,0.440,,OK+WHISPER_CHECK,
389,1124,1138,The Choice portion of the melody starts with the divine command not to eat from the tree of the knowledge of good and bad.,1222,1230,The choice portion of the melody starts with the divine command not to eat from the tree of the knowledge of good and bad.,1.000,,0.433,,OK+WHISPER_CHECK,
391,1138,1150,"However, between the divine command and the Fall, the authors insert an example of Yahweh seeing, taking, building, and giving in 2:18-22.",1231,1241,"However, between the divine command and the fall, the authors insert an example of Yahweh seeing taking building and giving in 2, 18 through 22.",0.963,,0.412,,TEXT_CHANGED+WHISPER_CHECK,
394,1150,1161,"Unlike Yahweh, the humans see what is good in their eyes, then take, eat, and give non-life. The inevitable consequences follow. God acknowledges the unfortunate new state of His creation but makes some promises worth noting on the way out, see Genesis 3:15.",1250,1252,The inevitable consequences follow.,0.733,"The Choice portion of the melody starts with the divine command not to eat from the tree of the knowledge of good and bad. However, between the divine command and the Fall, the authors insert an example of Yahweh seeing, taking, building, and giving in 2:18-22. Unlike Yahweh, the humans see what is good in their eyes, then take, eat, and give non-life. The inevitable consequences follow. God acknowledges the unfortunate new state of His creation but makes some promises worth noting on the way out, see Genesis 3:15.",0.662,,LOW_CONFIDENCE+WHISPER_CHECK,
412,1177,1183,"Outside of Eden, the next generation escalates the spiral of Division.",1272,1277,"Outside of Eden, the next generation escalates the spiral of division.",1.000,,0.421,,OK+WHISPER_CHECK,
413,1183,1198,"As predicted in Genesis 3:16, they conceive for themselves instead of receiving from God, then experience great anguish. Cain kills Abel. Lamech takes two wives and murders a boy for striking him.",1278,1287,"As predicted in Genesis 3-16, they conceive for themselves instead of receiving from God, then experience great anguish.",0.984,,0.458,,TEXT_CHANGED+WHISPER_CHECK,
418,1198,1212,"The Sons of Elohim see and take the beautiful, tov, daughters of humanity in a parallel spiritual rebellion. We end up with the Nephilim, and the whole land is ruined by Genesis 6:12.",1295,1309,"The sons of El Himes see and take the beautiful Tove, daughters of humanity and a parallel spiritual rebellion, wind up with the Nephilim, and the whole land is ruined by Genesis 6-12.",0.966,,0.434,,TEXT_CHANGED+WHISPER_CHECK,
421,1212,1228,"If Genesis 1 had been a singular creation event then the whole cosmos would have been a very short, rather pointless, project. Fortunately for us, creation, life, and blessing are repeated notes in God's song.",1310,1318,"If Genesis 1 had been a singular creation event, then the whole cosmos would have been a very short, rather pointless project.",1.000,,0.368,,TEXT_CHANGED+WHISPER_CHECK,
439,1234,1242,The Collapse here is one we all know well. God brings about a great leveling act to cleanse the land via the Flood. 6,1333,1336,The collapse here is one we all know well.,0.991,,0.386,,TEXT_CHANGED+WHISPER_CHECK,
442,1242,1255,"This is a clear return to the Genesis 1:2 precreation state. By the end of Genesis 7, the world is again in the same watery chaos image of nothing, minus one small difference… a boat, covered with atonement, preserving seed.",1349,1355,"By the end of Genesis 7, the world is again in the same watery chaos image of nothing.",0.830,,0.554,,LOW_CONFIDENCE+WHISPER_CHECK,
447,1255,1268,This symbol of God preserving life is of no small significance for you and me.,1362,1368,This symbol of God preserving life is of no small significance for you and me.,1.000,,0.403,,OK+WHISPER_CHECK,
451,1268,1284,"Noah, seven other people, and a whole bunch of animals sit and wait until Yahweh does it again. ""How long? Oh LORD?"" the poets say. How long until You do it again?",1369,1376,"Noah, seven other people, and a whole bunch of animals sit and wait until Yahweh does it again.",0.880,,0.351,,TEXT_CHANGED+WHISPER_CHECK,
460,1284,1288,Genesis 1-7: Pattern Breakers!,1385,1388,Genesis 1-7 patternbreakers.,0.981,Genesis 1-7: Pattern Breakers!,1.000,,HEADING_SKIP,
462,1288,1319,"In the same way that Genesis 1-7 is The Template for the melody, it is also the template for pattern breakers! Clearly, Enoch and Noah don't follow the characteristic division and collapse cycle, but there is also a delightful ski jump at the end of chapter 4. From 4:1 to 4:24 we see characteristic human choices to establish the pattern. In those verses, Eve claims to have made a man all by herself in comparison to Yahweh. The authors use clever wordplay by noting only that Cain was",1389,1396,"In the same way that Genesis 1-7 is the template for the melody, it is also the template for patternbreakers.",0.665,,0.645,,LOW_CONFIDENCE+WHISPER_CHECK,
471,1319,1331,"conceived , the Hebrew root harah (הרה), with no mention of him being a son , the Hebrew word ben ( בן ). Cain, however, is invited by God to be a pattern breaker in the next generation.",1420,1430,"The authors use clever wordplay noting only that Cain was conceived, the Hebrew word Harah, with no mention of him being a son, the Hebrew word Ben.",0.673,,0.340,,LOW_CONFIDENCE+WHISPER_CHECK,
476,1331,1343,"He can rule over sin, but instead he chooses the path of non-life. Then Cain's wife will also conceive , but again no mention of their child, a different Enoch, being a son . We have already seen where that path spirals out of control in the Division section above.",1443,1450,"Then Cain's wife will also conceive, but again no mention of their child, a different Enoch, being a son.",0.856,,0.381,,TEXT_CHANGED+WHISPER_CHECK,
481,1357,1364,"Let's skip to verse 25, where we will see something new that you won't find on the Division spiral.",1456,1462,"Let's skip to verse 25, where we will see something new that you won't find on the division spiral.",1.000,,0.378,,OK+WHISPER_CHECK,
485,1364,1378,"In the closing section of chapter 4, verses 25 and 26, we start with intentionally repeated words from verse 1, ""Adam knew his wife again,"" but things go differently this time!",1463,1474,"In the closing section of chapter 4 verses 25 and 26, we start with intentionally repeated words from verse 1, Adam knew his wife again.",0.994,,0.484,,TEXT_CHANGED+WHISPER_CHECK,
488,1378,1398,"First, right at this pivot, the Hebrew name for Adam changes from The Adam, i.e. ""The Human"", to just Adam, a personal name. Conversely, Eve's name was used in verse 1, but now she called only ""Adam's wife"" to emphasize their union over individuality. Next, the authors hint that something is new by only stating that she",1477,1486,"First, right at this pivot, the Hebrew name for Adam changes from the Adam, I.e. the human, to just Adam, a personal name.",0.867,"In the closing section of chapter 4, verses 25 and 26, we start with intentionally repeated words from verse 1, “Adam knew his wife again,” but things go differently this time! First, right at this pivot, the Hebrew name for Adam changes from The Adam, i.e. “The Human”, to just Adam, a personal name. Conversely, Eve’s name was used in verse 1, but now she called only “Adam’s wife” to emphasize their union over individuality. Next, the authors hint that something is new by only stating that she bears a son (yalad ben) with no mention of her conceiving.",0.654,,TEXT_CHANGED+WHISPER_CHECK,
495,1398,1407,bears a son (yalad ben) with no mention of her conceiving .,1497,1506,"Next, the author's hint that something is new, by always stating that she bears a son, yellowed Ben, with no mention of her conceiving.",0.576,,0.500,,MANUAL_REVIEW,
498,1407,1413,"1 Now, the human knew his wife Eve ,",2244,2248,"Finally, Ham saw the nakedness of his father.",0.474,"4:1 Now, the human knew his wife Eve,",0.985,YES,SCRIPTURE_OK,
500,1407,1413,and she conceived and she gave birth,810,815,"And Mahaloel lived 65 years, and he caused the birth of Jared.",0.562,and she conceived and she gave birth,1.000,YES,SCRIPTURE_OK,
502,1413,1421,25 and Adam knew his wife again,2244,2248,"Finally, Ham saw the nakedness of his father.",0.378,4:25 and Adam knew his wife again,0.984,YES,SCRIPTURE_LOW_CONF,
504,1413,1421,"and she gave birth to a son ,",822,824,And he caused the birth of sons and daughters.,0.583,"and she gave birth to a son,",1.000,YES,SCRIPTURE_OK,
506,1421,1432,"Obviously, she did conceive for every birth. She clearly became pregnant at some point, but the authors do not mention it, since this birth is not all about Eve.",1522,1531,"Obviously, she did conceive for every birth, she clearly became pregnant at some point, but the authors don't mention it, since this birth is not all about Eve.",0.994,,0.464,,OK+WHISPER_CHECK,
510,1432,1445,"Finally, Adam's wife shows her new perspective by giving the glory to Elohim, not herself. She sees life as a gift to be received instead of an act accomplished by herself.",1533,1538,"Finally, Adam's wife shows her new perspective by giving the glory to Elohim not herself.",0.936,,0.339,,TEXT_CHANGED+WHISPER_CHECK,
513,1445,1460,"Then it hits you... She is the first to break the pattern ! She was the first to take the fruit, but she was also the first to turn back and make a different choice. We all fail, that's really nothing new, but we don't all turn back to God.",1547,1556,"She is the first to break the pattern. She was the first to take the fruit, but she was also the first to turn back and make a different choice.",0.764,,0.397,,LOW_CONFIDENCE+WHISPER_CHECK,
518,1460,1491,"Eve, Mother of all living-ones, is famous for Genesis 3:6-7, but she was also the first to receive the fruit. Welcome home! I say ""Welcome home"" because Eden is a place where heaven and earth overlap. A place where human and divine work together as one (yachad in Hebrew). It has always been more than just a physical spot on the map. Let's bring life to the next generation together!",1562,1571,"Eve, mother of all living ones, is famous for Genesis 3, 6, through 7, but she was also the first to receive the fruit.",0.910,,0.570,,TEXT_CHANGED+WHISPER_CHECK,
528,1491,1497,"Here are the pattern breaker choices in the first cycle of the melody, starting with Eve.",1591,1597,"Here are the pattern breaker choices in the first cycle of the melody, starting with Eve.",1.000,"Here are the pattern breaker choices in the first cycle of the melody, starting with Eve.",1.000,,OK,
583,1564,1598,"If these phrases were used only in this verse, the mystery would be impossible to unravel, but that's not how the Bible works. The authors slowly reveal additional information as stories repeat to invite hearers to become active participants. For example, these subtle ""conceive"" vs ""bear a son"" word choices will echo not just in chapter 4 with Eve herself, but with other mothers in Scripture. To conceive is not a 100% match for pending great anguish, but it's a hint used more than a few times. Consider: Avram and Hagar",1669,1677,The authors slowly reveal additional information as stories repeat to invite hearers to become active participants.,0.648,,0.468,,LOW_CONFIDENCE+WHISPER_CHECK,
593,1598,1625,"conceive with Ishmael, Genesis 16:4, but Avraham and Sarah conceive and bear a son with Isaac, 21:2. David and Bathsheba initially conceive a child who died on the seventh day, 2 Samuel 11:5, but later bear a son , Solomon in 12:24-25.",1696,1708,"Consider, Abraham and Hegar conceive with Ishmael, Genesis 164, but Abraham and Sarah conceive in Barisun with Isaac, 212.",0.735,,0.312,,LOW_CONFIDENCE+WHISPER_CHECK,
597,1625,1663,"The later stories inform the earlier Genesis 3:16 mystery. (Note: comically this is similar to how backpropagation is used today in training neural networks.) As a teacher, I can identify this technique of putting an initial puzzle before students, a little mystery to figure out. These authors have intentionally crafted a learning experience to find linked words that unlock a cryptic statement. Focusing on ten words at a time doesn't work, you need the greater narrative. Much like The Ten Words, the 10 Commandments, the ten Hebrew words of Genesis 3:16 to the woman take time and effort to unpack.",1728,1735,"As a teacher, I can identify this technique of putting an initial puzzle before students, a little mystery to figure out.",0.558,,0.505,,MANUAL_REVIEW,
597,1663,1692,"With these patterns in mind, we return to Genesis 4:25-26, where Seth and Enosh are on God's chosen path. They are sons, think John 1:12, who experience only necessary labor pains. They avoid the great anguish seen in 4:1-24 with self made plans. Let's see how God will work through these pattern breaker choices in the generations that follow.",1761,1770,"With these patterns in mind, we return to Genesis 425 through 26, where Satan and Enoch are on God's chosen path.",0.644,,0.331,,LOW_CONFIDENCE+WHISPER_CHECK,
609,1696,1705,5:22 and Enoch walked with God three hundred years …,871,877,"And Enoch walked with God, and he was not, or God took him.",0.629,5:22 and Enoch walked with God three hundred years …,1.000,,LOW_CONFIDENCE,
612,1705,1708,"23 and all the days of Enoch were three hundred and sixty-five years,",847,852,"And all the days of Jared were 962 years, and he died.",0.555,"23 and all the days of Enoch were three hundred and sixty-five years,",1.000,,MANUAL_REVIEW,
615,1708,1715,"24 and Enoch walked with God; and he was not, for God took him .",1797,1811,"An Enoch walked with God 300 years, and all the days of Enoch were 365 years, and Enoch walked with God, and he was not, or God took him.",0.594,"24 and Enoch walked with God; and he was not, for God took him.",1.000,,MANUAL_REVIEW,
629,1715,1724,"according to all that Elohim had commanded him, so he did.",1816,1827,"An Elohim said to Noah, build an ark, many cosmos, and Noah did it, according to all that Elohim had commanded him, so he did.",0.636,"according to all that Elohim had commanded him, so he did.",1.000,,LOW_CONFIDENCE,
643,1732,1736,And Noah did it! That’s all we needed to know.,871,877,"And Enoch walked with God, and he was not, or God took him.",0.485,And Noah did it! That’s all we needed to know.,1.000,,MANUAL_REVIEW,
649,1736,1750,"God preserves a remnant to partner with him in the next melody cycle, and the pattern breakers are that remnant. The prophets will later develop this concept at length, but the theme is planted right here in Genesis.",1841,1849,"God preserves a remnant, to partner with him in the next melody cycle, and the pattern breakers are that remnant.",0.871,"God preserves a remnant to partner with him in the next melody cycle, and the pattern breakers are that remnant. The prophets will later develop this concept at length, but the theme is planted right here in Genesis. They will join God to rebuild the cosmos when he does it again!",0.871,,TEXT_CHANGED,
653,1750,1757,They will join God to rebuild the cosmos when he does it again!,1849,1861,"The prophets will later develop this concept at length, but the theme is planted right here in Genesis. They will join God to rebuild the cosmos when he does it again.",0.549,,0.471,,MANUAL_REVIEW,
655,1757,1762,Genesis 8-11: The Second Round of the Melody,1864,1866,Genesis 8-11.,1.000,Genesis 8-11: The Second Round of the Melody,1.000,,TEXT_CHANGED,
657,1762,1779,"Before we jump into the second cycle of the melody, I'd like to pause for a moment and congratulate you for making it to the center of the center of this guide. We find ourselves in Genesis 8:1 and it feels symbolic, as if very early in the morning on the first day of a new week.",1869,1878,"Before we jump into the second round of the melody, I'd like to pause for a moment, and congratulate you for making it to the center of the center of this guide.",0.916,,0.475,,TEXT_CHANGED+WHISPER_CHECK,
662,1779,1795,"I sure hope something important happens. Sure enough, something truly remarkable and significant will happen. Genesis 1 will replay in Genesis 8:1-9:18, but in new ways for a new generation.",1890,1897,"I sure hope something important happens. Sure enough, something truly remarkable and significant will happen.",0.871,,0.410,,TEXT_CHANGED+WHISPER_CHECK,
665,1795,1812,"A pattern is not a pattern unless it repeats. So in Genesis 1-11, the introduction to the Bible, we see the cycle of life, not once, but twice. The Hebrew Bible authors are quietly going to reshape the way you see the world.",1911,1918,"So in Genesis 1-11, the introduction to the Bible, we see the cycle of life not once, but twice.",0.697,,0.395,,LOW_CONFIDENCE+WHISPER_CHECK,
669,1812,1828,"The Spirit has breathed into them a truth that God never stops bringing creation, life, and blessing. Let's reflect on their words and try to become listeners that live out Psalm 1:1-1:3.",1919,1933,"The Hebrew Bible authors are quietly going to reshape the way you see the world. The Spirit has breathed into them a truth that God never stops creating life, creation, life, and blessing.",0.638,,0.351,,LOW_CONFIDENCE+WHISPER_CHECK,
674,1828,1836,"The cycle begins again in Genesis 8:1, unmistakably, right in the chiastic center of the flood narrative. 8",1942,1949,"The cycle begins again and 8-1, unmistakably, right in the chiastic center of the flood narrative.",0.934,,0.453,,TEXT_CHANGED+WHISPER_CHECK,
677,1836,1857,"Life begins with the presence of God, shown again as Ruakh (רוח), the Hebrew word that means wind, breath, or Spirit. Additionally, we introduce a new highly significant word, zakar , which means not just ""remembered,"" but more accurately ""remembered and acted on it!"" 7",1957,1968,"Additionally, we introduce a new, highly significant word, Zakar, which means not just remembered, but more accurately remembered and acted on it.",0.712,"The cycle begins again in Genesis 8:1, unmistakably, right in the chiastic center of the flood narrative.8 Life begins with the presence of God, shown again as Ruakh (רוח), the Hebrew word that means wind, breath, or presence. Additionally, we introduce a new highly significant word, zakar, which means not just “remembered,” but more accurately “remembered and acted on it!”7",0.810,,LOW_CONFIDENCE,
686,1857,1876,8:1 “And Elohim remembered (zakar) Noah,2312,2314,"Wait, Canaan? Where did Ham go?",0.413,8:1 “And Elohim remembered (zakar) Noah,1.000,YES,SCRIPTURE_OK,
689,1857,1876,and all the living creatures,1250,1252,The inevitable consequences follow.,0.419,and all the living creatures,1.000,YES,SCRIPTURE_OK,
691,1857,1876,and all the beasts that were with him in the ark;,2244,2248,"Finally, Ham saw the nakedness of his father.",0.462,and all the beasts that were with him in the ark;,1.000,YES,SCRIPTURE_OK,
694,1857,1876,and Elohim caused to pass,2373,2375,Dangerous notes are beginning to play.,0.419,and Elohim caused to pass,1.000,YES,SCRIPTURE_OK,
695,1857,1876,a Spirit/wind ( Ruakh ) to cover the land,1866,1868,The second round of the melody.,0.485,a Spirit/wind (Ruakh) to cover the land,1.000,YES,SCRIPTURE_OK,
697,1857,1876,and the waters subsided.”,1377,1379,"How long, O Lord, the poet say?",0.392,and the waters subsided.”,1.000,YES,HEADING_SKIP,
700,1876,1887,"To help you compare the two “about to act” creation moments, here is the precreation state of Genesis 1:2, where the Ruakh was over the face of the waters.",1986,1995,"To help you compare the two about to act creation moments, here is the pre-creation state of Genesis 1-2, where the Ruaq was over the face of the waters.",0.990,"To help you compare t[a]he two “about to act” creation moments, here is the precreation state of Genesis 1:2, where the Ruakh was over the face of the waters.",0.997,,OK,
705,1887,1905,"1: 2 Now, the land was wild and waste (תהו ווהו • tohu va-vohu ) ,",1996,2005,"Now the land was wild and waste, Tohu-Vabu, and darkness was over the face of the deep abyss, the toome.",0.529,"1:2 Now, the land was wild and waste  (תהו ווהו • tohu va-vohu),",0.991,YES,SCRIPTURE_OK,
708,1887,1905,"and darkness was over the face of the deep abyss (תהום • tehom ) ,",1996,2005,"Now the land was wild and waste, Tohu-Vabu, and darkness was over the face of the deep abyss, the toome.",0.671,"and darkness was over the face of the deep abyss  (תהום • tehom),",1.000,YES,SCRIPTURE_OK,
711,1897,1905,but the breath ( Ruakh ) of Elohim was hovering over the face of the waters (המים),2006,2013,"But the breath, Ruaq, of Elohim, was hovering over the face of the waters, Hamein.",0.915,but the breath (Ruakh) of Elohim was hovering over the face of the waters  (המים),1.000,YES,SCRIPTURE_OK,
715,1905,1922,"This guide is not a deep dive on the Holy Spirit , the third person of the Trinity, for that consider a work like Tyler Staton's The Familiar Stranger . 10",2014,2023,"This guide is not a deep dive on the Holy Spirit, the third person of the Trinity, for that consider a work like Tyler Stanton's, the familiar stranger.",0.986,,0.560,,OK+WHISPER_CHECK,
719,1914,1932,"However, I do want to at least point out that the Spirit did not come only after Jesus' death at Pentecost in Acts 2. The same Spirit has been present and active since page one, doing what God does best, breathing life into His creation.",2024,2041,"However, I do want to at least point out that the Spirit did not come only after Jesus' death at Pentecost in Acts 2, the same Spirit has been present and active since page 1, doing what God does best, breathing life into His creation.",0.991,"This guide is not a deep dive on the Holy Spirit, the third person of the Trinity, for that consider a work like Tyler Staton’s The Familiar Stranger.10 However, I do want to at least point out that the Spirit did not come only after Jesus' death at Pentecost in Acts 2. The same Spirit has been present and active since page one, doing what God does best, breathing life into His creation.",0.750,,OK,
725,1932,1940,"By the way, props to the 16th-century Bible scholars who chose to put the first melody into exactly seven chapters. Well done!",2042,2050,"By the way, props to the 16th century Bible scholars, who chose to put the first melody into exactly seven chapters, well done.",0.996,"By the way, props to the 16th-century Bible scholars who chose to put the first melody into exactly seven chapters. Well done!",1.000,,OK,
729,1940,1948,"Next , Elohim commands Noah and his family to go out from the ark, blessing them Genesis 1 style:",2051,2068,"Next, Elohim commands Noah and his family to go out from the ark, blessing them Genesis 1-style, and Elohim bless Noah and his sons, and he said to them, be fruitful and multiply, fill the land.",0.659,"Next, Elohim commands Noah and his family to go out from the ark, blessing them Genesis 1 style:",1.000,,LOW_CONFIDENCE,
733,1948,1958,"9:1 And Elohim blessed Noah and his sons and he said to them,",2051,2068,"Next, Elohim commands Noah and his family to go out from the ark, blessing them Genesis 1-style, and Elohim bless Noah and his sons, and he said to them, be fruitful and multiply, fill the land.",0.457,"9:1 And Elohim blessed Noah and his sons and he said to them,",1.000,YES,SCRIPTURE_OK,
737,1948,1958,"“ Be fruitful and multiply , and fill the land .",1866,1868,The second round of the melody.,0.472,"“Be fruitful and multiply, and fill the land.",1.000,YES,SCRIPTURE_OK,
741,1958,1968,"All is good in blissful Creation at the top of the mountain with God. However, it makes an informed reader wonder what will come next…",2069,2074,All is good in blissful creation at the top of the mountain with God.,0.952,"All is good in blissful Creation at the top of the mountain with God. However, it makes an informed reader wonder what will come next… and worry. The authors continue the Creation, Choice, Division of Relationships, and Collapse cycle using very clear notes.",0.688,,TEXT_CHANGED+WHISPER_CHECK,
743,1968,1977,"and worry. The authors continue the Creation, Choice, Division of Relationships, and Collapse cycle using very clear notes.",2081,2089,"The authors continue the creation, choice, division of relationships, and collapse cycle, using very clear notes.",0.956,,0.641,,TEXT_CHANGED+WHISPER_CHECK,
748,1977,1992,"In the second pass through the melody, Genesis 8-11, notice that the authors never replay a story identically. Each cycle fills out the one before, quietly expanding your sense of what each note is communicating.",2090,2097,"In the second pass through the melody, Genesis 8-11, notice that the authors never replay a story identically.",1.000,"In the second pass through the melody, Genesis 8-11, notice that the authors never replay a story identically. Each cycle fills out the one before, quietly expanding your sense of what each note is communicating. By the end of only two laps, you’ll reflect back on Genesis 1-7 in ways that you couldn’t see before.",0.809,,TEXT_CHANGED,
752,1992,2002,"By the end of only two laps, you'll reflect back on Genesis 1-7 in ways that you couldn't see before.",2105,2111,"By the end of only two laps, you reflect back on Genesis 1-7 in ways that you couldn't have seen before.",0.959,,0.481,,TEXT_CHANGED+WHISPER_CHECK,
777,2007,2027,"We again hear Creation notes of blessing, but with a new twist, the humans and animals are partnering with God in the creation process. Events continue in blissful harmony with a sacrifice, covenant, and a sign of the covenant, the rainbow. What could go wrong?",2118,2129,"We again hear creation notes of blessing, but with a new twist, the humans and animals are partnering with God in the creation process.",0.686,,0.362,,LOW_CONFIDENCE+WHISPER_CHECK,
785,2027,2037,"However, we know the cycle will repeat since Genesis 8:21 warns us that the human heart has not changed .",2203,2213,"What could go wrong? However, we know the cycle will repeat since Genesis 8-21 warns us that the human heart has not changed.",0.910,,0.457,,TEXT_CHANGED+WHISPER_CHECK,
799,2042,2066,"The next generation repeats the sins of the old as the Choice notes begin to play in the new Eden space. Noah takes the wine in an illicit way by getting drunk. Then he uncovers himself in the middle of his tent. These are verbal echoes of Adam and Eve taking the fruit in the middle of the garden, then realizing they were naked.",2229,2236,"Noah takes the wine, and in a illicit way by getting drunk, then he uncovers himself in the middle of his tent.",0.718,,0.367,,LOW_CONFIDENCE+WHISPER_CHECK,
809,2066,2084,"Finally, Ham ""saw the nakedness of his father"". In Hebrew, a man's nakedness is his wife, Leviticus 18:7-8 spells this out plainly. The act is so terrible that the authors use a common Hebrew euphemism. Despite our modern debates and mystery, """,2249,2256,"In Hebrew a man's nakedness is his wife, Leviticus 187-8 spells this out plainly.",0.780,,0.288,,LOW_CONFIDENCE+WHISPER_CHECK,
815,2084,2127,"seeing the nakedness"" is a standard phrase stating that Ham had sex with his father's wife. The word choice ties this unthinkable moment into the "" seeing what is good in his eyes"" theme. Translators face an impossible task here. They need to maintain the 3:6 ""seeing"" hyperlink, discern the idioms, and keep it to five words or fewer. So they usually just follow the pattern of prior translations, throw their hands in the air, and give a literal word-for-word translation, leaving interpretation to the reader (which is fine, let commentaries explain it).",2261,2269,"Despite our modern debates and mystery, seeing the nakedness is a standard phrase stating that Ham had sex with his father's wife.",0.478,,0.524,,MANUAL_REVIEW,
828,2127,2156,"Next, much like God did in the Garden exit, this new state results in Noah giving blessings to Yahweh the Elohim of Shem and curses to Canaan. Wait, Canaan? Where did Ham go? Canaan, the father of the Canaanites, was Ham's fourth and final son, but the authors don't explain the generational jump at all. Instead, you are forced to use your imagination to fill in the gap.",2312,2314,"Wait, Canaan? Where did Ham go?",0.749,,0.336,,LOW_CONFIDENCE+WHISPER_CHECK,
848,2162,2184,"It is no surprise that Division comes next. In fact, it has already begun. Ham's horrific power play fractured the family, causing the three brothers to divide into the nations. The spiral continues with Nimrod building Babylon, the icon for communal evil choices used throughout the Bible.",2337,2342,"It is no surprise that division comes next. In fact, it has already begun.",0.752,"It is no surprise that Division comes next. In fact, it has already begun. Ham’s horrific power play fractured the family, causing the three brothers to divide into the nations. The spiral continues with Nimrod building Babylon, the icon for communal evil choices used throughout the Bible. Finally, Yahweh does a thorough investigation of the situation in Genesis 11:5, “And Yahweh came down to see the city and the tower that the sons of humanity built.” Dangerous notes are beginning to play.",0.740,,LOW_CONFIDENCE,
854,2184,2202,"Finally, Yahweh does a thorough investigation of the situation in Genesis 11:5, ""And Yahweh came down to see the city and the tower that the sons of humanity built ."" Dangerous notes are beginning to play.",2359,2372,"Finally, Yahweh does a thorough investigation of the situation in Genesis 11-5, and Yahweh came down to see the city and the tower that the sons of humanity built.",1.000,,0.582,,TEXT_CHANGED+WHISPER_CHECK,
871,2204,2228,"In this cycle, the collapse is Yahweh scattering the civilization of Babylon at the Tower of Babel. 11:9 ""from there Yahweh scattered them upon the face of all the land."" In our generation, scattering a nation doesn't carry the same weight, but in this context, these are Collapse notes.",2391,2395,"From there, Yahweh scattered them upon the face of all the land.",0.773,,0.613,,LOW_CONFIDENCE+WHISPER_CHECK,
877,2228,2256,"For example, in 9:19, the authors describe the ""scattering"" using the Hebrew word naphats , which Psalm 2:9 uses to ""shatter"" like a pot. So God shattered the people of Babylon like a pot onto the face of the land. God has initiated the collapse in both cycles so far to set the stage for new life, 9 but that will not always be the case as the melody continues.",2404,2414,"For example, in 9.19, the authors described the scattering using the Hebrew word in the Fats, which Psalm 2.9 uses to shatter like a pot.",0.714,"In this cycle, the collapse is Yahweh scattering the civilization of Babylon at the Tower of Babel. 11:9 “from there Yahweh scattered them upon the face of all the land.” In our generation, scattering a nation doesn't carry the same weight, but in this context, these are Collapse notes. For example, in 9:19, the authors describe the “scattering” using the Hebrew word naphats, which Psalm 2:9 uses to “shatter” like a pot. So God shattered the people of Babylon like a pot onto the face of the land. God has initiated the collapse in both cycles so far to set the stage for new life,9 but that will not always be the case as the melody continues.",0.714,,LOW_CONFIDENCE,
892,2256,2266,"With only two passes through the melody, we can already hear many distinctive notes that emerge from Genesis 1-11. Here are only a few:",2433,2442,"With only two passes through the melody, we can already hear many distinctive notes that emerge from Genesis 1-11, here only a few.",0.984,"With only two passes through the melody, we can already hear many distinctive notes that emerge from Genesis 1-11. Here are only a few:",1.000,,OK,
896,2283,2293,"Enjoyable side quest: Go read the first two chapters of Luke, listening for Creation notes of Spirit, blessing, and signs .",2461,2475,"Enjoyable sidequest, go read the first two chapters of Luke, listening for creation notes of spirit, blessing and signs, there more than you might guess, and you'll wonder how you missed them before.",0.751,"Enjoyable side quest: Go read the first two chapters of Luke, listening for Creation notes of Spirit, blessing, and signs. There are more than you might guess, and you’ll wonder how you missed them before.",0.745,,LOW_CONFIDENCE,
900,2293,2300,"There are more than you might guess, and you'll wonder how you missed them before.",2461,2475,"Enjoyable sidequest, go read the first two chapters of Luke, listening for creation notes of spirit, blessing and signs, there more than you might guess, and you'll wonder how you missed them before.",0.583,,0.572,,MANUAL_REVIEW,
903,2300,2303,Genesis 8-11: Pattern Breakers!,2509,2511,The next patternbreakers are Shem and Yapa.,0.543,Genesis 8-11: Pattern Breakers!,1.000,,HEADING_SKIP,
905,2303,2331,"Who are the pattern breakers in the second round of the melody and how will God preserve life through them? It is a shorter melody, so there are fewer pattern breakers, but we still see a few. We have Noah who builds an altar and makes a going-up offering to Yahweh. Yahweh smells the soothing smell and responds in blessing. This sacrifice note is mirrored in other rounds of the melody in creative ways.",2489,2493,"It is a shorter melody, so there are fewer patternbreakers, but we still see a few.",0.548,"Who are the pattern breakers in the second round of the melody and how will God preserve life through them? It is a shorter melody, so there are fewer pattern breakers, but we still see a few.  We have Noah who builds an altar and makes a going-up offering to Yahweh. Yahweh smells the soothing smell and responds in blessing. This sacrifice note is mirrored in other rounds of the melody in creative ways. The next pattern breakers are Shem and Japheth. They do the opposite of Ham and cover their father’s nakedness. This time, not seeing their father's nakedness is simple and literal. These authors use clever wordplay even when the subject matter makes us feel uncomfortable. Subtle symmetries, through repeated words, help readers see the inversion.",0.701,,MANUAL_REVIEW,
912,2331,2356,"The next pattern breakers are Shem and Japheth. They do the opposite of Ham and cover their father's nakedness. This time, not seeing their father's nakedness is simple and literal. These authors use clever wordplay even when the subject matter makes us feel uncomfortable. Subtle symmetries, through repeated words, help readers see the inversion.",2517,2520,This time not seeing their father's nakedness is simple and literal.,0.634,,0.629,,LOW_CONFIDENCE+WHISPER_CHECK,
920,2356,2372,"Afterwards, Noah blesses Yahweh the Elohim of Shem and again a remnant is preserved through Shem's line. Genesis 11:10-26 gives another ten-generation bridge, mirroring chapter 5.",2532,2541,"Afterwards, Noah blesses Yahweh the Elohim of Shem, and again a rimmna is preserved through Shem's line.",0.959,"Afterwards, Noah blesses Yahweh the Elohim of Shem and again a remnant is preserved through Shem’s line. Genesis 11:10-26 gives another ten-generation bridge, mirroring chapter 5. It is the tenth, Avram, who will partner with God to start the next melody cycle. Will Avram be the one who will crush the head of the snake?",0.713,,TEXT_CHANGED,
922,2372,2384,"It is the tenth, Avram, who will partner with God to start the next melody cycle. Will Avram be the one who will crush the head of the snake?",2548,2554,"It is the 10th, Avrum, who will partner with God to start the next melody cycle.",0.967,,0.614,,TEXT_CHANGED+WHISPER_CHECK,
926,2384,2392,Genesis 11:27-22:19: Cycles Three to Seven with Avraham,2562,2568,"Genesis 11 27-22 19, cycles 3-7 with Avrum.",0.756,Genesis 11:27-22:19: Cycles Three to Seven with Avraham,1.000,,LOW_CONFIDENCE,
928,2392,2416,"With Genesis 1-11 complete, we come to the next major section of Genesis and start the third cycle of the melody. It opens with a title in Genesis 11:27, "" Now these are the generations of Terakh."" Then, following the Genesis 1 pattern, we have a new precreation state in 11:28-32.",2570,2578,"With Genesis 1-11 complete, we come to the next major section of Genesis and start the third cycle of the melody.",0.819,"With Genesis 1-11 complete, we come to the next major section of Genesis and start the third cycle of the melody. It opens with a title in Genesis 11:27, “Now these are the generations of Terakh.” Then, following the Genesis 1 pattern, we have a new precreation state in 11:28-32. This time, the symbols for non-life are not watery chaos or a dry desert. Instead, if you read with eyes looking for symbols of death and disorder, you will notice:",0.771,,LOW_CONFIDENCE,
933,2416,2428,"This time, the symbols for non-life are not watery chaos or a dry desert. Instead, if you read with eyes looking for symbols of death and disorder, you will notice:",2594,2599,"This time, the symbols for non-life are not watery chaos or a dry desert.",0.984,,0.541,,TEXT_CHANGED+WHISPER_CHECK,
938,2428,2432,And Haran died before his father Terakh,2606,2609,"And Heron died before his father, Tarak.",0.909,* And Haran died before his father Terakh,1.000,,TEXT_CHANGED,
940,2432,2436,"And Sarai was barren , she had no child",2610,2613,"And Sarah was barren, she had no child.",0.973,"* And Sarai was barren, she had no child",1.000,,OK,
942,2436,2442,And they went out … to go to the land of Canaan ; and they went as far as Haran,2613,2619,"And they went out to go to the land of Canaan, and they went as far as Heron.",0.973,* And they went out … to go to the land of Canaan; and they went as far as Haran,1.000,,OK,
946,2442,2445,A nd Terakh died in Haran,2620,2622,And Tarak died in Heron.,0.833,* And Terakh died in Haran,0.980,,LOW_CONFIDENCE,
949,2445,2477,"Without God’s presence, the “wild and waste” from Genesis 1:2 is depicted with these new symbols of precreation non-life. Genesis 12:1 then starts the Creation section of Melody three with Yahweh speaking to Avram, who steps into the role of Adam and Noah. In this generation, he will partner with God to once again bring about creation , life, and blessing.",2634,2645,"Genesis 12-1 then starts the creation section of the melody with Yahweh speaking to Avrum, who steps into the role of Adam and Noah.",0.777,"Without God’s presence, the “wild and waste” from Genesis 1:2 is depicted with these new symbols of precreation non-life. Genesis 12:1 then starts the Creation section of Melody with Yahweh speaking to Avram, who steps into the role of Adam and Noah. In this generation, he will partner with God to once again bring about creation, life, and blessing.",0.991,,LOW_CONFIDENCE,
959,2477,2484,"12:1 “And Yahweh said to Avram,",2655,2659,"And Yahweh said to Avrum, get yourself going.",0.648,"12:1 “And Yahweh said to Avram,",1.000,YES,SCRIPTURE_OK,
961,2477,2484,Get yourself going …”,2655,2659,"And Yahweh said to Avrum, get yourself going.",0.590,Get yourself going…”,1.000,YES,HEADING_SKIP,
964,2484,2517,"It’s a wonderful and significant speech, but a bit long for this guide. Go read it! It calls Avram to come out, much like Noah was called out of the Ark. Then Yahweh expands the new Creation promise, stating: “in you all the families of the land will find blessing”. Verses 4 and 5 then tell another journey story, but now with God present. Interestingly, this second journey was perhaps the same trip, see Acts 7:2.",2672,2681,"Then Yahweh expands the new creation promise, stating, in you, all the families of the land will find blessing.",0.619,"It’s a wonderful and significant speech, but a bit long for this guide. Go read it! It calls Avram to come out, much like Noah was called out of the Ark. Then Yahweh expands the new Creation promise, stating: “in you all the families of the land will find blessing”. Verses 4 and 5 then tell another journey story, but now with God present. Interestingly, this second journey was perhaps the same trip, see Acts 7:2. This reminds me of Genesis 1:2 where darkness was over the face of the tehom, the waters of death, but the Spirit of Elohim was hovering over the face of the waters. Those might be the same physical states, just described first without God's presence and then with it. The difference is not what you would see with your eyes. The difference is God.",0.701,,LOW_CONFIDENCE,
973,2517,2543,"This reminds me of Genesis 1:2 where darkness was over the face of the tehom , the waters of death, but the Spirit of Elohim was hovering over the face of the waters . Those might be the same physical states, just described first without God’s presence and then with it. The difference is not what you would see with your eyes. The difference is God.",2695,2704,"This reminds me of Genesis 1-2, where darkness was over the face of the Tahom, the waters of death, but the spirit of Elhim was hovering over the face of the waters.",0.865,,0.629,,TEXT_CHANGED+WHISPER_CHECK,
982,2543,2578,"Next, Avram journeys throughout the land with Yahweh in Genesis 12:6-9, much like Adam and Eve walked with God in the windy part of the day. An informed reader enjoys the bliss of Creation notes, but is again worried about what will happen next. Yahweh makes a clear, unconditioned declaration in Genesis 12:7: ""To your seed I will give this land."" Will Avram trust and obey, staying in the land that Yahweh has promised? You already know.",2720,2738,"Next, Avrum journeys throughout the land with Yahweh and Genesis 12-6-9, much like Adam and Eve, walk with God in the windy part of the day, and inform reader enjoys the bliss of creation notes, but is again worried about what will happen next.",0.770,"Next, Avram journeys throughout the land with Yahweh in Genesis 12:6-9, much like Adam and Eve walked with God in the windy part of the day. An informed reader enjoys the bliss of Creation notes, but is again worried about what will happen next. Yahweh makes a clear, unconditioned declaration in Genesis 12:7: “To your seed I will give this land.” Will Avram trust and obey, staying in the land that Yahweh has promised? You already know. You have been shaped by the melody without even realizing it. The cycle will continue as long as the human heart is unchanged, but God will continue to preserve life through it all. The One who IS does not change.",0.801,,LOW_CONFIDENCE,
992,2578,2594,"You have been shaped by the melody without even realizing it. The cycle will continue as long as the human heart is unchanged, but God will continue to preserve life through it all. The One who IS does not change.",2759,2772,"The cycle will continue, as long as the human heart is unchanged, but God will continue to preserve life through it all. The one who is does not change.",0.829,,0.413,,LOW_CONFIDENCE+WHISPER_CHECK,
998,2594,2626,"We could continue discussing the melody with the Choice in Egypt of seeing, taking, and giving, then a Division of Relationships with the ""brothers,"" Avram and his nephew Lot, followed by a Collapse of four kings sweeping away five. Instead of continuing through the cycle in a linear way from this point, which is already getting pretty lengthy, let's mention only the Collapse moments that mark the seven cycles of Genesis 1-22. Working through each full cycle with your own group is worth your time.",2773,2787,"We could continue discussing the melody with the collapse in Egypt of seeing, taking, and giving, than a division of relationships with the brothers, Avrum, and his nephew, lots, followed by a collapse of four kings sweeping away five.",0.938,"We could continue discussing the melody with the Choice in Egypt of seeing, taking, and giving, then a Division of Relationships with the “brothers,” Avram and his nephew Lot, followed by a Collapse of four kings sweeping away five. Instead of continuing through the cycle in a linear way from this point, which is already getting pretty lengthy, let’s mention only the Collapse moments that mark the seven cycles of Genesis 1-22. Working through each full cycle with your own group is worth your time. The story takes a much closer look at one person and we see the complexity of humans as we are pattern breakers one moment, then go right back to being characteristic ten seconds later. The creative twists will be surprising and rewarding as you meditate on the melody. The seven Collapse stories of Genesis 1-22 are:",0.757,,TEXT_CHANGED,
1007,2626,2644,"The story takes a much closer look at one person and we see the complexity of humans as we are pattern breakers one moment, then go right back to being characteristic ten seconds later. The creative twists will be surprising and rewarding as you meditate on the melody. The seven Collapse stories of Genesis 1-22 are:",2806,2819,"This story takes a much closer look, at one person, and we see the complexity of humans, as we are patternbreakers one moment, then go right back to being characteristic 10 seconds later.",0.721,,0.339,,LOW_CONFIDENCE+WHISPER_CHECK,
1037,2644,2673,"The Flood : 7:23 And he wiped away every standing-thing that was upon the face of the land, from humanity to animals to creepers and to birds of the skies, and they were wiped away from the land; and only Noah was left remaining, and those with him in the ark.",2836,2854,"And he wiped away every standing thing that was upon the face of the land, from humanity to animals, took creepers into birds of the skies, and they were wiped away from the land, and only Noah was left remaining, and those with him in the ark.",0.953,"The Flood: 7:23 And he wiped away every standing-thing that was upon the face of the land, from humanity to animals to creepers and to birds of the skies, and they were wiped away from the land; and only Noah was left remaining, and those with him in the ark.",1.000,,TEXT_CHANGED,
1054,2673,2701,"The Scattering : 11:8-9 And Yahweh scattered them from there upon the face of all the land, and they stopped building the city. Therefore, its name was called Babylon (Babel), because there Yahweh made-babble of the language of all the land, and from there Yahweh scattered them upon the face of all the land.",2862,2872,"And Yahweh scattered them from upon the face of all the land, and they stopped building the city. Therefore its name was called Babylon, Babylon.",0.641,"The Scattering: 11:8-9 And Yahweh scattered them from there upon the face of all the land, and they stopped building the city. Therefore, its name was called Babylon (Babel), because there Yahweh made-babble of the language of all the land, and from there Yahweh scattered them upon the face of all the land.",1.000,,LOW_CONFIDENCE,
1071,2701,2740,"Sodom #1 : Four kings from Mesopotamia waged war against five kings, which included the people, possessions, and food of Sodom and Gomorrah. Avram's nephew Lot is taken in the process. This is our first collapse of human origin, but the flood language remains the same as they sweep away. Meanwhile, Avram is symbolically in the ark, but then goes out with 318 men and ""God's help"" to restore life.",2891,2899,"Four kings from Mesopotamia wage war against five kings, which included the people, possessions, and food of Sodom and Gomorrah.",0.823,"Sodom #1: Four kings from Mesopotamia waged war against five kings, which included the people, possessions, and food of Sodom and Gomorrah. Avram’s nephew Lot is taken in the process. This is our first collapse of human origin, but the flood language remains the same as they sweep away. Meanwhile, Avram is symbolically in the ark, but then goes out with 318 men and “God’s help” to restore life.",1.000,,LOW_CONFIDENCE,
1093,2740,2790,"Hagar #1 : A rape victim, pregnant, fleeing in the wilderness with nowhere to go and no human that loves her in the world. Only Yahweh sees this Egyptian slave-girl. 7 In this fourth cycle of the melody the Choice, Division of Relationships, and Collapse happen in only six verses in 16:1-6. It's an explosion where these authors can replay the whole story with very few words once you know the notes to listen for. A single choice by Sarai and Avram to take their Egyptian slave-girl Hagar causes a violent division of every relationship leading to a very sudden collapse.",2940,2943,Only Yahweh sees this Egyptian slave girl.,0.444,"Hagar #1: A rape victim, pregnant, fleeing in the wilderness with nowhere to go and no human that loves her in the world. Only Yahweh sees this Egyptian slave-girl.7 In this fourth cycle of the melody the Choice, Division of Relationships, and Collapse happen in only six verses in 16:1-6. It’s an explosion where these authors can replay the whole story with very few words once you know the notes to listen for. A single choice by Sarai and Avram to take their Egyptian slave-girl Hagar causes a violent division of every relationship leading to a very sudden collapse. God, however, enters our mess, sees Hagar in the wilderness, and restores life in ways that feel interestingly compromised, making the best of a broken situation. Read this in-depth Hagar article for more insights.",0.842,,MANUAL_REVIEW,
1107,2790,2810,"God, however, enters our mess, sees Hagar in the wilderness, and restores life in ways that feel interestingly compromised, making the best of a broken situation. Read this in-depth Hagar article for more insights.",2974,2990,"God, however, enters our mess, sees Hagar in the wilderness, and restores life, in ways that feel interestingly compromised, making the best of a broken situation, freed this in depth Hagar article for more insights.",0.937,,0.345,,TEXT_CHANGED+WHISPER_CHECK,
1125,2810,2850,"Sodom #2: 19:24 and Yahweh caused it to rain over Sodom and over Gomorrah, sulphur and fire from Yahweh from the skies. The notes of this culminating collapse can't be missed as it uses a flood of words to connect the melodies. Noteworthy in this story is that Lot and his family are saved due to Yahweh's mercy, 19:16, and the phrase ""Yahweh remembered ( zakar ) Avraham "" 8 is used in 19:29, when Avraham wasn't even there. These authors don't use words for no reason.",3016,3031,"Note where the end of this story is that Lot and his family are saved due to Yahweh's mercy, 1916, and the phrase Yahweh remembered as a car Abram was used in 1929 when Abram wasn't even there.",0.552,"Sodom #2: 19:24 and Yahweh caused it to rain over Sodom and over Gomorrah, sulphur and fire from Yahweh from the skies. The notes of this culminating collapse can’t be missed as it uses a flood of words to connect the melodies. Noteworthy in this story is that Lot and his family are saved due to Yahweh’s mercy, 19:16, and the phrase “Yahweh remembered (zakar) Avraham""8 is used in 19:29, when Avraham wasn’t even there. These authors don’t use words for no reason.",0.999,,MANUAL_REVIEW,
1150,2858,2903,"Hagar #2: Hagar is this time sent into the wilderness with Ishmael, her, most likely, 17 year old boy lad, the Hebrew word na'ar. She is a slave-girl no longer and has her son with her, but the water runs dry and death seems inevitable. Does this remind you of Genesis 2:5, a lifeless desert with no water? But Elohim listens to the voice of the na'ar (a fun wordplay on the meaning of Ishmael's name), converting Collapse into Creation once more. The turning point is a messenger of Elohim calling to Hagar from the skies. Hagar is told not to be afraid, but to 'get up' and take the lad with her hand. Elohim will make him into a great nation. Sound familiar? The same promise was given to Avram.",3045,3055,"Hagar is this time sent into the wilderness with Ishmael, her most likely 17-year-old boy, Lad, the Hebrew word NAR.",0.409,"Hagar #2: Hagar is this time sent into the wilderness with Ishmael, her, most likely, 17 year old boy lad, the Hebrew word na’ar. She is a slave-girl no longer and has her son with her, but the water runs dry and death seems inevitable. Does this remind you of Genesis 2:5, a lifeless desert with no water? But Elohim listens to the voice of the na’ar (a fun wordplay on the meaning of Ishmael’s name), converting Collapse into Creation once more. The turning point is a messenger of Elohim calling to Hagar from the skies. Hagar is told not to be afraid, but to ‘get up’ and take the lad with her hand. Elohim will make him into a great nation. Sound familiar? The same promise was given to Avram. Elohim opened her eyes and she saw a well of water at Beer Sheva, the Well of Seven. She fills the water skin and she gives life to the lad as well. Not a single word is unimportant as Hagar, the non-choosen, becomes an unexpected partner in creation, life, and blessing.",0.836,,MANUAL_REVIEW,
1166,2918,2944,"Elohim opened her eyes and she saw a well of water at Beer Sheva, the Well of Seven. She fills the water skin and she gives life to the lad as well. Not a single word is unimportant as Hagar, the non-choosen, becomes an unexpected partner in creation, life, and blessing.",3110,3115,She fills the water skin and gives life to the lad as well.,0.798,,0.438,,LOW_CONFIDENCE+WHISPER_CHECK,
1183,2944,2994,"The Binding of Isaac : The seventh collapse is told one syllable at a time as Avraham sends out his hand and takes the eater, the knife, to slay his son. This collapse is brought about by God's command, which includes the words ""Get yourself going…"" precisely mirroring the initial calling of Avram. Hyperlinking all the way back to the start of his journey hints that everything in between has been leading up to this moment. Avraham's struggle to trust God is put to the ultimate test and God's song is again at the precipice of non-life as the promised seed is bound on the altar.",3159,3165,Hyperlinking all the way back to the start of his journey hints that everything in between has been leading up to this moment.,0.592,"The Binding of Isaac: The seventh collapse is told one syllable at a time as Avraham sends out his hand and takes the eater, the knife, to slay his son. This collapse is brought about by God’s command, which includes the words “Get yourself going…” precisely mirroring the initial calling of Avram. Hyperlinking all the way back to the start of his journey hints that everything in between has been leading up to this moment. Avraham's struggle to trust God is put to the ultimate test and God’s song is again at the precipice of non-life as the promised seed is bound on the altar. When we open the pages to this collapse, we find quite a bit more than just a flood. The seventh collapse necessitates a more in-depth discussion to make sure we all see a bit more of what the authors are communicating.",0.840,,MANUAL_REVIEW,
1196,2994,3010,"When we open the pages to this collapse, we find quite a bit more than just a flood. The seventh collapse necessitates a more in-depth discussion to make sure we all see a bit more of what the authors are communicating.",3178,3184,"When we open the pages to this collapse, we find quite a bit more than just a flood.",0.995,,0.431,,TEXT_CHANGED+WHISPER_CHECK,
1204,3010,3014,The Melody Points to Jesus,3195,3199,Part 3. The Melody points to Jesus.,0.881,The Melody Points to Jesus,1.000,,TEXT_CHANGED,
1206,3014,3026,"Without really planning it, we'll carefully study this seventh melody and something will happen where the story naturally turns to Jesus. Let's ride the wave together.",3200,3208,"Without really planning it, we'll carefully study the seventh melody, and something will happen, where the story naturally turns to Jesus.",0.991,"Without really planning it, we’ll carefully study the seventh melody and something will happen where the story naturally turns to Jesus. Let’s ride the wave together.",0.991,,TEXT_CHANGED,
1210,3026,3031,The Seventh Collapse: Avraham's Test,3212,3215,"The seventh collapse, Avraham's test.",1.000,The Seventh Collapse: Avraham’s Test,1.000,,OK,
1212,3031,3063,"As you might have suspected, the seventh collapse of the melody and the creation moment after are rather significant. Without even knowing the rest of the story, a careful reader of the Hebrew Bible would know that when this melody repeats, it will reveal God in a major way. Indeed the concept of The Melody and The Test are two different topics, but they are so interwoven here that we have no choice but to jump into Genesis 22:1-19 with both feet! Take a moment to read those 19 verses again, then we'll discuss.",3224,3234,"Without even knowing the rest of the story, a careful reader of the Hebrew Bible would know that when this melody repeats, it will reveal God in a major way.",0.776,"As you might have suspected, the seventh collapse of the melody and the creation moment after are rather significant. Without even knowing the rest of the story, a careful reader of the Hebrew Bible would know that when this melody repeats, it will reveal God in a major way. Indeed, the concept of The Melody and The Test are two different topics, but they are so interwoven here that we have no choice but to jump into Genesis 22:1-19 with both feet! Take a moment to read those 19 verses again, then we’ll discuss.",1.000,,LOW_CONFIDENCE,
1222,3067,3076,In the text below the name Isaac is written as Yitskhaq to help us more faithfully pronounce the original Hebrew name.,3254,3261,"In the text below, the name Isaac is written as Yitzhak to help us more faithfully pronounce the original name.",0.947,In the text below the name Isaac is written as Yitskhaq to help us more faithfully pronounce the original Hebrew name.,1.000,,TEXT_CHANGED,
1227,3076,3089,"22: 1 And it came about after these things,",3262,3269,And it came about after these things that Elohim tested Avraham.,0.692,"22:1 And it came about after these things,",0.988,YES,SCRIPTURE_OK,
1230,3076,3089,"that Elohim tested Avraham,",3262,3269,And it came about after these things that Elohim tested Avraham.,0.584,"that Elohim tested Avraham,",1.000,YES,HEADING_SKIP,
1231,3076,3089,"and he said to him,",3270,3275,"And he said to him, Avraham, and he said, look, it's me.",0.529,"and he said to him,",1.000,YES,SCRIPTURE_OK,
1232,3076,3089,“Avraham.”,3212,3215,"The seventh collapse, Avraham's test.",0.341,“Avraham.”,1.000,YES,HEADING_SKIP,
1233,3076,3089,"And he said,",2610,2613,"And Sarah was barren, she had no child.",0.417,"And he said,",1.000,YES,HEADING_SKIP,
1234,3076,3089,"“Look, it’s me!”",3195,3199,Part 3. The Melody points to Jesus.,0.364,"“Look, it’s me!”",1.000,YES,HEADING_SKIP,
1235,3089,3109,"2 And he said,",2610,2613,"And Sarah was barren, she had no child.",0.400,"2 And he said,",1.000,YES,HEADING_SKIP,
1236,3089,3109,"“Please take your son ,",2620,2622,And Tarak died in Heron.,0.465,"“Please take your son,",1.000,YES,SCRIPTURE_OK,
1238,3089,3109,"your only one ,",3431,3436,"And you didn't withhold your son, your only one for me.",0.400,"your only one,",1.000,YES,HEADING_SKIP,
1240,3089,3109,"whom you love ,",4298,4299,God really loves you.,0.485,"whom you love,",1.000,YES,HEADING_SKIP,
1242,3089,3109,"Yitskhaq ,",3976,3978,"Okay, I admit I added that last bit.",0.238,"Yitskhaq,",1.000,YES,HEADING_SKIP,
1243,3089,3109,"and get yourself going to the land of Moriah [“Seeing” = (מריה)] ,",3275,3286,"And he said, please take your son, your only one whom you love, Yitzhak, and get yourself going to the land of Moriah, seeing.",0.580,"and get yourself going to the land of Moriah [“Seeing” = (מריה)],",1.000,YES,SCRIPTURE_OK,
1245,3089,3109,"and make him go up there as a going-up offering ,",3287,3294,And make him go up there as a going up offering on one of the mountains which I will say to you.,0.652,"and make him go up there as a going-up offering,",1.000,YES,SCRIPTURE_OK,
1248,3089,3109,on one of the mountains which I will say to you .”,3287,3294,And make him go up there as a going up offering on one of the mountains which I will say to you.,0.662,on one of the mountains which I will say to you.”,1.000,YES,SCRIPTURE_OK,
1251,3109,3131,"3 And Avraham rose early in the morning,",2620,2622,And Tarak died in Heron.,0.548,"3 And Avraham rose early in the morning,",1.000,YES,SCRIPTURE_OK,
1253,3109,3131,"and he bound up his donkey ,",2606,2609,"And Heron died before his father, Tarak.",0.469,"and he bound up his donkey,",1.000,YES,SCRIPTURE_OK,
1254,3109,3131,and he took,2620,2622,And Tarak died in Heron.,0.412,and he took,1.000,YES,HEADING_SKIP,
1256,3109,3131,two of his young men with him,2713,2718,The difference is not what you would see with your eyes. The difference is God.,0.377,two of his young men with him,1.000,YES,SCRIPTURE_LOW_CONF,
1257,3109,3131,"and Yitskhaq his son ,",2620,2622,And Tarak died in Heron.,0.419,"and Yitskhaq his son,",1.000,YES,SCRIPTURE_OK,
1259,3109,3131,"and he split the wood of the going-up offering ,",2613,2619,"And they went out to go to the land of Canaan, and they went as far as Heron.",0.467,"and he split the wood of the going-up offering,",1.000,YES,SCRIPTURE_OK,
1261,3109,3131,and he arose and he went to the place which Elohim said to him .,3262,3269,And it came about after these things that Elohim tested Avraham.,0.528,and he arose and he went to the place which Elohim said to him.,1.000,YES,SCRIPTURE_OK,
1263,3131,3140,"4 On the third day,",2312,2314,"Wait, Canaan? Where did Ham go?",0.435,"4 On the third day,",1.000,YES,SCRIPTURE_OK,
1264,3131,3140,"then Avraham lifted his eyes ,",3212,3215,"The seventh collapse, Avraham's test.",0.516,"then Avraham lifted his eyes,",1.000,YES,SCRIPTURE_OK,
1266,3131,3140,and he saw (ראה) the place from a distance.,3315,3323,"On the third day, then Avraham lifted his eyes and he saw the place from a distance.",0.590,and he saw  (ראה) the place from a distance.,1.000,YES,SCRIPTURE_OK,
1268,3140,3155,"5 And Avraham said to his young men,",3270,3275,"And he said to him, Avraham, and he said, look, it's me.",0.518,"5 And Avraham said to his young men,",1.000,YES,SCRIPTURE_OK,
1270,3140,3155,"“Sit yourselves here with the donkey ,",2312,2314,"Wait, Canaan? Where did Ham go?",0.413,"“Sit yourselves here with the donkey,",1.000,YES,SCRIPTURE_OK,
1271,3140,3155,"and I and the young boy ,",2655,2659,"And Yahweh said to Avrum, get yourself going.",0.455,"and I and the young boy,",1.000,YES,SCRIPTURE_OK,
1272,3140,3155,"we will go to there,",4226,4228,Will we choose to trust God and even this?,0.400,"we will go to there,",1.000,YES,SCRIPTURE_OK,
1273,3140,3155,"and we will worship,",2620,2622,And Tarak died in Heron.,0.429,"and we will worship,",1.000,YES,HEADING_SKIP,
1276,3140,3155,and we will return to you.”,4298,4299,God really loves you.,0.444,and we will return to you.”,1.000,YES,SCRIPTURE_OK,
1279,3155,3173,"6 And Avraham took the wood of the going-up offering ,",3399,3407,"And Avraham sent out his hand, and he took the eater, the knife, to slay his son.",0.484,"6 And Avraham took the wood of the going-up offering,",1.000,YES,SCRIPTURE_OK,
1282,3155,3173,"and he placed upon Yitskhaq his son ,",3195,3199,Part 3. The Melody points to Jesus.,0.471,"and he placed upon Yitskhaq his son,",1.000,YES,SCRIPTURE_OK,
1284,3155,3173,"and he took in his hand the fire and the eater [= knife] ,",2606,2609,"And Heron died before his father, Tarak.",0.511,"and he took in his hand the fire and the eater [= knife],",1.000,YES,SCRIPTURE_OK,
1286,3155,3173,"and the two of them went, together as one .",3209,3211,Let's ride the wave together.,0.507,"and the two of them went, together as one.",1.000,YES,SCRIPTURE_OK,
1287,3173,3197,"7 And Yitskhaq said to Avraham his father ,",3270,3275,"And he said to him, Avraham, and he said, look, it's me.",0.593,"7 And Yitskhaq said to Avraham his father,",1.000,YES,SCRIPTURE_OK,
1290,3173,3197,"and he said ,",2610,2613,"And Sarah was barren, she had no child.",0.417,"And he said,",1.000,YES,HEADING_SKIP,
1291,3173,3197,“ My father .”,3209,3211,Let's ride the wave together.,0.333,“My father.”,1.000,YES,HEADING_SKIP,
1293,3173,3197,"And he said,",2610,2613,"And Sarah was barren, she had no child.",0.417,"And he said,",1.000,YES,HEADING_SKIP,
1294,3173,3197,"“Look, it’s me, my son .”",3946,3952,Elizabeth from the Hebrew Ely Sheva means My Elohim's Oath.,0.373,"“Look, it’s me, my son.”",1.000,YES,SCRIPTURE_LOW_CONF,
1296,3173,3197,"And he said ,",2610,2613,"And Sarah was barren, she had no child.",0.417,"And he said,",1.000,YES,HEADING_SKIP,
1297,3173,3197,"“Look, the fire and the wood ,",4226,4228,Will we choose to trust God and even this?,0.418,"“Look, the fire and the wood,",1.000,YES,SCRIPTURE_OK,
1298,3173,3197,but where is the sheep for the going-up offering ?”,3371,3382,"And Avraham said, Elohim will see to it, the sheep for the going up offering my son, and the two of them went together as one.",0.485,but where is the sheep for the going-up offering?”,1.000,YES,SCRIPTURE_OK,
1301,3189,3202,"8 And Avraham said ,",2610,2613,"And Sarah was barren, she had no child.",0.509,"8 And Avraham said,",1.000,YES,SCRIPTURE_OK,
1303,3189,3202,"“Elohim will see to it (יראה) , the sheep for the going-up offering , my son .”",3371,3382,"And Avraham said, Elohim will see to it, the sheep for the going up offering my son, and the two of them went together as one.",0.663,"“Elohim will see to it  (יראה), the sheep for the going-up offering, my son.”",1.000,YES,SCRIPTURE_OK,
1308,3189,3202,"And the two of them went, together as one.",3209,3211,Let's ride the wave together.,0.507,"and the two of them went, together as one.",1.000,YES,SCRIPTURE_OK,
1310,3202,3214,"9 And they went to the place which Elohim said to him ,",3262,3269,And it came about after these things that Elohim tested Avraham.,0.500,"9 And they went to the place which Elohim said to him,",1.000,YES,SCRIPTURE_OK,
1311,3202,3214,"and Avraham built there an altar,",2620,2622,And Tarak died in Heron.,0.509,"and Avraham built there an altar,",1.000,YES,SCRIPTURE_OK,
1312,3202,3214,"and he arranged the wood ,",2620,2622,And Tarak died in Heron.,0.553,"and he arranged the wood,",1.000,YES,SCRIPTURE_OK,
1313,3202,3214,"and he bound up Yitskhaq his son ,",2606,2609,"And Heron died before his father, Tarak.",0.400,"and he bound up Yitskhaq his son,",1.000,YES,SCRIPTURE_OK,
1315,3202,3214,"and he placed him upon the altar atop the wood ,",2391,2395,"From there, Yahweh scattered them upon the face of all the land.",0.537,"and he placed him upon the altar atop the wood,",1.000,YES,SCRIPTURE_OK,
1316,3214,3230,"10 and Avraham sent out his hand ,",3399,3407,"And Avraham sent out his hand, and he took the eater, the knife, to slay his son.",0.532,"10 and Avraham sent out his hand,",1.000,YES,SCRIPTURE_OK,
1318,3214,3230,"and he took the eater [= knife] to slay his son ,",3399,3407,"And Avraham sent out his hand, and he took the eater, the knife, to slay his son.",0.717,"and he took the eater [= knife] to slay his son,",1.000,YES,SCRIPTURE_OK,
1321,3214,3230,,3384,3399,"And they went to the place which Elohim said to him, and Avraham built there an altar, and he arranged the wood, and he bound up Yitzhak his son, and he placed him upon the altar, a top the wood.",0.000,…,1.000,YES,HEADING_SKIP,
1324,3214,3230,,3384,3399,"And they went to the place which Elohim said to him, and Avraham built there an altar, and he arranged the wood, and he bound up Yitzhak his son, and he placed him upon the altar, a top the wood.",0.000,…,1.000,YES,HEADING_SKIP,
1326,3214,3230,,3384,3399,"And they went to the place which Elohim said to him, and Avraham built there an altar, and he arranged the wood, and he bound up Yitzhak his son, and he placed him upon the altar, a top the wood.",0.000,…,1.000,YES,HEADING_SKIP,
1327,3230,3240,"11 and the messenger of Yahweh called to him from the skies ,",3270,3275,"And he said to him, Avraham, and he said, look, it's me.",0.514,"11 and the messenger of Yahweh called to him from the skies,",1.000,YES,SCRIPTURE_OK,
1329,3230,3240,"and he said ,",2610,2613,"And Sarah was barren, she had no child.",0.417,"And he said,",1.000,YES,HEADING_SKIP,
1330,3230,3240,“Avraham! Avraham!”,2610,2613,"And Sarah was barren, she had no child.",0.385,“Avraham! Avraham!”,1.000,YES,HEADING_SKIP,
1331,3230,3240,"and he said ,",2610,2613,"And Sarah was barren, she had no child.",0.417,"And he said,",1.000,YES,HEADING_SKIP,
1332,3230,3240,"“Look, it’s me!",3195,3199,Part 3. The Melody points to Jesus.,0.364,"“Look, it’s me!”",1.000,YES,HEADING_SKIP,
1333,3240,3257,"12 And he said ,",2610,2613,"And Sarah was barren, she had no child.",0.392,"12 And he said,",1.000,YES,SCRIPTURE_LOW_CONF,
1335,3240,3257,“ Don’t send out your hand toward the young one!,3431,3436,"And you didn't withhold your son, your only one for me.",0.458,“Don’t send out your hand toward the young one!,1.000,YES,SCRIPTURE_OK,
1337,3240,3257,"And don’t do anything to him,",2373,2375,Dangerous notes are beginning to play.,0.469,"And don’t do anything to him,",1.000,YES,SCRIPTURE_OK,
1338,3240,3257,"because now I know that you are one who fears Elohim,",3946,3952,Elizabeth from the Hebrew Ely Sheva means My Elohim's Oath.,0.459,"because now I know that you are one who fears Elohim,",1.000,YES,SCRIPTURE_OK,
1340,3240,3257,"and you didn’t withhold your son, your only one , from me.”",3431,3436,"And you didn't withhold your son, your only one for me.",0.971,"and you didn’t withhold your son, your only one, from me.”",1.000,YES,SCRIPTURE_OK,
1342,3257,3276,"13 And Avraham lifted his eyes ,",2620,2622,And Tarak died in Heron.,0.528,"13 And Avraham lifted his eyes,",1.000,YES,SCRIPTURE_OK,
1343,3257,3276,"and he saw (ראה) , and look, a ram afar, caught in a bramble by its horns,",3437,3454,"And Avraham lifted his eyes, and he saw, and looked, a ram afar, caught in a bramble by its horns, and Avraham went, and he took the ram, and he made it go up as a going up offering in the place of his son.",0.475,"and he saw  (ראה), and look, a ram afar, caught in a bramble by its horns,",1.000,YES,SCRIPTURE_OK,
1346,3257,3276,"and Avraham went and he took the ram ,",3399,3407,"And Avraham sent out his hand, and he took the eater, the knife, to slay his son.",0.602,"and Avraham went and he took the ram,",1.000,YES,SCRIPTURE_OK,
1347,3257,3276,"and he made it go up as a going-up offering in the place of his son ,",3287,3294,And make him go up there as a going up offering on one of the mountains which I will say to you.,0.609,"and he made it go up as a going-up offering in the place of his son,",1.000,YES,SCRIPTURE_OK,
1350,3276,3288,"14 and Avraham called the name of that place ,",2610,2613,"And Sarah was barren, she had no child.",0.494,"14 and Avraham called the name of that place,",1.000,YES,SCRIPTURE_OK,
1352,3276,3288,“Yahweh will see to it (יראה) . “,2940,2943,Only Yahweh sees this Egyptian slave girl.,0.448,“Yahweh will see to it  (יראה).“,1.000,YES,SCRIPTURE_OK,
1355,3276,3288,"Which is why, today, it is said,",2940,2943,Only Yahweh sees this Egyptian slave girl.,0.371,"Which is why, today, it is said,",1.000,YES,SCRIPTURE_LOW_CONF,
1356,3276,3288,"“On the mountain of Yahweh , it will be seen to (יראה) . ”",3455,3465,"And Avraham called the name of that place, Yahweh will see to it, which is why today it is said, on the mountain of Yahweh it will be seen to.",0.471,"“On the mountain of Yahweh, it will be seen to  (יראה).”",1.000,YES,SCRIPTURE_OK,
1360,3288,3303,"15 And the messenger of Yahweh called to Avraham a second time from the skies ,",3466,3482,"And the messenger of Yahweh called to Avraham a second time from the skies, and he said, I swear and oath, by myself, utterance of Yahweh, on account to the fact that you did this thing,",0.576,"15 And the messenger of Yahweh called to Avraham a second time from the skies,",1.000,YES,SCRIPTURE_OK,
1362,3303,3319,"16 and he said,",2610,2613,"And Sarah was barren, she had no child.",0.392,"16 and he said,",1.000,YES,HEADING_SKIP,
1363,3303,3319,"“ I swear an oath (שבע) by myself, utterance of Yahweh,",3466,3482,"And the messenger of Yahweh called to Avraham a second time from the skies, and he said, I swear and oath, by myself, utterance of Yahweh, on account to the fact that you did this thing,",0.393,"“I swear an oath  (שבע) by myself, utterance of Yahweh,",1.000,YES,SCRIPTURE_LOW_CONF,
1367,3303,3319,"on account of the fact that you did this thing ,",3262,3269,And it came about after these things that Elohim tested Avraham.,0.459,"on account of the fact that you did this thing,",1.000,YES,SCRIPTURE_OK,
1370,3303,3319,"and you did not withhold your son, your only one ,",3431,3436,"And you didn't withhold your son, your only one for me.",0.909,"and you did not withhold your son, your only one,",1.000,YES,SCRIPTURE_OK,
1372,3319,3334,"17 that I will certainly bless you,",4298,4299,God really loves you.,0.481,"17 that I will certainly bless you,",1.000,YES,SCRIPTURE_OK,
1374,3319,3334,"and I will certainly multiply your seed ,",3832,3836,"Let's read it again, all the nations will find blessing in your seed.",0.476,"and I will certainly multiply your seed,",1.000,YES,SCRIPTURE_OK,
1376,3319,3334,"like the stars of the skies ,",2555,2558,Will Avrum be the one who will crush the head of the snake?,0.494,"like the stars of the skies,",1.000,YES,SCRIPTURE_OK,
1378,3319,3334,"and like the sand upon the edge of the sea ,",2555,2558,Will Avrum be the one who will crush the head of the snake?,0.540,"and like the sand upon the edge of the sea,",1.000,YES,SCRIPTURE_OK,
1379,3319,3334,"and your seed will inherit the gate of their enemies,",2555,2558,Will Avrum be the one who will crush the head of the snake?,0.473,"and your seed will inherit the gate of their enemies,",1.000,YES,SCRIPTURE_OK,
1382,3334,3337,"18 and all the nations of the land will find blessing in your seed,",3832,3836,"Let's read it again, all the nations will find blessing in your seed.",0.773,"18 and all the nations of the land will find blessing in your seed,",1.000,YES,SCRIPTURE_OK,
1385,3334,3337,on the heel of the fact that you listened to my voice .”,3822,3830,And all the nations of the land will find blessing in your seed on the heel of the fact that you listen to my voice.,0.607,on the heel of the fact that you listened to my voice.”,1.000,YES,SCRIPTURE_OK,
1387,3337,3352,"19 And Avraham returned to his young men,",2610,2613,"And Sarah was barren, she had no child.",0.519,"19 And Avraham returned to his young men,",1.000,YES,SCRIPTURE_OK,
1389,3337,3352,and they arose and they went together as one to Beer- Sheva (=Well of Seven (שבע) ),3103,3110,"Elohim opened her eyes, and she saw a well of water at Badr Shiva, the well of seven.",0.570,and they arose and they went together as one to Beer-Sheva (=Well of Seven  (שבע)),0.993,YES,SCRIPTURE_OK,
1394,3337,3352,and Avraham dwelt in Beer- Sheva .,2620,2622,And Tarak died in Heron.,0.593,and Avraham dwelt in Beer-Sheva.,0.984,YES,SCRIPTURE_OK,
1397,3352,3400,"The collapse opens with a clear title in 22:1 stating that Avraham is tested . When you think ""test,"" try to imagine an experience that reveals the truth , not a stressful exam with right and wrong answers. It reveals what is already present through action. For example, Noah was called righteous in 6:9 by the narrator, but he still had to actually build the Ark in 6:22 and Yahweh sees the truth in 7:1. Likewise, Avraham was called righteous in 15:6, but he would still have to go through his test in Genesis 22.",3535,3553,"When you think tests try not to imagine an experience that, when you think tests try to imagine an experience that reveals the truth, not a stressful exam with right and wrong answers, it reveals what is already present through action.",0.694,,0.509,,LOW_CONFIDENCE+WHISPER_CHECK,
1406,3400,3453,"God is giving him a quest to reveal truth, not tempting him to do evil. There is a difference. God is asking him to trust in His wisdom beyond anything he can see with his eyes. It is clearly not a test God would give you or me, but the test fits the man if you reflect on Avraham's story. Jesus illustrated that tests are specific to the person when he spoke to the rich young ruler. That man's test was based on the thing that separated him from God, his wealth. He needed to trust God and give away all he had to the poor, then follow Jesus. In his case, it only revealed his inability to take a radical step of trust, and he went away downcast.",3566,3581,"Likewise, Avraham was called righteous in 15-6, but he would still have to go through his test in Genesis 22. God is giving him quest to reveal truth, not tempting him to do evil, there is a difference.",0.499,,0.607,,MANUAL_REVIEW,
1419,3453,3485,"When God chose ""Father Abraham"" to initiate His restoration plan, he knew exactly what test would reveal him and he knew that Avraham would trust his voice. In the same way, The Father knew what test would reveal The Son and he trusted the Son to complete it. That test reveals God to us. 9 Consider Psalm 22:31 and John 3:16.",3623,3636,"When God chose Father Abraham to initiate his restoration plan, he knew exactly what test would reveal him, and he knew that Avraham would trust his voice.",0.997,,0.291,,TEXT_CHANGED+WHISPER_CHECK,
1427,3485,3535,"The hyperlinks from Genesis 22 to Jesus are impossible to miss. It is a test for both the father and the son. However, they traveled together perfectly aligned, both before and after all the details are known. The phrase ""and the two of them went, together-as-one"" (yachad in Hebrew) is repeated three times. Isaac put the wood on his back and walked with his father at the same physical place where Jesus will later be lifted up on the cross. Keep in mind that all of this was written hundreds of years before Jesus ever walked the earth. That's worth a long walk and a cup of tea.",3654,3674,"The hyperlinks from Genesis 22 to Jesus are impossible to miss. It is a test for both the Father and the Son. However, they traveled together perfectly aligned, both before and after all the details are known, the phrase and the two of them went together as one.",0.854,"The hyperlinks from Genesis 22 to Jesus are impossible to miss. It is a test for both the father and the son. However, they traveled together perfectly aligned, both before and after all the details are known. The phrase “and the two of them went, together-as-one” (yachad in Hebrew) is repeated three times. Isaac put the wood on his back and walked with his father at the same physical place where Jesus will later be lifted up on the cross. Keep in mind that all of this was written hundreds of years before Jesus ever walked the earth. That’s worth a long walk and a cup of tea. Finally, Avraham’s collapse and Jesus' collapse end the same way, the son is returned to life. Avraham is revealed. Elohim sees. And a going-up offering of a ram substitutes for Avraham’s offspring. As always, God makes sure that creation, life, and blessing have the final say over a collapse.",0.801,,TEXT_CHANGED,
1438,3535,3557,"Finally, Avraham's collapse and Jesus' collapse end the same way, the son is returned to life. Avraham is revealed. Elohim sees. And a going-up offering of a ram substitutes for Avraham's offspring. As always, God makes sure that creation, life, and blessing have the final say over a collapse.",3695,3711,"Finally, Avraham's collapse and Jesus' collapse in the same way, the Son is returned to life. Avraham is revealed, Elohim sees, and a going up offering of a ram substitutes for Avraham's offspring.",0.989,,0.333,,TEXT_CHANGED+WHISPER_CHECK,
1446,3557,3600,"Before we leave this story, let's consider what it might have meant to Jesus. What thoughts raced through Jesus' head as he mentally recounted this story in the Garden of Gethsemane? And when did He fully grasp the details? John the Baptist publicly named Jesus as the ""Lamb of God"" in John 1:29. I think Jesus knew fully what that meant. God's character was known in Exodus 34:6-7, but Jesus would still have to go through the test.",3720,3735,"Before we leave this story, let's consider what it might have meant to Jesus. What thoughts raced through Jesus' head as he mentally recounted the story in the Garden of Cassimony? And when did he fully grasp the details?",0.784,"Before we leave this story, let’s consider what it might have meant to Jesus. What thoughts raced through Jesus’ head as he mentally recounted this story in the Garden of Gethsemane? And when did He fully grasp the details? John the Baptist publicly named Jesus as the “Lamb of God” in John 1:29. I think Jesus knew fully what that meant. Yahweh’s character has been known since Exodus 34:6-7, but Jesus would still have to go through the test. This plan, made before time began, is how God would reveal who He is to us. God loves you. He has said it in His Word, and He has shown it in His actions. He has passed the test to show that nothing will separate Him from joining us even when he knows it’s coming.",0.721,,LOW_CONFIDENCE,
1454,3593,3617,"This plan, made before time began, is how God would reveal who He is to us. God loves you. He has said it in His Word, and He has shown it in His actions. He has passed the test to show that nothing will separate Him from joining us even when he knows it's coming.",3756,3768,"This plan, made before time began, is how God would reveal who He is to us. God loves you. He has said it in His Word, and He has shown it in His actions.",1.000,,0.385,,TEXT_CHANGED+WHISPER_CHECK,
1461,3617,3636,"Then the outpouring of blessings given by God’s oath “on the heel” of the test is worth reading a few times. Genesis 22:16-18, Yahweh’s Oath (שבע sheva ) at the conclusion of Melody seven (שבע sheva ):",3778,3786,Then the outpouring of blessings given by God's oath on the heel of the test is worth reading a few times.,0.912,"Then the outpouring of blessings given by God’s oath “on the heel” of the test is worth reading a few times. Genesis 22:16-18, Yahweh’s Oath (שבע sheva) at the conclusion of Melody seven (שבע sheva):",1.000,,TEXT_CHANGED,
1499,3690,3703,3:15 And I will set hostility,2620,2622,And Tarak died in Heron.,0.392,3:15 And I will set hostility,1.000,YES,SCRIPTURE_LOW_CONF,
1505,3690,3703,he will strike your head,4728,4730,Use any translation you like.,0.462,he will strike your head,1.000,YES,SCRIPTURE_OK,
1507,3690,3703,"and you will strike his heel .""",2606,2609,"And Heron died before his father, Tarak.",0.515,"and you will strike his heel.""",1.000,YES,SCRIPTURE_OK,
1509,3703,3719,"However, the people would have to wait a long time until God repeats these specific notes. The Genesis Melody won't fail, but it does require waiting patiently for God’s perfect timing.",3860,3866,"However, the people would have to wait a long time until God repeats these specific notes.",1.000,"However, the people would have to wait a long time until God repeats these specific notes. The Genesis Melody won't fail, but it does require waiting patiently for God’s perfect timing.",1.000,,TEXT_CHANGED,
1514,3719,3732,Seeing the Melody in the New Testament,3195,3199,Part 3. The Melody points to Jesus.,0.535,Seeing the Melody in the New Testament,1.000,,MANUAL_REVIEW,
1516,3732,3767,"We’ll briefly pause our review of Genesis and consider The Genesis Melody as it plays out in the Gospel According to Luke. You probably know that cycle of the melody well. 3 In Luke, the story opens with God’s Spirit creating life in two impossible places of non-life: a barren womb long past childbearing and one that had never known a man. Luke starts, not just with the birth of Jesus to the virgin Mary, but with the interwoven story of John the Baptist’s birth to Zechariah and Elizabeth. The author of this story saw that even the names of the parents were significant:",3893,3907,"In Luke, the story opens with God's spirit creating life in two impossible places of non-life, a barren womb long past child bearing, and one that had never known a man.",0.447,"We’ll briefly pause our review of Genesis and consider The Genesis Melody as it plays out in the Gospel According to Luke. You probably know that cycle of the melody well.3 In Luke, the story opens with God’s Spirit creating life in two impossible places of non-life: a barren womb long past childbearing and one that had never known a man. Luke starts, not just with the birth of Jesus to the virgin Mary, but with the interwoven story of John the Baptist’s birth to Zechariah and Elizabeth. The author of this story saw that even the names of the parents were significant:",0.999,,MANUAL_REVIEW,
1529,3767,3793,"Zechariah, from the Hebrew Zakar-Yah זכר יה , means “Yahweh Remembered, zakar.” 8 It's that zakar word again, the one that means “acts on his promise.” Compare that with Genesis 8:1, “Elohim remembered, zakar, Noah” 8 or 19:29, “Yahweh remembered, zakar, Avraham.”",3931,3936,"It's the Zakar word again, the one that means axe on his promise.",0.764,"* Zechariah, from the Hebrew Zakar-Yah זכריה, means “Yahweh Remembered, zakar.”8 It's that zakar word again, the one that means “acts on his promise.” Compare that with Genesis 8:1, “Elohim remembered, zakar, Noah”8 or 19:29, “Yahweh remembered, zakar, Avraham.”",0.994,,LOW_CONFIDENCE,
1537,3793,3806,"Elizabeth, from the Hebrew Eli-Sheva אלי שבע , means “My Elohim’s Oath”. It’s that sheva, oath, word again! Compare that with 22:16, “I swear an oath (שבע sheva).”",3946,3952,Elizabeth from the Hebrew Ely Sheva means My Elohim's Oath.,0.935,"* Elizabeth, from the Hebrew Eli-Sheva אלישבע, means “My Elohim’s Oath”. It’s that sheva, oath, word again! Compare that with 22:16, “I swear an oath (שבע sheva).”",0.997,,TEXT_CHANGED,
1543,3806,3844,"Zechariah and Elizabeth are set up as clear mirrors of Avraham and Sarah, childless at a good old age. And if you put their names together, you literally have ""Yahweh Remembered His Oath from Genesis 22 !"" OK, I admit, I added that last bit. The authors who handed over source material to the gentile Luke, see Luke 1:1, saw this melody! They worked with Luke to share the Good News about Jesus to all the nations via the same Creation notes that echo Genesis, now appearing in Luke 1-2.",3961,3969,"Zachariah and Elizabeth are set up as clear mirrors of Abraham and Sarah, childless at a good old age.",0.587,,0.560,,MANUAL_REVIEW,
1554,3844,3897,"Luke's story then has a Choice in the wilderness for forty days and a matching Test in Gethsemane before the end. There is a journey with Jesus, just like Avram's journey with Yahweh, and a Division with the leaders of Israel (that's putting it lightly). Then a reply of the seventh cycle Collapse at the cross. 6 Finally, this is the most important part, what comes after a Collapse? The author of life allows His own body, His Son, to experience Collapse, from which God will… You know exactly what happened next, on the third day no less, see Genesis 22:4. The Genesis Melody has been written in Scripture for a thousand years. Jesus surely said many similar things on the road to Emmaus in Luke 24, as he ""opened the Scriptures"" to his disciples. 3",4008,4015,"There is a journey with Jesus just like Abrams' journey with Yahweh and a division with the leaders of Israel, that's putting it lightly.",0.410,,0.610,,MANUAL_REVIEW,
1573,3897,3945,"As for me, when this really sank in, it made me want to be a pattern breaker and join God’s story. I've carefully read, reflected on, and discussed His Word. I now see myself within this grand message of hope and love. I've been promised that it is possible to help bring life. I choose to live in right-relationship with Yahweh. I am part of Avraham’s seed and want to do my part in bringing blessing to the nations. Now,... how do I do it? How can I receive the Spirit, partner with God, and bring about creation, life, and blessing in my generation? It sounds complex, but the first step is actually easy,... trust Jesus, listen to His voice.",4066,4074,"I've carefully read, reflected on, and discussed His word. I now see myself within this grand message of hope and love.",0.529,"As for me, when this really sank in, it made me want to be a pattern breaker, join God’s story, and be part of the work He is doing. I've carefully read, reflected on, and discussed His Word. I now see myself within this grand message of hope and love. I've been promised that it is possible to help bring life. I choose to live in right-relationship with Yahweh. I am part of Avraham’s seed and want to do my part in bringing blessing to the nations. Now,... how do I do it? How can I receive the Spirit, partner with God, and bring about creation, life, and blessing in my generation? It sounds complex, but the first step is actually easy,... trust Jesus, listen to His voice.",0.968,,MANUAL_REVIEW,
1584,3945,3964,"No word from the Lord is unimportant, so it’s wise to study the New Testament even more diligently than the Old. When studying His word you’ll find advice/commands for life and see the path Jesus laid out for his followers for then and now.",4108,4115,No word from the Lord is unimportant. So it's wise to study the New Testament even more diligently than the Old.,0.989,,0.417,,TEXT_CHANGED+WHISPER_CHECK,
1584,3964,3982,"For example, Jesus prayed aloud His plan for us during the Last Supper, recorded in John 17:20-26. Life is an intentional choice to be united through love with God and His images. Jesus knew that we needed encouragement to avoid the Division of Relationships.",4126,4134,"For example, Jesus prayed aloud His plan for us during the last supper, recorded in John 17, 20 through 26.",0.795,,0.442,,LOW_CONFIDENCE+WHISPER_CHECK,
1584,3982,4004,"He had seen the Bible’s message play out in his generation, just like us. Perfect unity through abiding (meno) love between all the images of God, the Father, and the Son. Everything else in the Bible is an implementation detail of that simple, primary premise.",4153,4162,"Perfect unity through abiding, men, oh, love between all the images of God with the Father and the Son.",0.822,,0.413,,LOW_CONFIDENCE+WHISPER_CHECK,
1584,4004,4021,We have to choose unity in Jesus to avoid the characteristic human cycle. That plan also reminds me of something we like to say at BibleProject:,4168,4174,We have to choose unity in Jesus to avoid the characteristic human cycle.,0.986,,0.366,,TEXT_CHANGED+WHISPER_CHECK,
1586,4034,4040,"However, when I look at my life, how I use my time, where I invest my given resouces,…",4192,4202,"However, when I look at my life, how I use my time, where I invest my given resources, do I make the choice that leads to life with every little choice I make?",0.689,"However, when I look at my life, how I use my time, where I invest my given resources,…",0.994,,LOW_CONFIDENCE,
1589,4040,4045,Do I make the Choice that leads to life with every little choice I make?,4192,4202,"However, when I look at my life, how I use my time, where I invest my given resources, do I make the choice that leads to life with every little choice I make?",0.631,Do I make the Choice that leads to life with every little choice I make?,1.000,,LOW_CONFIDENCE,
1591,4045,4049,Do I contribute to Division and fear Collapse ?,4202,4212,Do I contribute to division and fear collapse? Do I have eyes to see and ears to hear God's melody? What is God clearly going to do next?,0.506,Do I contribute to Division and fear Collapse?,1.000,,MANUAL_REVIEW,
1593,4049,4053,Do I have eyes to see and ears to hear God’s melody?,4202,4212,Do I contribute to division and fear collapse? Do I have eyes to see and ears to hear God's melody? What is God clearly going to do next?,0.546,Do I have eyes to see and ears to hear God’s melody?,1.000,,MANUAL_REVIEW,
1596,4053,4057,What is God clearly going to do next?,3195,3199,Part 3. The Melody points to Jesus.,0.464,What is God clearly going to do next?,1.000,,MANUAL_REVIEW,
1600,4057,4063,"He does not prevent the Collapse, even though that seems good in our eyes",4213,4225,"He does not prevent the collapse, even though that seems good in our eyes, but instead he goes through it with us, and there will be a Genesis coming soon after.",0.629,,0.533,,LOW_CONFIDENCE+WHISPER_CHECK,
1602,4063,4069,", but instead He goes through it with us",4135,4141,Life is an intentional choice to be united through love with God and His images.,0.479,,0.493,,MANUAL_REVIEW,
1603,4069,4073,and there will be a genesis coming soon after. Will we choose to trust God in even this?,4226,4228,Will we choose to trust God and even this?,0.614,,0.606,,LOW_CONFIDENCE+WHISPER_CHECK,
1607,4073,4080,"Let the Bible reshape your understanding of the world, so that you can know|love Him more.",4229,4234,Let the Bible reshape your understanding of the world so that you can no love Him more.,0.983,,0.602,,OK+WHISPER_CHECK,
1608,4080,4091,"Make a Choice to become an image of God who receives to see good , then builds and gives in every part of the melody.",4234,4243,"Make a choice to become an image of God who receives to see good, then builds and gives in every part of the melody.",1.000,"Let the Bible reshape your understanding of the world, so that you can know|love Him more. Make a Choice to become an image of God who receives to see good, then builds and gives in every part of the melody.",0.709,,OK,
1615,4091,4120,"The melody in Genesis, of course, doesn’t end in chapter 22. If you read Matthew 24:1-14, it’s clear Jesus knew the inevitable path of typical human choices across every generation, and he prepared his disciples for what was coming. The cycle would not end even with Jesus’ resurrection.",4245,4255,"Beyond Genesis 22, after the Shathicycle, the melody and Genesis, of course, doesn't end in chapter 22.",0.776,,0.608,,LOW_CONFIDENCE+WHISPER_CHECK,
1621,4120,4134,"Something did change that day, but the difference is not what you would see with your eyes. Hearts aren’t changed in our world today either, so every generation, including ours, faces the same challenges.",4269,4278,"The cycle would not end even with Jesus' resurrection. Something did change that day, but the difference is not what you would see with your eyes.",0.881,,0.477,,TEXT_CHANGED+WHISPER_CHECK,
1625,4134,4149,"Yahweh, the one who IS, has always known the answer, and He has made it known to us through His Son, completing a test, revealing the truth. God really loves you.",4287,4297,"Yahweh, the one who is, has always known the answer, and He has made it known to us through His Son, completing a test for revealing the truth.",0.987,,0.394,,TEXT_CHANGED+WHISPER_CHECK,
1630,4149,4172,"After the mountaintop, you should also read chapter 23. It is a wonderfully symbolic story about paying the full price for the land. You can meditate with me about why that is important. How does that square with Yahweh promising to just give the land in Genesis 12:7 and 17:8? Shouldn’t we just receive the free Eden gift?",4301,4310,"After the mountaintop, you should also read chapter 23. It's a wonderfully symbolic story about paying the full price for the land.",0.914,,0.649,,TEXT_CHANGED+WHISPER_CHECK,
1636,4172,4189,"Interestingly, Avraham, like David later, declines the offer and is steadfast to pay the full price. They both refuse to make an offering/sacrifice that costs them nothing. Do I get it? Not yet",4325,4332,"Interestingly, Abraham, like David later, declines the offer and is steadfast to pay the full price.",0.674,,0.407,,LOW_CONFIDENCE+WHISPER_CHECK,
1640,4189,4197,". However, I feel like we should consider this story as significant after the 1-22 melody cycles.",4333,4346,"They both refuse to make an offering sacrifice that costs them nothing. Do I get it? Not yet. However, I feel like we should consider the story as significant after the 1-22 melody cycles.",0.657,,0.397,,LOW_CONFIDENCE+WHISPER_CHECK,
1643,4197,4248,"And the story keeps going after Genesis 23. The eighth melody cycle ends with Avraham's death and the scattering of his various sons. He takes a third wife and has six more sons in chapter 25 (oh my). The biblical authors aren’t selling “happily ever after” stories; they are communicating the choices we humans ma ke and how God works through it all (consider Jacob!). After Avraham is old and complete (sheva), he is “gathered to hi s people” in 25:8. The melody, however, continues generation after generation with Rivqah (Rebecca) and Yitskhaq (Isaac), then Jacob and Esau, Judah and Joseph, and on into our lives.",4405,4409,"He takes a third wife and has six more sons in chapter 25, oh my.",0.442,"Anyway, the story keeps going after Genesis 23. The eighth melody cycle, 22:20-25:18, ends with Avraham's death and the scattering of his various sons. He takes a third wife and has six more sons in chapter 25 (oh my). The biblical authors aren’t selling “happily ever after” stories; they are communicating the choices we humans make and how God works through it all (consider Jacob!). After Avraham is old and complete (sheva), he is “gathered to his people” in 25:8. The melody, however, continues generation after generation with Rivqah (Rebecca) and Yitskhaq (Isaac), then Jacob and Esau, Judah and Joseph, and on into our lives.",0.986,,MANUAL_REVIEW,
1656,4248,4251,Extra Sheva Observations,4446,4447,Extra Shiva observations.,0.958,Extra Sheva Observations,1.000,,HEADING_SKIP,
1658,4251,4269,"To bring this discussion full circle, let’s return to Genesis once more to see evidence that these authors, with the help of the Spirit, already realized the significance of this forward pointing message in Genesis 21-22.",4448,4465,"To bring this discussion full circle, let's return to Genesis once more to see evidence that these authors, with the help of the Spirit, already realize the significance of this forward-pointing message and Genesis 21-22.",0.984,"To bring this discussion full circle, let’s return to Genesis once more to see evidence that these authors, with the help of the Spirit, already realized the significance of this forward pointing message in Genesis 21-22.",1.000,,OK,
1665,4269,4292,"Throughout Scripture the authors regularly highlight the most important concept of a literary unit by using key repeated words, known as lead words . In this seventh cycle of the melody, which goes from the voice in the sky bringing life to Hagar and Ishmael, through the binding of Isaac, the primary lead word is clearly sheva",4477,4488,"In this 7th cycle of the melody, which goes from the voice in the sky bringing life to Hegar and Ishmael through the binding of Isaac, the primary lead word is clearly Shiva.",0.682,"Throughout Scripture the authors regularly highlight the most important concept of a literary unit by using key repeated words, known as lead words. In this seventh cycle of the melody, which goes from the voice in the sky bringing life to Hagar and Ishmael, through the binding of Isaac, the primary lead word is clearly sheva. The same Hebrew letters of sheva, שבע, form multiple Hebrew words. Think of it like the English letters lead, which has multiple meanings: lead the way, pencil lead, or leader. The Hebrew word sheva, שבע, means seven, oath, and, later, completion, making it a very significant word. Perhaps you've noticed the number 7 gets used a lot.",0.669,,LOW_CONFIDENCE+WHISPER_CHECK,
1670,4292,4313,". The same Hebrew letters of sheva, שבע, form multiple Hebrew words. Think of it like the English letters lead, which has multiple meanings: lead the way, pencil lead, or leader. The Hebrew word sheva, שבע, means seven, oath, and, later, completion, making it a very significant word. Perhaps you’ve noticed the number 7 gets used a lot.",4489,4498,"The same Hebrew letters of Shiva form multiple Hebrew words. Think of it like the English letters for the word lead, which has multiple meetings.",0.735,"Throughout Scripture the authors regularly highlight the most important concept of a literary unit by using key repeated words, known as lead words. In this seventh cycle of the melody, which goes from the voice in the sky bringing life to Hagar and Ishmael, through the binding of Isaac, the primary lead word is clearly sheva. The same Hebrew letters of sheva, שבע, form multiple Hebrew words. Think of it like the English letters lead, which has multiple meanings: lead the way, pencil lead, or leader. The Hebrew word sheva, שבע, means seven, oath, and, later, completion, making it a very significant word. Perhaps you've noticed the number 7 gets used a lot.",0.662,,LOW_CONFIDENCE+WHISPER_CHECK,
1672,4318,4361,"The sheva theme is everywhere in this melody cycle. The Creation notes opens with Hagar and Ishmael at Beer-Sheva, the Well of Seven. The middle section with Avimelek takes place at Beer-Sheva, centered on an oath, a sheva. Then, after the mountain in Moriah, the literary unit ends with Avraham dwelling in Beer-Sheva. The start, middle, and end are all at Beer-Sheva. Everything points to Yahweh’s culminating sheva, His oath. In addition to the location, there are more sheva words used in Genesis 21-22 than you might guess. The numbers tell the story:",4531,4541,"Then after the mountain in Mariah, the literary unit ends with Abraham dwelling at Bear Shiva. The start, middle, and end are all at Bear Shiva.",0.499,"The sheva theme is everywhere in this melody cycle. The Creation notes opens with Hagar and Ishmael at Beer-Sheva, the Well of Seven. The middle section with Avimelek takes place at Beer-Sheva, centered on an oath, a sheva. Then, after the mountain in Moriah, the literary unit ends with Avraham dwelling in Beer-Sheva. The start, middle, and end are all at Beer-Sheva. Everything points to Yahweh's culminating sheva, His oath. In addition to the location, there are more sheva words used in Genesis 21-22 than you might guess. The numbers tell the story:",1.000,,MANUAL_REVIEW,
1681,4361,4376,And if you focus on only the use of sheva words in cycles 3-7 with Avraham it becomes clear that the authors have intentionally marked this round of the melody as the Sheva Cycle.,4563,4575,"If you focus on only the use of Shiva words in cycles 3-7 with Abraham, it becomes clear that the authors have intentionally marked this round of the melody as the Shiva cycle.",0.971,And if you focus on only the use of sheva words in cycles three to seven with Avraham it becomes clear that the authors have intentionally marked this round of the melody as the Sheva Cycle.,0.956,,OK,
1683,4376,4397,"By modern writing standards, the repeated use of sheva borders on excessive, but that’s exactly the point. Listeners would hear the word as prominent. Let’s look at one example from Genesis 21:28-32, a “seemingly” insignificant passage.",4586,4593,"By modern standards, the repeated use of Shiva borders on excessive, but that's exactly the point.",0.738,,0.517,,LOW_CONFIDENCE+WHISPER_CHECK,
1685,4433,4439,"The authors use extra sheva, שבע, words surrounding being a witness . That’ll preach!",4663,4668,"The authors use extra Shiva words surrounding being a witness, that'll breach.",0.948,"The authors use extra sheva, שבע, words surrounding being a witness. That’ll preach!",1.000,,TEXT_CHANGED,
1688,4439,4454,"I’ll let you be the judge, did these authors realize this was also the seventh cycle of the melody if you’ve been counting from the beginning? It is the highly structured Word of God given to us by humans working with the Spirit after all. 1",4670,4676,"I'll let you judge, did these authors realize this was also the seventh cycle, the melody if you've been counting from the beginning?",0.735,"I’ll let you be the judge, did these authors realize this was also the seventh cycle of the melody if you’ve been counting from the beginning? How did they know, even then, to write the text in this way? It is the highly structured Word of God given to us by humans working with the Spirit after all.1 The seventh culminating oath cycle points to Jesus like none other. I’m beginning to believe Luke 24 that this whole story is about Him.",0.709,,LOW_CONFIDENCE,
1688,4454,4467,The seventh culminating oath cycle points to Jesus like none other. I’m beginning to believe Luke 24 that this whole story is about Jesus.,4689,4694,The seventh culminating oath cycle points to Jesus like none other.,0.970,,0.463,,TEXT_CHANGED+WHISPER_CHECK,
1689,4467,4469,Your Next Steps,4702,4703,Your next steps.,1.000,Your Next Steps,1.000,,HEADING_SKIP,
1690,4469,4529,"To learn more about the melody, if you can find a group of people that like to read the Bible, don’t passively read anything else from us. Go do it! 4 Read directly from God what the Spirit has breathed. 11 Grab a friend, sit down with your family, or work with a small group to read Genesis 1-23 again, listening for the melody woven throughout these narratives. Use any translation you like. For my group, we use the BibleProject Classroom translations. They are colorful, hyperliteral translations that help us see the structure behind the Wisdom of God. In the past, we have used a website I made, https://thegenesismelody.web.app/reader , which links to those Classroom translations. Today, however, they are available in a new beautiful format right within the BibleProject app. We hope you and your group can DELIGHT in using it (inside joke, just go with it).",4704,4713,"To learn more about the melody, if you can find a group of people that like to read the Bible, don't passively read anything from us, go do it!",0.371,"To learn more about the melody, if you can find a group of people that like to read the Bible, don’t passively read anything else from us. Go do it!4 Read directly from God what the Spirit has breathed.11 Grab a friend, sit down with your family, or work with a small group to read Genesis 1-23 again, listening for the melody woven throughout these narratives. Use any translation you like. For my group, we use the BibleProject Classroom translations. They are colorful, hyperliteral translations that help us see the structure behind the Wisdom of God. In the past, we have used a website I made, https://thegenesismelody.web.app/avraham.html, which links to those Classroom translations. Today, however, they are available in a new beautiful format right within the BibleProject app.  We hope you and your group can DELIGHT in using it (inside joke, just go with it).",0.989,,MANUAL_REVIEW,
1708,4529,4557,"If you do find yourself in a situation where you don’t have people around you today that you can read the Bible with, then spend time watching and learning from the Genesis Classroom courses. Start at the beginning with Heaven and Earth and make sure you get all the way to Jacob , then re-read this guide. They will change the way you read the rest of the story! Just visit https://bibleproject.com/classroom/ on the website or use our mobile app.",4760,4771,"If you do find yourself in a situation where you don't have people around you today that you can read the Bible with, then spend time watching and learning from the Genesis Classroom courses.",0.817,"If you do find yourself in a situation where you don’t have people around you today that you can read the Bible with, then spend time watching and learning from the Genesis Classroom courses. Start at the beginning with Heaven and Earth and make sure you get all the way to Jacob, then re-read this guide. They will change the way you read the rest of the story! Just visit https://bibleproject.com/classroom/ on the website or use our mobile app.",1.000,,LOW_CONFIDENCE,
1718,4557,4577,"Have fun falling in love with these amazing, and sometimes challenging, texts. When you approach the rest of the Hebrew Bible and the New Testament, what you get out of it depends a lot on the reading skills you have developed. Becoming a better community of receivers takes work, but it’s worth it.",4790,4795,Have fun following them love with these amazing and sometimes challenging texts.,0.734,,0.540,,LOW_CONFIDENCE+WHISPER_CHECK,
1724,4577,4602,"We all learn differently, but establish a foundation with the Bible’s introduction and it will help so many stories lock into place. For example, when you read in John 20:22 that Jesus “breathed on them,” you’ll see even more. Why did he breathe on them? That’s weird right? Nope.",4811,4819,"We all learn differently, but establish a foundation with the Bible's introduction, and it will help so many stories lock into place.",0.991,,0.505,,TEXT_CHANGED+WHISPER_CHECK,
1730,4602,4618,"Jesus knows The Genesis Melody. He is symbolically replaying Creation and empowering them to live it out. His Ruakh will be with the remnant as they partner with Him to bring about creation, life, and blessing to the next generation.",4830,4850,"Nope. Jesus knows the Genesis melody. He is symbolically replaying creation and empowering them to live it out. His Rua will be with the remnant as they partner with Him to bring about creation, life, and blessing to the next generation.",0.985,,0.449,,OK+WHISPER_CHECK,
1737,4618,4646,"By spending time meditating on the Bible’s introduction, we’ve already begun to know|love Him more. Of course, real change comes when you personally partner with God and live it out by loving your neighbor, the image of God sitting right next to you. This is a test we all know is coming. What will it reveal in you that is already present?",4851,4858,"By spending time meditating on the Bible's introduction, we've already begun to know love Him more.",0.845,"By spending time meditating on the Bible’s introduction, we’ve already begun to know|love Him more. Of course, real change comes when you personally partner with God and live it out by loving your neighbor, the image of God sitting right next to you. This is a test we all know is coming. What will it reveal in you that is already present?",1.000,,LOW_CONFIDENCE,
1745,4646,4648,Closing Thoughts,4298,4299,God really loves you.,0.333,Closing Thoughts,1.000,,HEADING_SKIP,
1746,4648,4650,A Short Farewell Prayer,4321,4323,Shouldn't we just receive the free gift?,0.361,A Short Farewell Prayer,1.000,,HEADING_SKIP,
1748,4650,4657,As the thief said on the cross:,4016,4020,Then a replay of the seventh cycle collapse at the cross.,0.512,As the thief said on the cross:,1.000,,MANUAL_REVIEW,
1749,4650,4657,"Jesus, remember 8 us when You come into Your kingdom.",4877,4888,"Closing thoughts, a short farewell prayer, as the thief sat on the cross, Jesus, remember us when you come into your kingdom.",0.573,"Jesus, remember8 us when You come into Your kingdom.",0.990,,MANUAL_REVIEW,
1752,4657,4660,We choose to follow you. Let’s do it again!,4889,4893,We choose to follow you. Let's do it again.,1.000,We choose to follow you. Let’s do it again!,1.000,,OK,
